<?xml version="1.0" encoding="utf-8" ?>
<Defs>

	<SoundDef>
		<defName>kotorsound_upgrade</defName>	
		<context>MapOnly</context>
		<eventNames />	
		<maxSimultaneous>1</maxSimultaneous>	
		<subSounds>
			<li>
				<grains>
					<li Class="AudioGrain_Clip">
						<clipPath>kotorGUI/gui_upgrade</clipPath>
					</li>
				</grains>	
				<volumeRange>
				<min>45</min>        
				<max>45</max>
				</volumeRange>  		
				<pitchRange>
					<min>1</min>				
					<max>1</max>
				</pitchRange>			
				<sustainLoop>False</sustainLoop>
			</li>
		</subSounds>
	</SoundDef>


</Defs>