<?xml version="1.0" encoding="utf-8" ?>
<Defs>


		
	<SoundDef>
		<defName>kotorsound_flamethrower</defName>	
		<context>MapOnly</context>
		<eventNames />	
		<maxSimultaneous>1</maxSimultaneous>
		<subSounds>
			<li>
				<grains>
					<li Class="AudioGrain_Clip">
						<clipPath>kotorblasters/v_bem_flamespray</clipPath>
					</li>
				</grains>	
				<volumeRange>
				<min>45</min>        
				<max>45</max>
				</volumeRange>  		
				<pitchRange>
					<min>0.8</min>				
					<max>1.2</max>
				</pitchRange>			
				<sustainLoop>False</sustainLoop>
			</li>
		</subSounds>
	</SoundDef>
	
	<SoundDef>
		<defName>kotorsound_ionbeam</defName>	
		<context>MapOnly</context>
		<eventNames />	
		<maxSimultaneous>1</maxSimultaneous>	
		<sustain>true</sustain>
		<priorityMode>PrioritizeNearest</priorityMode>
		<subSounds>
			<li>
				<grains>
					<li Class="AudioGrain_Clip">
						<clipPath>kotorblasters/v_bem_droiddisbl</clipPath>
					</li>
				</grains>	
				<volumeRange>
				<min>45</min>        
				<max>45</max>
				</volumeRange>  		
				<pitchRange>
					<min>0.8</min>				
					<max>1.2</max>
				</pitchRange>			
			</li>
		</subSounds>
	</SoundDef>
	
	<SoundDef>
		<defName>kotorsound_disbeam</defName>	
		<context>MapOnly</context>
		<eventNames />	
		<maxSimultaneous>1</maxSimultaneous>	
		<sustain>true</sustain>
		<priorityMode>PrioritizeNearest</priorityMode>
		<subSounds>
			<li>
				<grains>
					<li Class="AudioGrain_Clip">
						<clipPath>kotorblasters/dis_alt_fire</clipPath>
					</li>
				</grains>	
				<volumeRange>
				<min>45</min>        
				<max>45</max>
				</volumeRange>  		
				<pitchRange>
					<min>0.8</min>				
					<max>1.2</max>
				</pitchRange>			
			</li>
		</subSounds>
	</SoundDef>
	
	<SoundDef>
		<defName>kotorsound_stunbeam</defName>	
		<context>MapOnly</context>
		<eventNames />	
		<maxSimultaneous>1</maxSimultaneous>	
		<sustain>true</sustain>
		<priorityMode>PrioritizeNearest</priorityMode>
		<subSounds>
			<li>
				<grains>
					<li Class="AudioGrain_Clip">
						<clipPath>kotorblasters/v_bem_stunray</clipPath>
					</li>
				</grains>	
				<volumeRange>
				<min>45</min>        
				<max>45</max>
				</volumeRange>  		
				<pitchRange>
					<min>0.8</min>				
					<max>1.2</max>
				</pitchRange>			
			</li>
		</subSounds>
	</SoundDef>
	
	<SoundDef>
		<defName>kotorsound_healbeam</defName>	
		<context>MapOnly</context>
		<eventNames />
		<maxSimultaneous>1</maxSimultaneous>	
		<sustain>true</sustain>
		<priorityMode>PrioritizeNearest</priorityMode>
		<subSounds>
			<li>
				<grains>
					<li Class="AudioGrain_Clip">
						<clipPath>kotorblasters/v_bem_ionray</clipPath>
					</li>
				</grains>	
				<volumeRange>
				<min>45</min>        
				<max>45</max>
				</volumeRange>  		
				<pitchRange>
					<min>0.8</min>				
					<max>1.2</max>
				</pitchRange>			
			</li>
		</subSounds>
	</SoundDef>
	
	<SoundDef>
		<defName>kotorsound_radiationbeam</defName>	
		<context>MapOnly</context>
		<eventNames />
		<maxSimultaneous>1</maxSimultaneous>	
		<sustain>true</sustain>
		<priorityMode>PrioritizeNearest</priorityMode>
		<subSounds>
			<li>
				<grains>
					<li Class="AudioGrain_Clip">
						<clipPath>kotorblasters/v_bem_drainlife</clipPath>
					</li>
				</grains>	
				<volumeRange>
				<min>45</min>        
				<max>45</max>
				</volumeRange>  		
				<pitchRange>
					<min>0.8</min>				
					<max>1.2</max>
				</pitchRange>			
			</li>
		</subSounds>
	</SoundDef>
	
	
	


	
</Defs>