<?xml version="1.0" encoding="utf-8" ?>
<Patch>

	<Operation Class="PatchOperationReplace">
	  <xpath>Defs/ThingDef[defName="guy762_LgtCannon_m_highex"]/comps</xpath>
	  <value>
		<comps>
			<li Class="MVCF.Comps.CompProperties_VerbGiver">
				<verbProps>
					<li>
						<label>high-ex missile launcher</label>
						<visualLabel>high-ex missile launcher</visualLabel>
						<canBeToggled>true</canBeToggled>
						<description>A mounted high-ex missile launcher.</description>
					</li>
				</verbProps>
			</li>
			<li Class="CompProperties_Reloadable">
				<maxCharges>5</maxCharges>
				<hotKey>Misc4</hotKey>
				<chargeNoun>missile</chargeNoun>
				<displayGizmoWhileUndrafted>false</displayGizmoWhileUndrafted>
				<destroyOnEmpty>false</destroyOnEmpty>
				<ammoDef>guy762_RocketItem_highex</ammoDef>
				<ammoCountToRefill>5</ammoCountToRefill>
			  </li>
			  <li Class="CompProperties_Explosive">
				<explosiveRadius>6</explosiveRadius>
				<explosiveDamageType>guy762_GrenadeDamage_frag</explosiveDamageType>
				<requiredDamageTypeToExplode>Flame</requiredDamageTypeToExplode>
			  </li>
		</comps>
	  </value>
	</Operation>
	
	
	
	<Operation Class="PatchOperationReplace">
	  <xpath>Defs/ThingDef[defName="guy762_LgtCannon_m_plasma"]/comps</xpath>
	  <value>
		<comps>
			<li Class="MVCF.Comps.CompProperties_VerbGiver">
				<verbProps>
					<li>
						<label>plasma missile launcher</label>
						<visualLabel>plasma missile launcher</visualLabel>
						<canBeToggled>true</canBeToggled>
						<description>A mounted plasma missile launcher.</description>
					</li>
				</verbProps>
			</li>
			<li Class="CompProperties_Reloadable">
				<maxCharges>5</maxCharges>
				<hotKey>Misc4</hotKey>
				<chargeNoun>missile</chargeNoun>
				<displayGizmoWhileUndrafted>false</displayGizmoWhileUndrafted>
				<destroyOnEmpty>false</destroyOnEmpty>
				<ammoDef>guy762_RocketItem_plasma</ammoDef>
				<ammoCountToRefill>5</ammoCountToRefill>
			  </li>
			  <li Class="CompProperties_Explosive">
				<explosiveRadius>10</explosiveRadius>
				<explosiveDamageType>guy762_GrenadeDamage_plasma</explosiveDamageType>
				<requiredDamageTypeToExplode>Flame</requiredDamageTypeToExplode>
			  </li>
		</comps>
	  </value>
	</Operation>
	
	
	
	<Operation Class="PatchOperationReplace">
	  <xpath>Defs/ThingDef[defName="guy762_LgtCannon_m_ion"]/comps</xpath>
	  <value>
		<comps>
			<li Class="MVCF.Comps.CompProperties_VerbGiver">
				<verbProps>
					<li>
						<label>ion missile launcher</label>
						<visualLabel>ion missile launcher</visualLabel>
						<canBeToggled>true</canBeToggled>
						<description>A mounted ion missile launcher.</description>
					</li>
				</verbProps>
			</li>
			<li Class="CompProperties_Reloadable">
				<maxCharges>5</maxCharges>
				<hotKey>Misc4</hotKey>
				<chargeNoun>missile</chargeNoun>
				<displayGizmoWhileUndrafted>false</displayGizmoWhileUndrafted>
				<destroyOnEmpty>false</destroyOnEmpty>
				<ammoDef>guy762_RocketItem_ion</ammoDef>
				<ammoCountToRefill>5</ammoCountToRefill>
			  </li>
			  <li Class="CompProperties_Explosive">
				<explosiveRadius>5</explosiveRadius>
				<explosiveDamageType>guy762_GrenadeDamage_ion</explosiveDamageType>
				<requiredDamageTypeToExplode>Flame</requiredDamageTypeToExplode>
			  </li>
		</comps>
	  </value>
	</Operation>
	
	
	
	<Operation Class="PatchOperationReplace">
	  <xpath>Defs/ThingDef[defName="guy762_LgtCannon_m_buster"]/comps</xpath>
	  <value>
		<comps>
			<li Class="MVCF.Comps.CompProperties_VerbGiver">
				<verbProps>
					<li>
						<label>Buster missile launcher</label>
						<visualLabel>Buster missile launcher</visualLabel>
						<canBeToggled>true</canBeToggled>
						<description>A mounted Buster missile launcher.</description>
					</li>
				</verbProps>
			</li>
			<li Class="CompProperties_Reloadable">
				<maxCharges>5</maxCharges>
				<hotKey>Misc4</hotKey>
				<chargeNoun>missile</chargeNoun>
				<displayGizmoWhileUndrafted>false</displayGizmoWhileUndrafted>
				<destroyOnEmpty>false</destroyOnEmpty>
				<ammoDef>guy762_RocketItem_buster</ammoDef>
				<ammoCountToRefill>5</ammoCountToRefill>
			  </li>
			  <li Class="CompProperties_Explosive">
				<explosiveRadius>6</explosiveRadius>
				<explosiveDamageType>guy762_GrenadeDamage_frag</explosiveDamageType>
				<requiredDamageTypeToExplode>Flame</requiredDamageTypeToExplode>
			  </li>
		</comps>
	  </value>
	</Operation>
	
	
</Patch>