﻿<?xml version="1.0" encoding="utf-8"?>
<Defs>


  <TraderKindDef>
    <defName>guy762_TraderKind_droids</defName>
    <label>droid dealer</label>
    <orbital>true</orbital>
	<!--faction>ScumAndVillainy</faction-->
    <commonalityMultFromPopulationIntent>
      <points>
        <li>(0.2, 0)</li>
        <li>(1,   1)</li>
        <li>(2,   3)</li>
      </points>
    </commonalityMultFromPopulationIntent>
    <stockGenerators>

	  <!-- CURRENCY -->
      <li Class="StockGenerator_SingleDef">
        <thingDef>Silver</thingDef>
        <countRange>1500~3000</countRange>
      </li>
	  <li Class="StockGenerator_SingleDef">
        <thingDef>Gold</thingDef>
        <countRange>50~200</countRange>
      </li>
	  
	  <li MayRequire ="MG.KnightsOfTheOuterRim" Class="StockGenerator_SingleDef">
		<thingDef>guy762_KotORcredits</thingDef>
		<countRange>25000~50000</countRange>
	  </li>
	  <li MayRequire ="MG.KnightsOfTheOuterRim" Class="StockGenerator_BuyTradeTag">
		<tag>guy762TT_credits</tag>
	  </li>
	  
	  
	  
	  <!-- droids -->
		
		
		<li Class="ATReforged.StockGenerator_Drones">
			<countRange>4~8</countRange>
			<droneKinds> <!-- common droids -->
				<li>KotORDroidColonist_3CUD</li>
				<li>KotORDroidColonist_R8009UD</li>
				<li>KotORDroidColonist_GE3LD</li>
				<li>KotORDroidColonist_KX12UPD</li>
				<li>KotORDroidColonist_MPDMkI</li>
				<li>KotORDroidColonist_KM1MD</li>
				<li>KotORDroidColonist_DevWD</li>
			</droneKinds>
		</li>
		
		<li Class="ATReforged.StockGenerator_Drones">
			<countRange>2~4</countRange>
			<droneKinds> <!-- uncommon droids -->
				<li>KotORDroidColonist_GE3PD</li>
				<li>KotORDroidColonist_KM1HMD</li>
				<li>KotORDroidColonist_SentWD</li>
			</droneKinds>
		</li>
		
		<li Class="ATReforged.StockGenerator_Drones">
			<countRange>0~1</countRange>
			<droneKinds> <!-- rare droids -->
				<li>KotORDroidColonist_T3UD</li>
				<li>KotORDroidColonist_ITUD</li>
				<li>KotORDroidColonist_ADMkI</li>
			</droneKinds>
		</li>
	  
	  
      <li Class="StockGenerator_SingleDef">
        <thingDef>ComponentIndustrial</thingDef>
        <countRange>22~45</countRange>
      </li>
	  <li Class="StockGenerator_SingleDef">
        <thingDef>ComponentSpacer</thingDef>
        <countRange>5~10</countRange>
      </li>
	  
	  <li Class="StockGenerator_SingleDef">
        <thingDef>TechprofSubpersonaCore</thingDef>
        <countRange>0~1</countRange>
      </li>
	  
	  

      
      <!-- ATR/MHC stuff -->
	  
		<li Class="StockGenerator_SingleDef">
			<thingDef>MHC_CoolantPack</thingDef>
			<countRange>20~100</countRange>
		</li>
		<li Class="StockGenerator_SingleDef">
			<thingDef>MHC_LubricationPack</thingDef>
			<countRange>40~200</countRange>
		</li>
		<li Class="StockGenerator_SingleDef">
			<thingDef>MHC_PartPack</thingDef>
			<countRange>8~40</countRange>
		</li>
		<li Class="StockGenerator_SingleDef">
			<thingDef>MHC_RepairStimSimple</thingDef>
			<countRange>20~80</countRange>
		</li>
		<li Class="StockGenerator_SingleDef">
			<thingDef>MHC_RepairStimIntermediate</thingDef>
			<countRange>5~20</countRange>
		</li>
		<li Class="StockGenerator_SingleDef">
			<thingDef>MHC_RepairStimAdvanced</thingDef>
			<countRange>5~30</countRange>
		</li>
		
			
			
      <!-- Apparel -->
	  
	  
	  <li Class="StockGenerator_Tag">
        <tradeTag>guy762TT_DroidArmor</tradeTag>
        <thingDefCountRange>5~6</thingDefCountRange>
        <countRange>1~3</countRange>
      </li>
	  
	  <li Class="StockGenerator_Tag">
        <tradeTag>guy762TT_DroidUpgrades</tradeTag>
        <thingDefCountRange>3~6</thingDefCountRange>
        <countRange>1~2</countRange>
      </li>
	  
	  
	  <li Class="StockGenerator_Tag">
        <tradeTag>guy762TT_DroidWeapons_utility</tradeTag>
        <thingDefCountRange>2~4</thingDefCountRange>
        <countRange>1~3</countRange>
      </li>
	  
	  <li Class="StockGenerator_Tag">
        <tradeTag>guy762TT_DroidWeapons_light</tradeTag>
        <thingDefCountRange>1~3</thingDefCountRange>
        <countRange>0~2</countRange>
      </li>
	  
	  <li Class="StockGenerator_Tag">
        <tradeTag>guy762TT_DroidWeapons_heavy</tradeTag>
        <thingDefCountRange>0~2</thingDefCountRange>
        <countRange>0~1</countRange>
      </li>
	  
	  <li Class="StockGenerator_Tag">
        <tradeTag>guy762TT_DroidShields</tradeTag>
        <thingDefCountRange>2~5</thingDefCountRange>
        <countRange>1~3</countRange>
      </li>
	  
	  <li Class="StockGenerator_Tag">
        <tradeTag>guy762TT_DroidConsumables</tradeTag>
        <thingDefCountRange>3~5</thingDefCountRange>
        <countRange>5~10</countRange>
      </li>
	  
	  
	  
	  
	  <li Class="StockGenerator_Tag">
        <tradeTag>guy762TT_LightCannons</tradeTag>
        <thingDefCountRange>0~1</thingDefCountRange>
        <countRange>0~1</countRange>
      </li>
	  
	  <li Class="StockGenerator_Tag">
        <tradeTag>guy762TT_HeavyShields</tradeTag>
        <thingDefCountRange>1~3</thingDefCountRange>
        <countRange>0~1</countRange>
      </li>
	  
	  
	  
	  
	  
	  
	  

      <!-- Buildings -->
      <li Class="StockGenerator_Tag">
        <tradeTag>guy762TT_KotORWorkbench</tradeTag>
        <thingDefCountRange>1~2</thingDefCountRange>
        <countRange>0~1</countRange>
      </li>
	  
	  <li Class="StockGenerator_SingleDef">
		<thingDef>MHC_ChargingStation</thingDef>
		<countRange>2~3</countRange>
	  </li>
      
      <!-- Exotic -->
      
      <!-- Slaves -->
      
      <!-- Animals -->
      
      <!-- Buying -->
      <li Class="StockGenerator_BuyExpensiveSimple" />
      <li Class="StockGenerator_BuyTradeTag"><tag>ImplantEmpireCommon</tag></li>
      <li Class="StockGenerator_BuyTradeTag"><tag>ImplantEmpireRoyal</tag></li>
      <li Class="StockGenerator_BuyTradeTag"><tag>PsylinkNeuroformer</tag></li>

    </stockGenerators>
  </TraderKindDef>
  
  
</Defs>
