﻿<?xml version="1.0" encoding="utf-8" ?>
<Defs>
  
  
  <ThingDef Name="guy762_DroidArmorMakeable" ParentName="guy762_armorbase_hard" Abstract="True">
		<recipeMaker>
			<researchPrerequisite>guy762_ResearchKotOR_droidarmor</researchPrerequisite>
			<recipeUsers>
				<li>ATR_MechPartWorkbench</li>
			</recipeUsers>
		</recipeMaker>
	</ThingDef>
	
	<ThingDef Name="KotORDroidArmor" Abstract="True" ParentName="guy762_apparelbase">
		<statBases>
		    <WorkToMake>100</WorkToMake>
		    <!--StuffEffectMultiplierArmor>-0.1</StuffEffectMultiplierArmor>
			<ArmorRating_Sharp>0.1</ArmorRating_Sharp>
			<ArmorRating_Blunt>-0.05</ArmorRating_Blunt>
			<ArmorRating_Heat>0.15</ArmorRating_Heat-->
			<ArmorRating_Sharp>0.20</ArmorRating_Sharp>
			<ArmorRating_Blunt>0.15</ArmorRating_Blunt>
			<ArmorRating_Heat>0.25</ArmorRating_Heat>
			<Insulation_Cold>5</Insulation_Cold>
			<Insulation_Heat>5</Insulation_Heat>
		</statBases>
		<apparel>
			<defaultOutfitTags Inherit="False">
				<li>Soldier</li>
			</defaultOutfitTags>
			<countsAsClothingForNudity>true</countsAsClothingForNudity>
			<careIfWornByCorpse>true</careIfWornByCorpse>
			<careIfDamaged>true</careIfDamaged>
		</apparel>
		<thingCategories>
		  <li>guy762_ApparelDroid</li>
		</thingCategories>
		<comps>
			<li Class="CompProperties_Forbiddable" />
			<li>
				<compClass>CompColorable</compClass>
			</li>
		</comps>
	  </ThingDef>
  
  
  <ThingDef ParentName="guy762_DroidArmorMakeable">
    <defName>guy762_DroidArmorLte</defName>
    <label>Class I droid armor</label>
    <description>A thin sheet of metallic plating is a relatively inexpensive way to improve a droid's chance of surviving combat. This model is an excellent option for light-duty droids.</description>
    <graphicData>
      <texPath>Items/droidarmor/droidarmor_light_stuffable</texPath>
      <graphicClass>Graphic_Single</graphicClass>
	  <drawSize>0.8</drawSize>
    </graphicData>
    <techLevel>Spacer</techLevel>
	<thingCategories>
      <li>guy762_ApparelDroid</li>
    </thingCategories>
    <statBases>
      <Mass>5</Mass>
      <EquipDelay>25</EquipDelay>
      <MarketValue>175</MarketValue>
	  <MaxHitPoints>225</MaxHitPoints>
	  <StuffEffectMultiplierArmor>0.3</StuffEffectMultiplierArmor>
	  <WorkToMake>10000</WorkToMake>
    </statBases>
	<equippedStatOffsets>
		<IncomingDamageFactor>-0.05</IncomingDamageFactor>
	</equippedStatOffsets>
	
	<recipeMaker>
      <skillRequirements>
			<Crafting>5</Crafting>
		</skillRequirements>
    </recipeMaker>
	<stuffCategories>
		<li>Metallic</li>
	</stuffCategories>
	<costStuffCount>60</costStuffCount>
    <apparel>
      <countsAsClothingForNudity>false</countsAsClothingForNudity>
      <careIfWornByCorpse>false</careIfWornByCorpse>
      <careIfDamaged>false</careIfDamaged>
      <ignoredByNonViolent>true</ignoredByNonViolent>
      <wearPerDay>0</wearPerDay>
      <bodyPartGroups>
		<li>FullHead</li>
		<li>Neck</li>
		<li>Torso</li>
		<li>Shoulders</li>
		<li>Arms</li>
		<li>Hands</li>
		<li>Legs</li>
		<li>Feet</li>
	  </bodyPartGroups>
      <layers>
        <li>OnSkin</li>
		<li>Middle</li>
		<li>Overhead</li>
      </layers>
	  <tags>
		<li>EVA</li>
		<li>KotORDroidArmorT1</li>
		<li>KotORDroidArmorT1_stuffable</li>
	  </tags>
    </apparel>
	<tradeTags>
      <li>guy762TT_DroidEquipment</li>
	  <li>guy762TT_DroidArmor</li>
    </tradeTags>
  </ThingDef>
  
  
  
  <ThingDef ParentName="KotORDroidArmor">
    <defName>guy762_DroidArmorLte_env</defName>
    <label>Class I droid environmental plating</label>
    <description>This plating kit provides an inexpensive way to protect smaller utility droids against temperature extremes.</description>
    <graphicData>
      <texPath>Items/droidarmor/droidarmor_light_env</texPath>
      <graphicClass>Graphic_Single</graphicClass>
	  <drawSize>0.8</drawSize>
    </graphicData>
    <techLevel>Spacer</techLevel>
    <statBases>
      <Mass>5</Mass>
      <EquipDelay>25</EquipDelay>
      <MarketValue>300</MarketValue>
      <MaxHitPoints>225</MaxHitPoints>
	  <ArmorRating_Sharp>0.35</ArmorRating_Sharp>
	  <ArmorRating_Blunt>0.2</ArmorRating_Blunt>
	  <ArmorRating_Heat>0.45</ArmorRating_Heat>
	  <Insulation_Cold>100</Insulation_Cold>
      <Insulation_Heat>100</Insulation_Heat>
    </statBases>
	<equippedStatOffsets>
		<IncomingDamageFactor>-0.05</IncomingDamageFactor>
	</equippedStatOffsets>
	
	<smeltable>false</smeltable>
    <apparel>
      <countsAsClothingForNudity>false</countsAsClothingForNudity>
      <careIfWornByCorpse>false</careIfWornByCorpse>
      <careIfDamaged>false</careIfDamaged>
      <ignoredByNonViolent>true</ignoredByNonViolent>
      <wearPerDay>0</wearPerDay>
      <bodyPartGroups>
		<li>FullHead</li>
		<li>Neck</li>
		<li>Torso</li>
		<li>Shoulders</li>
		<li>Arms</li>
		<li>Hands</li>
		<li>Legs</li>
		<li>Feet</li>
	  </bodyPartGroups>
      <layers>
        <li>OnSkin</li>
		<li>Middle</li>
		<li>Overhead</li>
      </layers>
	  <tags>
		<li>EVA</li>
		<li>KotORDroidArmorT1</li>
		<li>KotORDroidArmorT1_weak</li>
		<li>KotORDroidArmorT1_miningdroid</li>
	  </tags>
    </apparel>
	<tradeTags>
      <li>guy762TT_DroidEquipment</li>
	  <li>guy762TT_DroidArmor</li>
    </tradeTags>
  </ThingDef>
  
  <ThingDef ParentName="KotORDroidArmor">
    <defName>guy762_DroidArmorLte_desh</defName>
    <label>Class I droid Desh plating</label>
    <description>Desh is a very flexible, but less sturdy metal. When combined with another metal, it provides cost-effective way to protect droids. This armor uses a desh and maranium alloy that cuts the weight and expense, but at a cost to the durability.</description>
    <graphicData>
      <texPath>Items/droidarmor/droidarmor_light_desh</texPath>
      <graphicClass>Graphic_Single</graphicClass>
	  <drawSize>0.8</drawSize>
    </graphicData>
    <techLevel>Spacer</techLevel>
    <statBases>
      <Mass>3</Mass>
      <EquipDelay>25</EquipDelay>
      <MarketValue>770</MarketValue>
      <MaxHitPoints>100</MaxHitPoints>
	  <ArmorRating_Sharp>0.35</ArmorRating_Sharp>
	  <ArmorRating_Blunt>0.2</ArmorRating_Blunt>
	  <ArmorRating_Heat>0.45</ArmorRating_Heat>
    </statBases>
	<equippedStatOffsets>
		<MoveSpeed>0.1</MoveSpeed>
		<MeleeDodgeChance>0.1</MeleeDodgeChance>
		<IncomingDamageFactor>-0.05</IncomingDamageFactor>
	</equippedStatOffsets>
	
	<smeltable>false</smeltable>
    <apparel>
      <countsAsClothingForNudity>false</countsAsClothingForNudity>
      <careIfWornByCorpse>false</careIfWornByCorpse>
      <careIfDamaged>false</careIfDamaged>
      <ignoredByNonViolent>true</ignoredByNonViolent>
      <wearPerDay>0</wearPerDay>
      <bodyPartGroups>
		<li>FullHead</li>
		<li>Neck</li>
		<li>Torso</li>
		<li>Shoulders</li>
		<li>Arms</li>
		<li>Hands</li>
		<li>Legs</li>
		<li>Feet</li>
	  </bodyPartGroups>
      <layers>
        <li>OnSkin</li>
		<li>Middle</li>
		<li>Overhead</li>
      </layers>
	  <tags>
		<li>EVA</li>
		<li>KotORDroidArmorT1</li>
		<li>KotORDroidArmorT1_weak</li>
		<li>KotORDroidArmorT1_gladiator</li>
	  </tags>
    </apparel>
	<tradeTags>
      <li>guy762TT_DroidEquipment</li>
	  <li>guy762TT_DroidArmor</li>
    </tradeTags>
  </ThingDef>
  
  
  
  <ThingDef ParentName="KotORDroidArmor">
    <defName>guy762_DroidArmorLte_czerka</defName>
    <label>Class I Czerka droid armor</label>
    <description>This inexpensive, streamlined armor is standard-issue on all Czerka Corporation utility droids.</description>
    <graphicData>
      <texPath>Items/droidarmor/droidarmor_light_czerka</texPath>
      <graphicClass>Graphic_Single</graphicClass>
	  <drawSize>0.8</drawSize>
    </graphicData>
    <techLevel>Spacer</techLevel>
    <statBases>
      <Mass>5</Mass>
      <EquipDelay>25</EquipDelay>
      <MarketValue>500</MarketValue>
      <MaxHitPoints>225</MaxHitPoints>
	  <ArmorRating_Sharp>0.45</ArmorRating_Sharp>
	  <ArmorRating_Blunt>0.3</ArmorRating_Blunt>
	  <ArmorRating_Heat>0.55</ArmorRating_Heat>
	  <Insulation_Cold>50</Insulation_Cold>
      <Insulation_Heat>50</Insulation_Heat>
    </statBases>
	<equippedStatOffsets>
		<IncomingDamageFactor>-0.05</IncomingDamageFactor>
	</equippedStatOffsets>
	
	<smeltable>false</smeltable>
    <apparel>
      <countsAsClothingForNudity>false</countsAsClothingForNudity>
      <careIfWornByCorpse>false</careIfWornByCorpse>
      <careIfDamaged>false</careIfDamaged>
      <ignoredByNonViolent>true</ignoredByNonViolent>
      <wearPerDay>0</wearPerDay>
      <bodyPartGroups>
		<li>FullHead</li>
		<li>Neck</li>
		<li>Torso</li>
		<li>Shoulders</li>
		<li>Arms</li>
		<li>Hands</li>
		<li>Legs</li>
		<li>Feet</li>
	  </bodyPartGroups>
      <layers>
        <li>OnSkin</li>
		<li>Middle</li>
		<li>Overhead</li>
      </layers>
	  <tags>
		<li>EVA</li>
		<li>KotORDroidArmorT1</li>
		<li>KotORDroidArmorT1_mid</li>
		<li>KotORDroidArmorT1_czerka</li>
	  </tags>
    </apparel>
	<tradeTags>
      <li>guy762TT_DroidEquipment</li>
	  <li>guy762TT_DroidArmor</li>
	  <li>guy762TT_CzerkaProduct</li>
    </tradeTags>
  </ThingDef>
  
  <ThingDef ParentName="KotORDroidArmor">
    <defName>guy762_DroidArmorLte_impact</defName>
    <label>Class I droid impact armor</label>
    <description>Impact armor is designed to help absorb some of the wear-and-tear droids can take in an active workplace and save the chassis from major damage.</description>
    <graphicData>
      <texPath>Items/droidarmor/droidarmor_light_impact</texPath>
      <graphicClass>Graphic_Single</graphicClass>
	  <drawSize>0.8</drawSize>
    </graphicData>
    <techLevel>Spacer</techLevel>
    <statBases>
      <Mass>6</Mass>
      <EquipDelay>25</EquipDelay>
      <MarketValue>847</MarketValue>
      <MaxHitPoints>225</MaxHitPoints>
	  <ArmorRating_Sharp>0.45</ArmorRating_Sharp>
	  <ArmorRating_Blunt>0.55</ArmorRating_Blunt>
	  <ArmorRating_Heat>0.55</ArmorRating_Heat>
    </statBases>
	<equippedStatOffsets>
		<IncomingDamageFactor>-0.05</IncomingDamageFactor>
	</equippedStatOffsets>
	
	<smeltable>false</smeltable>
    <apparel>
      <countsAsClothingForNudity>false</countsAsClothingForNudity>
      <careIfWornByCorpse>false</careIfWornByCorpse>
      <careIfDamaged>false</careIfDamaged>
      <ignoredByNonViolent>true</ignoredByNonViolent>
      <wearPerDay>0</wearPerDay>
      <bodyPartGroups>
		<li>FullHead</li>
		<li>Neck</li>
		<li>Torso</li>
		<li>Shoulders</li>
		<li>Arms</li>
		<li>Hands</li>
		<li>Legs</li>
		<li>Feet</li>
	  </bodyPartGroups>
      <layers>
        <li>OnSkin</li>
		<li>Middle</li>
		<li>Overhead</li>
      </layers>
	  <tags>
		<li>EVA</li>
		<li>KotORDroidArmorT1</li>
		<li>KotORDroidArmorT1_mid</li>
		<li>KotORDroidArmorT1_miningdroid</li>
		<li>KotORDroidArmorT1_gladiator</li>
	  </tags>
    </apparel>
	<tradeTags>
      <li>guy762TT_DroidEquipment</li>
	  <li>guy762TT_DroidArmor</li>
    </tradeTags>
  </ThingDef>
  
  <ThingDef ParentName="KotORDroidArmor">
    <defName>guy762_DroidArmorLte_composite</defName>
    <label>Class I droid composite heavy plating</label>
    <description>This plating forgoes mobility in favor of sheer mass. The huge composite plates covering the droid do not allow the range of motion that other armor systems may grant their user, but in terms of physical protection, this plating is among the best in the galaxy.</description>
    <graphicData>
      <texPath>Items/droidarmor/droidarmor_light_composite</texPath>
      <graphicClass>Graphic_Single</graphicClass>
	  <drawSize>0.8</drawSize>
    </graphicData>
    <techLevel>Spacer</techLevel>
    <statBases>
      <Mass>8</Mass>
      <EquipDelay>25</EquipDelay>
      <MarketValue>3000</MarketValue>
      <MaxHitPoints>225</MaxHitPoints>
	  <ArmorRating_Sharp>0.65</ArmorRating_Sharp>
	  <ArmorRating_Blunt>0.5</ArmorRating_Blunt>
	  <ArmorRating_Heat>0.75</ArmorRating_Heat>
    </statBases>
	<equippedStatOffsets>
		<MoveSpeed>-0.2</MoveSpeed>
		<MeleeDodgeChance>-0.2</MeleeDodgeChance>
		<IncomingDamageFactor>-0.05</IncomingDamageFactor>
	</equippedStatOffsets>
	
	<smeltable>false</smeltable>
    <apparel>
      <countsAsClothingForNudity>false</countsAsClothingForNudity>
      <careIfWornByCorpse>false</careIfWornByCorpse>
      <careIfDamaged>false</careIfDamaged>
      <ignoredByNonViolent>true</ignoredByNonViolent>
      <wearPerDay>0</wearPerDay>
      <bodyPartGroups>
		<li>FullHead</li>
		<li>Neck</li>
		<li>Torso</li>
		<li>Shoulders</li>
		<li>Arms</li>
		<li>Hands</li>
		<li>Legs</li>
		<li>Feet</li>
	  </bodyPartGroups>
      <layers>
        <li>OnSkin</li>
		<li>Middle</li>
		<li>Overhead</li>
      </layers>
	  <tags>
		<li>EVA</li>
		<li>KotORDroidArmorT1</li>
		<li>KotORDroidArmorT1_strong</li>
		<li>KotORDroidArmorT1_gladiator</li>
	  </tags>
    </apparel>
	<tradeTags>
      <li>guy762TT_DroidEquipment</li>
	  <li>guy762TT_DroidArmor</li>
    </tradeTags>
  </ThingDef>
  
  <ThingDef ParentName="KotORDroidArmor">
    <defName>guy762_DroidArmorLte_agrinium</defName>
    <label>Class I droid Agrinium armor</label>
    <description>Agrinium is used to create solar sails and is highly resilient to all forms of radiation. Applied to droid armor, it creates a highly effective barrier against many forms of damage.</description>
    <graphicData>
      <texPath>Items/droidarmor/droidarmor_light_agrinium</texPath>
      <graphicClass>Graphic_Single</graphicClass>
	  <drawSize>0.8</drawSize>
    </graphicData>
    <techLevel>Spacer</techLevel>
    <statBases>
      <Mass>5</Mass>
      <EquipDelay>25</EquipDelay>
      <MarketValue>4775</MarketValue>
      <MaxHitPoints>225</MaxHitPoints>
	  <ArmorRating_Sharp>0.55</ArmorRating_Sharp>
	  <ArmorRating_Blunt>0.4</ArmorRating_Blunt>
	  <ArmorRating_Heat>0.65</ArmorRating_Heat>
    </statBases>
	<equippedStatOffsets>
		<IncomingDamageFactor>-0.05</IncomingDamageFactor>
	</equippedStatOffsets>
	
	<smeltable>false</smeltable>
    <apparel>
      <countsAsClothingForNudity>false</countsAsClothingForNudity>
      <careIfWornByCorpse>false</careIfWornByCorpse>
      <careIfDamaged>false</careIfDamaged>
      <ignoredByNonViolent>true</ignoredByNonViolent>
      <wearPerDay>0</wearPerDay>
      <bodyPartGroups>
		<li>FullHead</li>
		<li>Neck</li>
		<li>Torso</li>
		<li>Shoulders</li>
		<li>Arms</li>
		<li>Hands</li>
		<li>Legs</li>
		<li>Feet</li>
	  </bodyPartGroups>
      <layers>
        <li>OnSkin</li>
		<li>Middle</li>
		<li>Overhead</li>
      </layers>
	  <tags>
		<li>EVA</li>
		<li>KotORDroidArmorT1_strong</li>
	  </tags>
    </apparel>
	<tradeTags>
      <li>guy762TT_DroidEquipment</li>
	  <li>guy762TT_DroidArmor</li>
    </tradeTags>
	<!--comps>
      <li Class="AthenaFramework.CompProperties_AdvancedArmor">
        <armorPackages>
			<li>
				<ArmorPackage>
					<defArmors>
						<li>
							<DamageDefArmor>
								<damageDef>guy762_RangedDamage_energy</damageDef>
								<value>5</value>
							</DamageDefArmor>
						</li>
						<li>
							<DamageDefArmor>
								<damageDef>guy762_BeamDamage_energy</damageDef>
								<value>5</value>
							</DamageDefArmor>
						</li>
						<li>
							<DamageDefArmor>
								<damageDef>guy762_MeleeDamage_energy</damageDef>
								<value>5</value>
							</DamageDefArmor>
						</li>
						<li>
							<DamageDefArmor>
								<damageDef>guy762_MeleeDamage_ecut</damageDef>
								<value>5</value>
							</DamageDefArmor>
						</li>
						<li>
							<DamageDefArmor>
								<damageDef>guy762_MeleeDamage_estab</damageDef>
								<value>5</value>
							</DamageDefArmor>
						</li>
						<li>
							<DamageDefArmor>
								<damageDef>guy762_ExplosiveDamage_energy</damageDef>
								<value>5</value>
							</DamageDefArmor>
						</li>
						<li>
							<DamageDefArmor>
								<damageDef>guy762_GrenadeDamage_energy</damageDef>
								<value>5</value>
							</DamageDefArmor>
						</li>
						<li>
							<DamageDefArmor>
								<damageDef>guy762_GrenadeDamage_thermaldet</damageDef>
								<value>5</value>
							</DamageDefArmor>
						</li>
						<li>
							<DamageDefArmor>
								<damageDef>Beam</damageDef>
								<value>5</value>
							</DamageDefArmor>
						</li>
						<li>
							<DamageDefArmor>
								<damageDef>Flame</damageDef>
								<value>5</value>
							</DamageDefArmor>
						</li>
						<li>
							<DamageDefArmor>
								<damageDef>guy762_GrenadeDamage_plasma</damageDef>
								<value>5</value>
							</DamageDefArmor>
						</li>
						<li>
							<DamageDefArmor>
								<damageDef>Burn</damageDef>
								<value>5</value>
							</DamageDefArmor>
						</li>
						<li>
							<DamageDefArmor>
								<damageDef>EMP</damageDef>
								<value>5</value>
							</DamageDefArmor>
						</li>
					</defArmors>
				</ArmorPackage>
			</li>
		</armorPackages>
      </li>
    </comps-->
  </ThingDef>
  
</Defs>
