﻿<?xml version="1.0" encoding="utf-8" ?>
<Defs>
  
  <ThingDef ParentName="guy762_DroidWeaponBase">
    <defName>guy762_LgtCannon_mininglaser</defName>
    <label>heavy mining laser</label>
    <description>This heavy industrial droid-mounted laser can double as a makeshift weapon. It excels at clearing through solid rock, but is *not* a replacement for finer mining tools when dealing with ores.</description>
    <graphicData>
      <texPath>Items/cannon/cannon_mininglaser</texPath>
	  <drawSize>1.5</drawSize>
    </graphicData>
	<soundInteract>kotorsound_select_hvyrep</soundInteract>
    <techLevel>Spacer</techLevel>
    <statBases>
      <Mass>12</Mass>
      <MarketValue>2500</MarketValue>

	  <RangedWeapon_Cooldown>6</RangedWeapon_Cooldown>
    </statBases>
	<equippedStatOffsets>
		<MoveSpeed>-0.2</MoveSpeed>
		<MiningSpeed>0.4</MiningSpeed>
		<SmoothingSpeed>0.4</SmoothingSpeed>
	</equippedStatOffsets>
    <apparel>
      <bodyPartGroups>
        <li>guy762BG_Droid_WeaponMount_hvy</li>
      </bodyPartGroups>
	  <tags>
		<li>KotORLgtCannon_miningdroid</li>
	  </tags>
    </apparel>
	<tradeTags>
      <li>guy762TT_LightCannons</li>
    </tradeTags>
	<verbs>
		<li>
		  <label>mining laser</label>
		  <commandIcon>Items/cannon/cannon_mininglaser</commandIcon>
		  <verbClass>AthenaFramework.Verb_ShootRunningBeam</verbClass>
		  <hasStandardCommand>true</hasStandardCommand>
		  <warmupTime>2</warmupTime>
		  <range>9</range>
		  <minRange>1.5</minRange>
		  <stopBurstWithoutLos>false</stopBurstWithoutLos>
		  <ticksBetweenBurstShots>5</ticksBetweenBurstShots>
		  <burstShotCount>24</burstShotCount>
		  <beamDamageDef>guy762_BeamDamage_energy</beamDamageDef>
		  <soundCastTail>GunTail_Medium</soundCastTail>
		  <muzzleFlashScale>9</muzzleFlashScale>
		  <soundCastBeam>kotorsound_stunbeam</soundCastBeam>
		  <beamGroundFleckDef>Fleck_BeamBurn</beamGroundFleckDef>
		  <beamFleckChancePerTick>0.32</beamFleckChancePerTick>
		  <beamMoteDef>guy762_Mote_BlasterBeam</beamMoteDef>
		  <beamEndEffecterDef>GraserBeam_End</beamEndEffecterDef>
		  <beamChanceToStartFire>0</beamChanceToStartFire>
		  <beamChanceToAttachFire>0</beamChanceToAttachFire>
		  <beamLineFleckDef>Fleck_BeamSpark</beamLineFleckDef>
		  <beamStartOffset>0.5</beamStartOffset>
		  <beamLineFleckChanceCurve>
			<points>
			  <li>(0, 0)</li>
			  <li>(0.65, 0.4)</li>
			  <li>(1, 0.75)</li>
			</points>
		  </beamLineFleckChanceCurve>
		  <ai_IsWeapon>true</ai_IsWeapon>
		  <onlyManualCast>true</onlyManualCast>
		  <ai_IsBuildingDestroyer>true</ai_IsBuildingDestroyer>
		</li>
	</verbs>
	<comps>
		<li Class="MVCF.Comps.CompProperties_VerbGiver">
			<verbProps>
				<li>
					<label>mining laser</label>
					<visualLabel>mounted mining laser</visualLabel>
					<canBeToggled>true</canBeToggled>
					<description>A mounted mining laser.</description>
				</li>
			</verbProps>
		</li>
	</comps>
  </ThingDef>
  
  <ThingDef ParentName="guy762_DroidWeaponBase">
    <defName>guy762_LgtCannon_hvyrep</defName>
    <label>mounted heavy repeater</label>
    <description>This repeating blaster is commonplace on war droids which lack the necessary appendages to wield normal rifles.</description>
    <graphicData>
      <texPath>Items/cannon/cannon_repeater</texPath>
	  <drawSize>1.5</drawSize>
    </graphicData>
	<soundInteract>kotorsound_select_hvyrep</soundInteract>
    <statBases>
      <Mass>12</Mass>
      <MarketValue>3750</MarketValue>

	  <AccuracyTouch>0.50</AccuracyTouch>
	  <AccuracyShort>0.60</AccuracyShort>
	  <AccuracyMedium>0.25</AccuracyMedium>
	  <AccuracyLong>0.15</AccuracyLong>
	  
	  <RangedWeapon_Cooldown>4</RangedWeapon_Cooldown>
	  <RangedWeapon_DamageMultiplier>1.2</RangedWeapon_DamageMultiplier>
    </statBases>
	<equippedStatOffsets>
		<MoveSpeed>-0.2</MoveSpeed>
	</equippedStatOffsets>
    <apparel>
      <bodyPartGroups>
        <li>guy762BG_Droid_WeaponMount_hvy</li>
      </bodyPartGroups>
	  <tags>
		<li>KotORLgtCannon_repeater</li>
	  </tags>
    </apparel>
	<tradeTags>
      <li>guy762TT_LightCannons</li>
	  <li>guy762TT_SpeederEquipment</li>
    </tradeTags>
    <thingSetMakerTags>
      <li>RewardStandardLowFreq</li>
    </thingSetMakerTags>
	<verbs>
		<li>
			<label>heavy repeating blaster</label>
			<commandIcon>Items/cannon/cannon_repeater</commandIcon>
			<verbClass>Verb_Shoot</verbClass>
			<hasStandardCommand>true</hasStandardCommand>
			<defaultProjectile>KotORBlasterBolt_default</defaultProjectile>
			<warmupTime>4</warmupTime>
			<range>28</range>
			<ticksBetweenBurstShots>8</ticksBetweenBurstShots>
			<burstShotCount>18</burstShotCount>
			<soundCast>kotorsound_heavy1</soundCast>
			<soundCastTail>GunTail_Medium</soundCastTail>
			<muzzleFlashScale>9</muzzleFlashScale>
			<ai_IsWeapon>true</ai_IsWeapon>
		</li>
	</verbs>
	<comps>
		<li Class="MVCF.Comps.CompProperties_VerbGiver">
			<verbProps>
				<li>
					<label>heavy repeating blaster</label>
					<visualLabel>mounted repeating blaster</visualLabel>
					<canBeToggled>true</canBeToggled>
					<description>A mounted repeating blaster.</description>
				</li>
			</verbProps>
		</li>
	</comps>
  </ThingDef>
  
  <ThingDef ParentName="guy762_DroidWeaponBase">
    <defName>guy762_LgtCannon_blaster</defName>
    <label>blaster cannon</label>
    <description>This blaster cannon is a common fixture on mechanized armor of all varieties.</description>
    <graphicData>
      <texPath>Items/cannon/cannon_blaster</texPath>
	  <drawSize>1.5</drawSize>
    </graphicData>
	<soundInteract>kotorsound_select_hvyrep</soundInteract>
    <statBases>
      <Mass>12</Mass>
      <MarketValue>5000</MarketValue>

	  <AccuracyTouch>0.65</AccuracyTouch>
	  <AccuracyShort>0.85</AccuracyShort>
	  <AccuracyMedium>0.75</AccuracyMedium>
	  <AccuracyLong>0.65</AccuracyLong>
	  
	  <RangedWeapon_Cooldown>4</RangedWeapon_Cooldown>
	  <RangedWeapon_DamageMultiplier>1</RangedWeapon_DamageMultiplier>
    </statBases>
	<equippedStatOffsets>
		<MoveSpeed>-0.2</MoveSpeed>
	</equippedStatOffsets>
    <apparel>
      <bodyPartGroups>
        <li>guy762BG_Droid_WeaponMount_hvy</li>
      </bodyPartGroups>
	  <tags>
		<li>KotORLgtCannon_artillery</li>
	  </tags>
    </apparel>
	<tradeTags>
      <li>guy762TT_LightCannons</li>
	  <li>guy762TT_SpeederEquipment</li>
    </tradeTags>
    <thingSetMakerTags>
      <li>RewardStandardLowFreq</li>
    </thingSetMakerTags>
	<verbs>
		<li>
			<label>blaster cannon</label>
			<commandIcon>Items/cannon_blank</commandIcon>
			<verbClass>Verb_Shoot</verbClass>
			<hasStandardCommand>true</hasStandardCommand>
			<defaultProjectile>KotORCannonBolt_blaster</defaultProjectile>
			<warmupTime>2</warmupTime>
			<range>32</range>
			<ticksBetweenBurstShots>20</ticksBetweenBurstShots>
			<burstShotCount>1</burstShotCount>
			<soundCast>kotorsound_speedergun</soundCast>
			<soundCastTail>GunTail_Heavy</soundCastTail>
			<muzzleFlashScale>9</muzzleFlashScale>
			<ai_IsWeapon>true</ai_IsWeapon>
			<forcedMissRadius>0.01</forcedMissRadius>
			<onlyManualCast>true</onlyManualCast>
		</li>
	</verbs>
	<comps>
		<li Class="MVCF.Comps.CompProperties_VerbGiver">
			<verbProps>
				<li>
					<label>blaster cannon</label>
					<visualLabel>mounted blaster cannon</visualLabel>
					<canBeToggled>true</canBeToggled>
					<description>A mounted blaster cannon.</description>
				</li>
			</verbProps>
		</li>
	</comps>
  </ThingDef>
  
  <ThingDef ParentName="guy762_DroidWeaponBase">
    <defName>guy762_LgtCannon_pulse</defName>
    <label>pulse-wave cannon</label>
    <description>Favored by the Krath, what pulse-wave weaponry lacks in damage is more than made up for in its spread. Larger repeaters such as this were known to have been mounted on Krath Chaos fighters for use in strafing runs during the Tion campaign.</description>
    <graphicData>
      <texPath>Items/cannon/cannon_pulse</texPath>
	  <drawSize>1.5</drawSize>
    </graphicData>
	<soundInteract>kotorsound_select_hvyrep</soundInteract>
	<equippedStatOffsets>
		<MoveSpeed>-0.2</MoveSpeed>
	</equippedStatOffsets>
    <statBases>
      <Mass>12</Mass>
      <MarketValue>4250</MarketValue>

	  <AccuracyTouch>0.70</AccuracyTouch>
	  <AccuracyShort>0.80</AccuracyShort>
	  <AccuracyMedium>0.60</AccuracyMedium>
	  <AccuracyLong>0.40</AccuracyLong>
	  
	  <RangedWeapon_Cooldown>2</RangedWeapon_Cooldown>
	  <RangedWeapon_DamageMultiplier>0.8</RangedWeapon_DamageMultiplier>
    </statBases>
    <apparel>
      <bodyPartGroups>
        <li>guy762BG_Droid_WeaponMount_hvy</li>
      </bodyPartGroups>
	  <tags>
		<li>KotORLgtCannon_repeater</li>
	  </tags>
    </apparel>
	<tradeTags>
      <li>guy762TT_LightCannons</li>
    </tradeTags>
	<thingSetMakerTags>
      <li>RewardStandardMidFreq</li>
    </thingSetMakerTags>
	<verbs>
		<li>
			<label>pulse-wave repeater</label>
			<commandIcon>Items/cannon/cannon_pulse</commandIcon>
			<verbClass>Verb_Shoot</verbClass>
			<hasStandardCommand>true</hasStandardCommand>
			<defaultProjectile>KotORPulseBolt</defaultProjectile>
			<warmupTime>3</warmupTime>
			<range>28</range>
			<ticksBetweenBurstShots>6</ticksBetweenBurstShots>
			<burstShotCount>18</burstShotCount>
			<soundCast>kotorsound_pulse</soundCast>
			<soundCastTail>GunTail_Medium</soundCastTail>
			<muzzleFlashScale>9</muzzleFlashScale>
			<ai_IsWeapon>true</ai_IsWeapon>
			<onlyManualCast>true</onlyManualCast>
		</li>
	</verbs>
	<comps>
		<li Class="MVCF.Comps.CompProperties_VerbGiver">
			<verbProps>
				<li>
					<label>pulse-wave repeater</label>
					<visualLabel>mounted pulse-wave repeater</visualLabel>
					<canBeToggled>true</canBeToggled>
					<description>A mounted pulse-wave repeater.</description>
				</li>
			</verbProps>
		</li>
	</comps>
  </ThingDef>
  
  
  
  <ThingDef ParentName="guy762_DroidWeaponBase">
    <defName>guy762_LgtCannon_massdriver</defName>
    <label>mounted mass driver</label>
    <description>Typically mounted on Basilisk war droids in clusters of seven or more, these devastating repeaters were once the bane of Republic infantry during the Mandalorian Wars and the Exar Kun war.</description>
    <graphicData>
      <texPath>Items/cannon/cannon_massdriver</texPath>
	  <drawSize>1.5</drawSize>
    </graphicData>
	<soundInteract>kotorsound_select_hvyrep</soundInteract>
    <statBases>
      <Mass>12</Mass>
      <MarketValue>8500</MarketValue>

	  <AccuracyTouch>0.30</AccuracyTouch>
	  <AccuracyShort>0.40</AccuracyShort>
	  <AccuracyMedium>0.30</AccuracyMedium>
	  <AccuracyLong>0.20</AccuracyLong>
	  
	  <RangedWeapon_Cooldown>4</RangedWeapon_Cooldown>
	  <RangedWeapon_DamageMultiplier>1.3</RangedWeapon_DamageMultiplier>
    </statBases>
	<equippedStatOffsets>
		<MoveSpeed>-0.2</MoveSpeed>
	</equippedStatOffsets>
    <apparel>
      <bodyPartGroups>
        <li>guy762BG_Droid_WeaponMount_hvy</li>
      </bodyPartGroups>
	  <tags>
		<li>KotORLgtCannon_strong</li>
	  </tags>
    </apparel>
	<tradeTags>
      <li>guy762TT_KotORElite</li>
    </tradeTags>
    <thingSetMakerTags>
      <li>RewardStandardLowFreq</li>
    </thingSetMakerTags>
	<verbs>
		<li>
			<label>mass driver</label>
			<commandIcon>Items/cannon/cannon_massdriver</commandIcon>
			<verbClass>Verb_Shoot</verbClass>
			<hasStandardCommand>true</hasStandardCommand>
			<defaultProjectile>KotORSlugBolt</defaultProjectile>
			<warmupTime>5</warmupTime>
			<range>28</range>
			<ticksBetweenBurstShots>6</ticksBetweenBurstShots>
			<burstShotCount>21</burstShotCount>
			<soundCast>kotorsound_massdrivergun</soundCast>
			<soundCastTail>GunTail_Medium</soundCastTail>
			<muzzleFlashScale>9</muzzleFlashScale>
			<ai_IsWeapon>true</ai_IsWeapon>
		</li>
	</verbs>
	<comps>
		<li Class="MVCF.Comps.CompProperties_VerbGiver">
			<verbProps>
				<li>
					<label>mass driver</label>
					<visualLabel>mounted mass driver</visualLabel>
					<canBeToggled>true</canBeToggled>
					<description>A mounted mass driver.</description>
				</li>
			</verbProps>
		</li>
	</comps>
  </ThingDef>
  
  
  
  
  <ThingDef ParentName="guy762_DroidWeaponBase">
    <defName>guy762_LgtCannon_railgun</defName>
    <label>rail cannon</label>
    <description>Replicating the role of long-range anti-armor rifles from primitive armies, heavy rail guns are a powerful but difficult weapon to use and are typically only mounted on specialized war droids.</description>
    <graphicData>
      <texPath>Items/cannon/cannon_railgun</texPath>
	  <drawSize>1.5</drawSize>
    </graphicData>
	<soundInteract>kotorsound_select_hvyrep</soundInteract>
    <statBases>
      <Mass>12</Mass>
      <MarketValue>15000</MarketValue>

	  <AccuracyTouch>0.05</AccuracyTouch>
	  <AccuracyShort>0.25</AccuracyShort>
	  <AccuracyMedium>0.55</AccuracyMedium>
	  <AccuracyLong>0.95</AccuracyLong>
	  
	  <RangedWeapon_Cooldown>8</RangedWeapon_Cooldown>
	  <RangedWeapon_DamageMultiplier>2</RangedWeapon_DamageMultiplier>
    </statBases>
	<equippedStatOffsets>
		<MoveSpeed>-0.2</MoveSpeed>
	</equippedStatOffsets>
    <apparel>
      <bodyPartGroups>
        <li>guy762BG_Droid_WeaponMount_hvy</li>
      </bodyPartGroups>
	  <tags>
		<li>KotORLgtCannon_sniper</li>
	  </tags>
    </apparel>
	<tradeTags>
      <li>guy762TT_KotORElite</li>
    </tradeTags>
    <thingSetMakerTags>
      <li>RewardStandardLowFreq</li>
    </thingSetMakerTags>
	<verbs>
		<li>
			<label>heavy rail gun</label>
			<commandIcon>Items/cannon/cannon_railgun</commandIcon>
			<verbClass>Verb_Shoot</verbClass>
			<hasStandardCommand>true</hasStandardCommand>
			<defaultProjectile>KotORRailgun</defaultProjectile>
			<warmupTime>12</warmupTime>
			<range>64</range>
			<ticksBetweenBurstShots>20</ticksBetweenBurstShots>
			<burstShotCount>1</burstShotCount>
			<soundCast>kotorsound_railgun</soundCast>
			<soundCastTail>GunTail_Heavy</soundCastTail>
			<muzzleFlashScale>9</muzzleFlashScale>
			<ai_IsWeapon>true</ai_IsWeapon>
			<forcedMissRadius>0.01</forcedMissRadius>
			<onlyManualCast>true</onlyManualCast>
		</li>
	</verbs>
	<comps>
		<li Class="MVCF.Comps.CompProperties_VerbGiver">
			<verbProps>
				<li>
					<label>heavy rail gun</label>
					<visualLabel>mounted heavy rail gun</visualLabel>
					<canBeToggled>true</canBeToggled>
					<description>A mounted heavy rail gun.</description>
				</li>
			</verbProps>
		</li>
	</comps>
  </ThingDef>
  
  
  
  
  
  
  
  
  
  
  
  
  
  
  
  
  
  
  
  
  
  
  
  <ThingDef ParentName="guy762_DroidWeaponBase">
    <defName>guy762_LgtCannon_firefoam</defName>
    <label>firefoam hose</label>
    <description>A large firefoam cannon designed to take on massive, out-of-control fires, these units are all but essential for fire response crews dealing with industrial accidents and wildfires.</description>
    <graphicData>
      <texPath>Items/cannon/ordcannon_firefoam</texPath>
	  <drawSize>1.5</drawSize>
    </graphicData>
	<soundInteract>kotorsound_select_hvyrep</soundInteract>
    <statBases>
      <Mass>24</Mass>
      <MarketValue>1000</MarketValue>

	  <AccuracyTouch>0.90</AccuracyTouch>
	  <AccuracyShort>0.80</AccuracyShort>
	  <AccuracyMedium>0.60</AccuracyMedium>
	  <AccuracyLong>0.50</AccuracyLong>
	  
	  <RangedWeapon_Cooldown>5</RangedWeapon_Cooldown>
    </statBases>
	<equippedStatOffsets>
		<MoveSpeed>-0.4</MoveSpeed>
	</equippedStatOffsets>
    <apparel>
      <bodyPartGroups>
        <li>guy762BG_Droid_WeaponMount_advhvy</li>
      </bodyPartGroups>
	  <tags>
		<li>KotORLgtCannon_firefighter</li>
	  </tags>
    </apparel>
	<tradeTags>
      <li>guy762TT_LightCannons</li>
      <li>guy762TT_DroidWeapons_utility</li>
	  <li>guy762TT_DroidEquipment</li>
    </tradeTags>
    <thingSetMakerTags>
      <li>RewardStandardMidFreq</li>
    </thingSetMakerTags>
	<verbs>
		<li>
			<label>firefoam hose</label>
			<commandIcon>Items/cannon/ordcannon_firefoam</commandIcon>
			<verbClass>Verb_Shoot</verbClass>
			<hasStandardCommand>true</hasStandardCommand>
			<defaultProjectile>guy762_throwngrenade_foam</defaultProjectile>
			<warmupTime>2</warmupTime>
			<range>23</range>
			<ticksBetweenBurstShots>5</ticksBetweenBurstShots>
			<burstShotCount>18</burstShotCount>
			<soundCast>FoamSpray_Resolve</soundCast>
			<targetParams>
				<canTargetLocations>true</canTargetLocations>
			</targetParams>
			<onlyManualCast>true</onlyManualCast>
		</li>
	</verbs>
	<comps>
		<li Class="MVCF.Comps.CompProperties_VerbGiver">
			<verbProps>
				<li>
					<label>firefoam hose</label>
					<visualLabel>built-in firefoam hose</visualLabel>
					<description>A built-in firefoam sprayer.</description>
				</li>
			</verbProps>
		</li>
		<!--li Class="CompProperties_Reloadable">
			<maxCharges>900</maxCharges>
			<hotKey>Misc4</hotKey>
			<chargeNoun>energy</chargeNoun>
			<displayGizmoWhileUndrafted>false</displayGizmoWhileUndrafted>
			<destroyOnEmpty>true</destroyOnEmpty>
		  </li-->
	</comps>
  </ThingDef>
  
  
  
  
  
  <ThingDef ParentName="guy762_DroidWeaponBase">
    <defName>guy762_LgtCannon_sonic</defName>
    <label>sonic cannon</label>
    <description>Though it is primarily used as a mining tool, sonic cannons originated as a crowd control weapon first developed by the Geonosians. Its effectiveness in that regard is contested, but the damage these weapons inflict on structures and hard stone surfaces validates its worth.</description>
    <graphicData>
      <texPath>Items/cannon/ordcannon_sonic</texPath>
	  <drawSize>1.5</drawSize>
    </graphicData>
	<soundInteract>kotorsound_select_hvyrep</soundInteract>
    <statBases>
      <Mass>24</Mass>
      <MarketValue>8400</MarketValue>

	  <AccuracyTouch>0.50</AccuracyTouch>
	  <AccuracyShort>0.80</AccuracyShort>
	  <AccuracyMedium>0.70</AccuracyMedium>
	  <AccuracyLong>0.60</AccuracyLong>
	  
	  <RangedWeapon_Cooldown>4</RangedWeapon_Cooldown>
	  <RangedWeapon_DamageMultiplier>1</RangedWeapon_DamageMultiplier>
    </statBases>
	<equippedStatOffsets>
		<MoveSpeed>-0.4</MoveSpeed>
	</equippedStatOffsets>
    <apparel>
      <bodyPartGroups>
        <li>guy762BG_Droid_WeaponMount_advhvy</li>
      </bodyPartGroups>
	  <tags>
		<li>KotORLgtCannon_miningdroid</li>
	  </tags>
    </apparel>
	<tradeTags>
      <li>guy762TT_LightCannons</li>
    </tradeTags>
    <thingSetMakerTags>
      <li>RewardStandardLowFreq</li>
    </thingSetMakerTags>
	<verbs>
		<li>
			<label>sonic cannon</label>
			<commandIcon>Items/cannon/ordcannon_sonic</commandIcon>
			<verbClass>Verb_Shoot</verbClass>
			<hasStandardCommand>true</hasStandardCommand>
			<defaultProjectile>KotORCannonBolt_sonic</defaultProjectile>
			<warmupTime>4</warmupTime>
			<range>28</range>
			<ticksBetweenBurstShots>20</ticksBetweenBurstShots>
			<burstShotCount>1</burstShotCount>
			<soundCast>kotorsound_soniccannon</soundCast>
			<soundCastTail>GunTail_Heavy</soundCastTail>
			<muzzleFlashScale>9</muzzleFlashScale>
			<ai_IsWeapon>true</ai_IsWeapon>
			<forcedMissRadius>0.01</forcedMissRadius>
			<onlyManualCast>true</onlyManualCast>
			<ai_IsBuildingDestroyer>true</ai_IsBuildingDestroyer>
			<targetParams>
				<canTargetLocations>true</canTargetLocations>
			</targetParams>
		</li>
	</verbs>
	<comps>
		<li Class="MVCF.Comps.CompProperties_VerbGiver">
			<verbProps>
				<li>
					<label>sonic cannon</label>
					<visualLabel>mounted sonic cannon</visualLabel>
					<canBeToggled>true</canBeToggled>
					<description>A mounted sonic cannon.</description>
				</li>
			</verbProps>
		</li>
		<li Class="CompProperties_Reloadable">
			<maxCharges>10</maxCharges>
			<hotKey>Misc4</hotKey>
			<chargeNoun>energy</chargeNoun>
			<displayGizmoWhileUndrafted>false</displayGizmoWhileUndrafted>
			<destroyOnEmpty>true</destroyOnEmpty>
		  </li>
	</comps>
  </ThingDef>
  
  
  
  
  <ThingDef ParentName="guy762_DroidWeaponBase">
    <defName>guy762_LgtCannon_flamethrower</defName>
    <label>molten cannon</label>
    <description>An upgrade of the standard flame thrower, this device actually shoots wide streams of liquid fire. There are few practical applications requiring such devices but they are sought after by military powers for their devastating effect on morale.</description>
    <graphicData>
      <texPath>Items/cannon/ordcannon_flame</texPath>
	  <drawSize>1.5</drawSize>
    </graphicData>
	<soundInteract>kotorsound_select_hvyrep</soundInteract>
    <statBases>
      <Mass>24</Mass>
      <MarketValue>4800</MarketValue>

	  <AccuracyTouch>0.50</AccuracyTouch>
	  <AccuracyShort>0.40</AccuracyShort>
	  <AccuracyMedium>0.20</AccuracyMedium>
	  <AccuracyLong>0.10</AccuracyLong>
	  
	  <RangedWeapon_Cooldown>6</RangedWeapon_Cooldown>
	  <RangedWeapon_DamageMultiplier>0.8</RangedWeapon_DamageMultiplier>
    </statBases>
	<equippedStatOffsets>
		<MoveSpeed>-0.4</MoveSpeed>
	</equippedStatOffsets>
    <apparel>
      <bodyPartGroups>
        <li>guy762BG_Droid_WeaponMount_advhvy</li>
      </bodyPartGroups>
	  <tags>
		<li>KotORLgtCannon_flame</li>
	  </tags>
    </apparel>
	<tradeTags>
      <li>guy762TT_LightCannons</li>
      <li>guy762TT_SpeederEquipment</li>
    </tradeTags>
    <thingSetMakerTags>
      <li>RewardStandardMidFreq</li>
    </thingSetMakerTags>
	<verbs>
		<li>
			<label>flamethrower</label>
			<commandIcon>Items/cannon/ordcannon_flame</commandIcon>
			<verbClass>Verb_SpewFire</verbClass>
			<hasStandardCommand>true</hasStandardCommand>
			<warmupTime>1.5</warmupTime>
			<range>8</range>
			<ticksBetweenBurstShots>4</ticksBetweenBurstShots>
			<burstShotCount>16</burstShotCount>
			<soundCast>kotorsound_flamethrower</soundCast>
			<muzzleFlashScale>9</muzzleFlashScale>
			<ai_IsWeapon>true</ai_IsWeapon>
			<ai_AvoidFriendlyFireRadius>6.9</ai_AvoidFriendlyFireRadius>
			<ai_IsBuildingDestroyer>true</ai_IsBuildingDestroyer>
			<onlyManualCast>true</onlyManualCast>
			<targetParams>
				<canTargetLocations>true</canTargetLocations>
			</targetParams>
		</li>
	</verbs>
	<comps>
		<li Class="MVCF.Comps.CompProperties_VerbGiver">
			<verbProps>
				<li>
					<label>flamethrower</label>
					<visualLabel>mounted flamethrower</visualLabel>
					<canBeToggled>true</canBeToggled>
					<description>A mounted flamethrower.</description>
				</li>
			</verbProps>
		</li>
		<li Class="CompProperties_Reloadable">
			<maxCharges>5</maxCharges>
			<hotKey>Misc4</hotKey>
			<chargeNoun>incendiary</chargeNoun>
			<displayGizmoWhileUndrafted>false</displayGizmoWhileUndrafted>
			<destroyOnEmpty>true</destroyOnEmpty>
		  </li>
		  <li Class="CompProperties_Explosive">
			<explosiveRadius>2.66</explosiveRadius>
			<explosiveDamageType>Flame</explosiveDamageType>
			<requiredDamageTypeToExplode>Flame</requiredDamageTypeToExplode>
		</li>
	</comps>
  </ThingDef>
  
  
  
  
  <ThingDef ParentName="guy762_DroidWeaponBase">
    <defName>guy762_LgtCannon_ion</defName>
    <label>ion cannon</label>
    <description>Feared by starfighter and mechanized division commanders alike, ion cannons punch through plating and hulls just as easily as they fry vehicle and droid circuitry.</description>
    <graphicData>
      <texPath>Items/cannon/ordcannon_ion</texPath>
      <graphicClass>Graphic_Single</graphicClass>
	  <drawSize>1.5</drawSize>
    </graphicData>
	<soundInteract>kotorsound_select_hvyrep</soundInteract>
    <statBases>
      <Mass>24</Mass>
      <MarketValue>12000</MarketValue>

	  <AccuracyTouch>0.70</AccuracyTouch>
	  <AccuracyShort>0.90</AccuracyShort>
	  <AccuracyMedium>0.80</AccuracyMedium>
	  <AccuracyLong>0.70</AccuracyLong>
	  
	  <RangedWeapon_Cooldown>6</RangedWeapon_Cooldown>
	  <RangedWeapon_DamageMultiplier>1.5</RangedWeapon_DamageMultiplier>
    </statBases>
	<equippedStatOffsets>
		<MoveSpeed>-0.4</MoveSpeed>
	</equippedStatOffsets>
    <apparel>
      <bodyPartGroups>
        <li>guy762BG_Droid_WeaponMount_advhvy</li>
      </bodyPartGroups>
	  <tags>
		<li>KotORLgtCannon_ion</li>
	  </tags>
    </apparel>
	<tradeTags>
      <li>guy762TT_LightCannons</li>
    </tradeTags>
    <thingSetMakerTags>
      <li>RewardStandardLowFreq</li>
    </thingSetMakerTags>
	<verbs>
		<li>
			<label>ion cannon</label>
			<commandIcon>Items/cannon/ordcannon_ion</commandIcon>
			<verbClass>Verb_Shoot</verbClass>
			<hasStandardCommand>true</hasStandardCommand>
			<defaultProjectile>KotORCannonBolt_ion</defaultProjectile>
			<warmupTime>4</warmupTime>
			<range>36</range>
			<ticksBetweenBurstShots>20</ticksBetweenBurstShots>
			<burstShotCount>1</burstShotCount>
			<soundCast>kotorsound_ioncannon_small</soundCast>
			<soundCastTail>GunTail_Heavy</soundCastTail>
			<muzzleFlashScale>9</muzzleFlashScale>
			<ai_IsWeapon>true</ai_IsWeapon>
			<forcedMissRadius>0.01</forcedMissRadius>
			<onlyManualCast>true</onlyManualCast>
		</li>
	</verbs>
	<comps>
		<li Class="MVCF.Comps.CompProperties_VerbGiver">
			<verbProps>
				<li>
					<label>ion cannon</label>
					<visualLabel>mounted ion cannon</visualLabel>
					<canBeToggled>true</canBeToggled>
					<description>A mounted ion cannon.</description>
				</li>
			</verbProps>
		</li>
		<li Class="CompProperties_Reloadable">
			<maxCharges>5</maxCharges>
			<hotKey>Misc4</hotKey>
			<chargeNoun>energy</chargeNoun>
			<displayGizmoWhileUndrafted>false</displayGizmoWhileUndrafted>
			<destroyOnEmpty>true</destroyOnEmpty>
		  </li>
	</comps>
	<modExtensions>
		<li Class="AthenaFramework.DamageModifierExtension">
			  <outgoingModifiers>
				<li>
				  <fleshTypes>
					<li>Mechanoid</li>
				  </fleshTypes>
				  <modifier>2</modifier>
				</li>
				<li>
				  <fleshTypes>
					<li>ATR_AndroidTier</li>
				  </fleshTypes>
				  <modifier>2</modifier>
				</li>
			  </outgoingModifiers>
			</li>
	</modExtensions>
  </ThingDef>
  
  
  
  
  <ThingDef ParentName="guy762_DroidWeaponBase">
    <defName>guy762_LgtCannon_disruptor</defName>
    <label>prototype disruptor beam cannon</label>
    <description>The natural evolution of radiation-based "Bio-Assault" weapons, this deadly prototype disruptor cannon is outlawed universally as it is capable of disintegrating matter in seconds.</description>
    <graphicData>
      <texPath>Items/cannon/ordcannon_disruptor</texPath>
	  <drawSize>1.5</drawSize>
    </graphicData>
	<soundInteract>kotorsound_select_hvyrep</soundInteract>
    <statBases>
      <Mass>24</Mass>
      <MarketValue>24000</MarketValue>

	  <RangedWeapon_Cooldown>10</RangedWeapon_Cooldown>
    </statBases>
	<equippedStatOffsets>
		<MoveSpeed>-0.4</MoveSpeed>
	</equippedStatOffsets>
    <apparel>
      <bodyPartGroups>
        <li>guy762BG_Droid_WeaponMount_advhvy</li>
      </bodyPartGroups>
	  <tags>
		<li>KotORLgtCannon_disruptor</li>
	  </tags>
    </apparel>
	<tradeTags>
      <li>guy762TT_KotORLegendary</li>
    </tradeTags>
	<verbs>
		<li>
		  <label>disruptor beam</label>
		  <commandIcon>Items/cannon/ordcannon_disruptor</commandIcon>
		  <verbClass>AthenaFramework.Verb_ShootRunningBeam</verbClass>
		  <hasStandardCommand>true</hasStandardCommand>
		  <warmupTime>6</warmupTime>
		  <range>25</range>
		  <minRange>1.5</minRange>
		  <stopBurstWithoutLos>false</stopBurstWithoutLos>
		  <ticksBetweenBurstShots>5</ticksBetweenBurstShots>
		  <burstShotCount>8</burstShotCount>
		  <beamDamageDef>guy762_BeamDamage_disruptor</beamDamageDef>
		  <soundCastTail>GunTail_Medium</soundCastTail>
		  <muzzleFlashScale>9</muzzleFlashScale>
		  <soundCastBeam>kotorsound_disbeam</soundCastBeam>
		  <beamGroundFleckDef>Fleck_BeamBurn</beamGroundFleckDef>
		  <beamFleckChancePerTick>0.32</beamFleckChancePerTick>
		  <beamMoteDef>guy762_Mote_DisruptorBeam</beamMoteDef>
		  <beamEndEffecterDef>GraserBeam_End</beamEndEffecterDef>
		  <beamChanceToStartFire>0</beamChanceToStartFire>
		  <beamChanceToAttachFire>0</beamChanceToAttachFire>
		  <beamLineFleckDef>Fleck_BeamSpark</beamLineFleckDef>
		  <beamStartOffset>0.5</beamStartOffset>
		  <beamLineFleckChanceCurve>
			<points>
			  <li>(0, 0)</li>
			  <li>(0.65, 0.4)</li>
			  <li>(1, 0.75)</li>
			</points>
		  </beamLineFleckChanceCurve>
		  <ai_IsWeapon>true</ai_IsWeapon>
		  <onlyManualCast>true</onlyManualCast>
		</li>
	</verbs>
	<comps>
		<li Class="MVCF.Comps.CompProperties_VerbGiver">
			<verbProps>
				<li>
					<label>disruptor beam</label>
					<visualLabel>mounted disruptor beam</visualLabel>
					<canBeToggled>true</canBeToggled>
					<description>A mounted disruptor beam.</description>
				</li>
			</verbProps>
		</li>
		<li Class="CompProperties_Reloadable">
			<maxCharges>16</maxCharges>
			<hotKey>Misc4</hotKey>
			<chargeNoun>energy</chargeNoun>
			<displayGizmoWhileUndrafted>false</displayGizmoWhileUndrafted>
			<destroyOnEmpty>true</destroyOnEmpty>
		  </li>
	</comps>
  </ThingDef>
  
  
  
  
  
  
  
  
  
  
  
  
  
  
  <ThingDef ParentName="guy762_DroidWeaponBase">
    <defName>guy762_LgtCannon_m_highex</defName>
    <label>mounted high-ex missile launcher</label>
    <description>This reloadable mounted missile launcher is designed for use against a wide variety of targets.</description>
    <graphicData>
      <texPath>Items/cannon/ordcannon_m_highex</texPath>
	  <drawSize>1.5</drawSize>
    </graphicData>
	<soundInteract>kotorsound_select_hvyrep</soundInteract>
    <statBases>
      <Mass>24</Mass>
      <MarketValue>11000</MarketValue>

	  <AccuracyTouch>0.50</AccuracyTouch>
	  <AccuracyShort>0.40</AccuracyShort>
	  <AccuracyMedium>0.20</AccuracyMedium>
	  <AccuracyLong>0.10</AccuracyLong>
	  
	  <RangedWeapon_Cooldown>10</RangedWeapon_Cooldown>
    </statBases>
	<equippedStatOffsets>
		<MoveSpeed>-0.4</MoveSpeed>
	</equippedStatOffsets>
    <apparel>
      <bodyPartGroups>
        <li>guy762BG_Droid_WeaponMount_advhvy</li>
      </bodyPartGroups>
	  <tags>
		<li>KotORLgtCannon_strong</li>
		<li>KotORLgtCannon_antipersonnel</li>
	  </tags>
    </apparel>
	<tradeTags>
      <li>guy762TT_LightCannons</li>
    </tradeTags>
	<verbs>
		<li>
			<label>high-ex missile launcher</label>
			<commandIcon>Items/cannon/ordcannon_m_highex</commandIcon>
			<verbClass>Verb_Shoot</verbClass>
			<hasStandardCommand>true</hasStandardCommand>
			<defaultProjectile>KotORMissile_highex</defaultProjectile>
			<warmupTime>5</warmupTime>
			<range>36</range>
			<ticksBetweenBurstShots>30</ticksBetweenBurstShots>
			<burstShotCount>1</burstShotCount>
			<soundCast>kotorsound_bigmissile</soundCast>
			<soundCastTail>GunTail_Heavy</soundCastTail>
			<muzzleFlashScale>9</muzzleFlashScale>
			<ai_IsWeapon>true</ai_IsWeapon>
			<forcedMissRadius>0.01</forcedMissRadius>
			<onlyManualCast>true</onlyManualCast>
			<ai_IsBuildingDestroyer>true</ai_IsBuildingDestroyer>
			<targetParams>
				<canTargetLocations>true</canTargetLocations>
			</targetParams>
		</li>
	</verbs>
	<comps>
		<li Class="MVCF.Comps.CompProperties_VerbGiver">
			<verbProps>
				<li>
					<label>high-ex missile launcher</label>
					<visualLabel>high-ex missile launcher</visualLabel>
					<canBeToggled>true</canBeToggled>
					<description>A mounted high-ex missile launcher.</description>
				</li>
			</verbProps>
		</li>
		<li Class="CompProperties_Reloadable">
			<maxCharges>5</maxCharges>
			<hotKey>Misc4</hotKey>
			<chargeNoun>missile</chargeNoun>
			<displayGizmoWhileUndrafted>false</displayGizmoWhileUndrafted>
			<destroyOnEmpty>true</destroyOnEmpty>
		  </li>
		  <li Class="CompProperties_Explosive">
			<explosiveRadius>6</explosiveRadius>
			<explosiveDamageType>guy762_GrenadeDamage_frag</explosiveDamageType>
			<requiredDamageTypeToExplode>Flame</requiredDamageTypeToExplode>
		  </li>
	</comps>
  </ThingDef>
  
  
  
  <ThingDef ParentName="guy762_DroidWeaponBase">
    <defName>guy762_LgtCannon_m_plasma</defName>
    <label>mounted plasma missile launcher</label>
    <description>This reloadable mounted missile launcher is designed for use against enemy infantry, but also functions as an effective defoliator.</description>
    <graphicData>
      <texPath>Items/cannon/ordcannon_m_plasma</texPath>
	  <drawSize>1.5</drawSize>
    </graphicData>
	<soundInteract>kotorsound_select_hvyrep</soundInteract>
    <statBases>
      <Mass>24</Mass>
      <MarketValue>11000</MarketValue>

	  <AccuracyTouch>0.50</AccuracyTouch>
	  <AccuracyShort>0.40</AccuracyShort>
	  <AccuracyMedium>0.20</AccuracyMedium>
	  <AccuracyLong>0.10</AccuracyLong>
	  
	  <RangedWeapon_Cooldown>10</RangedWeapon_Cooldown>
    </statBases>
	<equippedStatOffsets>
		<MoveSpeed>-0.4</MoveSpeed>
	</equippedStatOffsets>
    <apparel>
      <bodyPartGroups>
        <li>guy762BG_Droid_WeaponMount_advhvy</li>
      </bodyPartGroups>
	  <tags>
		<li>KotORLgtCannon_strong</li>
		<li>KotORLgtCannon_antipersonnel</li>
	  </tags>
    </apparel>
	<tradeTags>
      <li>guy762TT_LightCannons</li>
    </tradeTags>
	<verbs>
		<li>
			<label>plasma missile launcher</label>
			<commandIcon>Items/cannon/ordcannon_m_plasma</commandIcon>
			<verbClass>Verb_Shoot</verbClass>
			<hasStandardCommand>true</hasStandardCommand>
			<defaultProjectile>KotORMissile_plasma</defaultProjectile>
			<warmupTime>5</warmupTime>
			<range>36</range>
			<ticksBetweenBurstShots>30</ticksBetweenBurstShots>
			<burstShotCount>1</burstShotCount>
			<soundCast>kotorsound_bigmissile</soundCast>
			<soundCastTail>GunTail_Heavy</soundCastTail>
			<muzzleFlashScale>9</muzzleFlashScale>
			<ai_IsWeapon>true</ai_IsWeapon>
			<forcedMissRadius>0.01</forcedMissRadius>
			<onlyManualCast>true</onlyManualCast>
			<ai_IsBuildingDestroyer>true</ai_IsBuildingDestroyer>
			<targetParams>
				<canTargetLocations>true</canTargetLocations>
			</targetParams>
		</li>
	</verbs>
	<comps>
		<li Class="MVCF.Comps.CompProperties_VerbGiver">
			<verbProps>
				<li>
					<label>plasma missile launcher</label>
					<visualLabel>plasma missile launcher</visualLabel>
					<canBeToggled>true</canBeToggled>
					<description>A mounted plasma missile launcher.</description>
				</li>
			</verbProps>
		</li>
		<li Class="CompProperties_Reloadable">
			<maxCharges>5</maxCharges>
			<hotKey>Misc4</hotKey>
			<chargeNoun>missile</chargeNoun>
			<displayGizmoWhileUndrafted>false</displayGizmoWhileUndrafted>
			<destroyOnEmpty>true</destroyOnEmpty>
		  </li>
		  <li Class="CompProperties_Explosive">
			<explosiveRadius>10</explosiveRadius>
			<explosiveDamageType>guy762_GrenadeDamage_plasma</explosiveDamageType>
			<requiredDamageTypeToExplode>Flame</requiredDamageTypeToExplode>
		  </li>
	</comps>
  </ThingDef>
  
  
  
  <ThingDef ParentName="guy762_DroidWeaponBase">
    <defName>guy762_LgtCannon_m_ion</defName>
    <label>mounted ion missile launcher</label>
    <description>This reloadable mounted missile launcher is designed for use against droids, vehicles, and any energy-shielded target.</description>
    <graphicData>
      <texPath>Items/cannon/ordcannon_m_ion</texPath>
	  <drawSize>1.5</drawSize>
    </graphicData>
	<soundInteract>kotorsound_select_hvyrep</soundInteract>
    <statBases>
      <Mass>24</Mass>
      <MarketValue>11000</MarketValue>

	  <AccuracyTouch>0.50</AccuracyTouch>
	  <AccuracyShort>0.40</AccuracyShort>
	  <AccuracyMedium>0.20</AccuracyMedium>
	  <AccuracyLong>0.10</AccuracyLong>
	  
	  <RangedWeapon_Cooldown>10</RangedWeapon_Cooldown>
    </statBases>
	<equippedStatOffsets>
		<MoveSpeed>-0.4</MoveSpeed>
	</equippedStatOffsets>
    <apparel>
      <bodyPartGroups>
        <li>guy762BG_Droid_WeaponMount_advhvy</li>
      </bodyPartGroups>
	  <tags>
		<li>KotORLgtCannon_strong</li>
		<li>KotORLgtCannon_antiarmor</li>
	  </tags>
    </apparel>
	<tradeTags>
      <li>guy762TT_LightCannons</li>
    </tradeTags>
	<verbs>
		<li>
			<label>ion missile launcher</label>
			<commandIcon>Items/cannon/ordcannon_m_ion</commandIcon>
			<verbClass>Verb_Shoot</verbClass>
			<hasStandardCommand>true</hasStandardCommand>
			<defaultProjectile>KotORMissile_ion</defaultProjectile>
			<warmupTime>5</warmupTime>
			<range>36</range>
			<ticksBetweenBurstShots>30</ticksBetweenBurstShots>
			<burstShotCount>1</burstShotCount>
			<soundCast>kotorsound_bigmissile</soundCast>
			<soundCastTail>GunTail_Heavy</soundCastTail>
			<muzzleFlashScale>9</muzzleFlashScale>
			<ai_IsWeapon>true</ai_IsWeapon>
			<forcedMissRadius>0.01</forcedMissRadius>
			<onlyManualCast>true</onlyManualCast>
			<targetParams>
				<canTargetLocations>true</canTargetLocations>
			</targetParams>
		</li>
	</verbs>
	<comps>
		<li Class="MVCF.Comps.CompProperties_VerbGiver">
			<verbProps>
				<li>
					<label>ion missile launcher</label>
					<visualLabel>ion missile launcher</visualLabel>
					<canBeToggled>true</canBeToggled>
					<description>A mounted ion missile launcher.</description>
				</li>
			</verbProps>
		</li>
		<li Class="CompProperties_Reloadable">
			<maxCharges>5</maxCharges>
			<hotKey>Misc4</hotKey>
			<chargeNoun>missile</chargeNoun>
			<displayGizmoWhileUndrafted>false</displayGizmoWhileUndrafted>
			<destroyOnEmpty>true</destroyOnEmpty>
		  </li>
		  <li Class="CompProperties_Explosive">
			<explosiveRadius>5</explosiveRadius>
			<explosiveDamageType>guy762_GrenadeDamage_ion</explosiveDamageType>
			<requiredDamageTypeToExplode>Flame</requiredDamageTypeToExplode>
		  </li>
	</comps>
  </ThingDef>
  
  
  
  <ThingDef ParentName="guy762_DroidWeaponBase">
    <defName>guy762_LgtCannon_m_buster</defName>
    <label>mounted Buster missile launcher</label>
    <description>This reloadable mounted missile launcher is designed for use against heavily armored targets, such as vehicles and assault droids.</description>
    <graphicData>
      <texPath>Items/cannon/ordcannon_m_buster</texPath>
	  <drawSize>1.5</drawSize>
    </graphicData>
	<soundInteract>kotorsound_select_hvyrep</soundInteract>
    <statBases>
      <Mass>24</Mass>
      <MarketValue>11000</MarketValue>

	  <AccuracyTouch>0.50</AccuracyTouch>
	  <AccuracyShort>0.40</AccuracyShort>
	  <AccuracyMedium>0.20</AccuracyMedium>
	  <AccuracyLong>0.10</AccuracyLong>
	  
	  <RangedWeapon_Cooldown>10</RangedWeapon_Cooldown>
    </statBases>
	<equippedStatOffsets>
		<MoveSpeed>-0.4</MoveSpeed>
	</equippedStatOffsets>
    <apparel>
      <bodyPartGroups>
        <li>guy762BG_Droid_WeaponMount_advhvy</li>
      </bodyPartGroups>
	  <tags>
		<li>KotORLgtCannon_strong</li>
		<li>KotORLgtCannon_antiarmor</li>
	  </tags>
    </apparel>
	<tradeTags>
      <li>guy762TT_LightCannons</li>
    </tradeTags>
	<verbs>
		<li>
			<label>Buster missile launcher</label>
			<commandIcon>Items/cannon/ordcannon_m_buster</commandIcon>
			<verbClass>Verb_Shoot</verbClass>
			<hasStandardCommand>true</hasStandardCommand>
			<defaultProjectile>KotORMissile_buster</defaultProjectile>
			<warmupTime>5</warmupTime>
			<range>36</range>
			<ticksBetweenBurstShots>30</ticksBetweenBurstShots>
			<burstShotCount>1</burstShotCount>
			<soundCast>kotorsound_bigmissile</soundCast>
			<soundCastTail>GunTail_Heavy</soundCastTail>
			<muzzleFlashScale>9</muzzleFlashScale>
			<ai_IsWeapon>true</ai_IsWeapon>
			<forcedMissRadius>0.01</forcedMissRadius>
			<onlyManualCast>true</onlyManualCast>
			<ai_IsBuildingDestroyer>true</ai_IsBuildingDestroyer>
			<targetParams>
				<canTargetLocations>true</canTargetLocations>
			</targetParams>
		</li>
	</verbs>
	<comps>
		<li Class="MVCF.Comps.CompProperties_VerbGiver">
			<verbProps>
				<li>
					<label>Buster missile launcher</label>
					<visualLabel>Buster missile launcher</visualLabel>
					<canBeToggled>true</canBeToggled>
					<description>A mounted Buster missile launcher.</description>
				</li>
			</verbProps>
		</li>
		<li Class="CompProperties_Reloadable">
			<maxCharges>5</maxCharges>
			<hotKey>Misc4</hotKey>
			<chargeNoun>missile</chargeNoun>
			<displayGizmoWhileUndrafted>false</displayGizmoWhileUndrafted>
			<destroyOnEmpty>true</destroyOnEmpty>
		  </li>
		  <li Class="CompProperties_Explosive">
			<explosiveRadius>6</explosiveRadius>
			<explosiveDamageType>guy762_GrenadeDamage_frag</explosiveDamageType>
			<requiredDamageTypeToExplode>Flame</requiredDamageTypeToExplode>
		  </li>
	</comps>
  </ThingDef>
  
  

</Defs>
