<?xml version="1.0" encoding="utf-8" ?>
<Defs>

  
  <ThingDef ParentName="guy762_HeadbandBase">
    <defName>guy762_Headband_verpine</defName>
    <label>Verpine ocular enhancer</label>
    <description>Through assorted heads-up displays and sharpened vision, this device increases one's accuracy in combat. The Verpine only manufacture this product for export, having no need of it themselves. They have highly evolved sight, a quality they smugly say the visors mimic but do not exceed.</description>
    <graphicData>
      <texPath>Apparel/Headbands/verpineheadbandItem</texPath>
      <graphicClass>Graphic_Single</graphicClass>
    </graphicData>
    <statBases>
	  <MarketValue>1250</MarketValue>
      <MaxHitPoints>80</MaxHitPoints>
      <Mass>0.2</Mass>
	  <ArmorRating_Sharp>0.01</ArmorRating_Sharp>
	  <ArmorRating_Blunt>0.01</ArmorRating_Blunt>
	  <ArmorRating_Heat>0.01</ArmorRating_Heat>
      <EquipDelay>0.5</EquipDelay>
    </statBases>
	<equippedStatOffsets>
		<AimingDelayFactor>-0.2</AimingDelayFactor>
		<AccuracyTouch>0.2</AccuracyTouch>
		<AccuracyShort>0.2</AccuracyShort>
		<AccuracyMedium>0.2</AccuracyMedium>
		<AccuracyLong>0.2</AccuracyLong>
	</equippedStatOffsets>
    <apparel>
      <wornGraphicPath>Apparel/Headbands/verpineheadband</wornGraphicPath>
	  <!--shellCoversHead>true</shellCoversHead>
	  <hatRenderedAboveBody>true</hatRenderedAboveBody-->
	  <hatRenderedFrontOfFace>true</hatRenderedFrontOfFace>
	  <forceRenderUnderHair>false</forceRenderUnderHair>
      <bodyPartGroups>
        <li>Eyes</li>
      </bodyPartGroups>
      <layers>
        <li>EyeCover</li>
		<li>Overhead</li>
      </layers>
	  <tags>
		<li>KotORHeadband_combat</li>
		<li>SaV_apparel_huttgoon_adv</li>
		<li>KotORHeadband_fieldofficer</li>
	  </tags>
	  <countsAsClothingForNudity>false</countsAsClothingForNudity>
      <canBeGeneratedToSatisfyWarmth>false</canBeGeneratedToSatisfyWarmth>
      <canBeGeneratedToSatisfyToxicEnvironmentResistance>false</canBeGeneratedToSatisfyToxicEnvironmentResistance>
    </apparel>
	<tradeTags>
		<li>guy762TT_KotOREquipment_apparel</li>
	</tradeTags>
  </ThingDef>
  
  <ThingDef ParentName="guy762_HeadbandBase">
    <defName>guy762_Headband_nerualband</defName>
    <label>neural band</label>
    <description>Developed after the Exar Kun war, this item bolsters the willpower of the user by electrically reinforcing established mental patterns. Republic troops called it "Little Shocky".</description>
    <graphicData>
      <texPath>Apparel/Headbands/neuralbandItem</texPath>
      <graphicClass>Graphic_Single</graphicClass>
    </graphicData>
    <statBases>
	  <MarketValue>100</MarketValue>
      <MaxHitPoints>80</MaxHitPoints>
      <Mass>0.2</Mass>
	  <ArmorRating_Sharp>0.01</ArmorRating_Sharp>
	  <ArmorRating_Blunt>0.01</ArmorRating_Blunt>
	  <ArmorRating_Heat>0.01</ArmorRating_Heat>
      <EquipDelay>0.5</EquipDelay>
    </statBases>
	<equippedStatOffsets>
		<PainShockThreshold>0.2</PainShockThreshold>
		<MentalBreakThreshold>-0.2</MentalBreakThreshold>
	</equippedStatOffsets>
    <apparel>
      <wornGraphicPath>Apparel/Headbands/neuralband</wornGraphicPath>
	  <!--shellCoversHead>true</shellCoversHead>
	  <hatRenderedAboveBody>true</hatRenderedAboveBody-->
	  <hatRenderedFrontOfFace>true</hatRenderedFrontOfFace>
	  <forceRenderUnderHair>false</forceRenderUnderHair>
      <bodyPartGroups>
        <li>Eyes</li>
      </bodyPartGroups>
      <layers>
        <li>EyeCover</li>
		<li>Overhead</li>
      </layers>
	  <tags>
		<li>KotORHeadband_combat</li>
		<li>KotORHeadband_melee</li>
		<li>KotORHeadband_jedi</li>
		<li>SaV_apparel_huttgoon</li>
		<li>KotORHeadband_fieldofficer</li>
	  </tags>
	  <countsAsClothingForNudity>false</countsAsClothingForNudity>
      <canBeGeneratedToSatisfyWarmth>false</canBeGeneratedToSatisfyWarmth>
      <canBeGeneratedToSatisfyToxicEnvironmentResistance>false</canBeGeneratedToSatisfyToxicEnvironmentResistance>
    </apparel>
	<tradeTags>
		<li>guy762TT_KotOREquipment_apparel</li>
	</tradeTags>
  </ThingDef>
  
  <ThingDef ParentName="guy762_HeadbandBase">
    <defName>guy762_Headband_lightscan</defName>
    <label>light-scan goggles</label>
    <description>These are invaluable tools that increase visual acuity by analyzing light on several frequencies above those of normal sight.</description>
    <graphicData>
      <texPath>Apparel/Headbands/lightscangogglesItem</texPath>
      <graphicClass>Graphic_Single</graphicClass>
    </graphicData>
    <statBases>
	  <MarketValue>175</MarketValue>
      <MaxHitPoints>80</MaxHitPoints>
      <Mass>0.2</Mass>
	  <ArmorRating_Sharp>0.01</ArmorRating_Sharp>
	  <ArmorRating_Blunt>0.01</ArmorRating_Blunt>
	  <ArmorRating_Heat>0.01</ArmorRating_Heat>
      <EquipDelay>0.5</EquipDelay>
    </statBases>
	<equippedStatOffsets>
		<PawnTrapSpringChance>-0.4</PawnTrapSpringChance>
	</equippedStatOffsets>
    <apparel>
      <wornGraphicPath>Apparel/Headbands/lightscangoggles</wornGraphicPath>
	  <hatRenderedFrontOfFace>true</hatRenderedFrontOfFace>
	  <forceRenderUnderHair>true</forceRenderUnderHair>
      <bodyPartGroups>
        <li>Eyes</li>
      </bodyPartGroups>
      <layers>
        <li>EyeCover</li>
      </layers>
	  <tags>
		<li>KotORHeadband_combat</li>
	  </tags>
	  <countsAsClothingForNudity>false</countsAsClothingForNudity>
      <canBeGeneratedToSatisfyWarmth>false</canBeGeneratedToSatisfyWarmth>
      <canBeGeneratedToSatisfyToxicEnvironmentResistance>false</canBeGeneratedToSatisfyToxicEnvironmentResistance>
    </apparel>
	<tradeTags>
		<li>guy762TT_KotOREquipment_apparel</li>
	</tradeTags>
	<comps>
      <li Class="CompProperties_CauseHediff_Apparel">
        <hediff>guy762_Hediff_LightScan</hediff>
        <part>Head</part>
      </li>
    </comps>
  </ThingDef>
  
  <HediffDef>
    <defName>guy762_Hediff_LightScan</defName>
    <label>light-scan goggles</label>
    <description>Light-scan goggles are enhancing this person's vision.</description>
    <hediffClass>HediffWithComps</hediffClass>
    <stages>
      <li>
        <capMods>
          <li>
            <capacity>Sight</capacity>
            <offset>0.4</offset>
          </li>
        </capMods>
      </li>
    </stages>
    <comps>
      <li Class="HediffCompProperties_RemoveIfApparelDropped" />
    </comps>
    <isBad>false</isBad>
  </HediffDef>
  
  
  
  
  
  <ThingDef ParentName="guy762_HeadbandBase">
    <defName>guy762_Headband_bothan</defName>
    <label>Bothan sensory goggles</label>
    <description>Bothans place great importance on the tools of the information trade. They would consider these items to be of average quality, though their standards are exceptionally high.</description>
    <graphicData>
      <texPath>Apparel/Headbands/bothangogglesItem</texPath>
      <graphicClass>Graphic_Single</graphicClass>
    </graphicData>
    <statBases>
	  <MarketValue>2500</MarketValue>
      <MaxHitPoints>80</MaxHitPoints>
      <Mass>0.2</Mass>
	  <ArmorRating_Sharp>0.01</ArmorRating_Sharp>
	  <ArmorRating_Blunt>0.01</ArmorRating_Blunt>
	  <ArmorRating_Heat>0.01</ArmorRating_Heat>
      <EquipDelay>0.5</EquipDelay>
    </statBases>
	<equippedStatOffsets>
		<PawnTrapSpringChance>-0.4</PawnTrapSpringChance>
		<!--ConstructionSpeedFactor>0.3</ConstructionSpeedFactor-->
		<MortarMissRadiusFactor>-0.3</MortarMissRadiusFactor>
		<HackingSpeed MayRequire="Ludeon.RimWorld.Ideology">0.3</HackingSpeed>
	</equippedStatOffsets>
    <apparel>
      <wornGraphicPath>Apparel/Headbands/bothangoggles</wornGraphicPath>
	  <hatRenderedFrontOfFace>true</hatRenderedFrontOfFace>
	  <forceRenderUnderHair>true</forceRenderUnderHair>
      <bodyPartGroups>
        <li>Eyes</li>
      </bodyPartGroups>
      <layers>
        <li>EyeCover</li>
      </layers>
	  <tags>
		<li>KotORHeadband_tech</li>
		<li>KotORHeadband_sapper</li>
	  </tags>
	  <countsAsClothingForNudity>false</countsAsClothingForNudity>
      <canBeGeneratedToSatisfyWarmth>false</canBeGeneratedToSatisfyWarmth>
      <canBeGeneratedToSatisfyToxicEnvironmentResistance>false</canBeGeneratedToSatisfyToxicEnvironmentResistance>
    </apparel>
	<tradeTags>
		<li>guy762TT_KotOREquipment_apparel</li>
	</tradeTags>
  </ThingDef>
  
  <ThingDef ParentName="guy762_HeadbandBase">
    <defName>guy762_Headband_demovisor</defName>
    <label>demolitions visor</label>
    <description>This item uses advanced microprocessors to assist the wearer in the visual analysis of microelectronics commonly used in demolitions. The acuity granted also serves to improve general awareness.</description>
    <graphicData>
      <texPath>Apparel/Headbands/demovisorItem</texPath>
      <graphicClass>Graphic_Single</graphicClass>
    </graphicData>
    <statBases>
	  <MarketValue>1800</MarketValue>
      <MaxHitPoints>80</MaxHitPoints>
      <Mass>0.4</Mass>
	  <ArmorRating_Sharp>0.01</ArmorRating_Sharp>
	  <ArmorRating_Blunt>0.01</ArmorRating_Blunt>
	  <ArmorRating_Heat>0.01</ArmorRating_Heat>
      <EquipDelay>0.5</EquipDelay>
    </statBases>
	<equippedStatOffsets>
		<PawnTrapSpringChance>-0.8</PawnTrapSpringChance>
		<!--ConstructionSpeedFactor>0.4</ConstructionSpeedFactor-->
		<MortarMissRadiusFactor>-0.4</MortarMissRadiusFactor>
	</equippedStatOffsets>
    <apparel>
      <wornGraphicPath>Apparel/Headbands/demovisor</wornGraphicPath>
	  <hatRenderedFrontOfFace>true</hatRenderedFrontOfFace>
	  <forceRenderUnderHair>true</forceRenderUnderHair>
      <bodyPartGroups>
        <li>Eyes</li>
      </bodyPartGroups>
      <layers>
        <li>EyeCover</li>
      </layers>
	  <tags>
		<li>KotORHeadband_tech</li>
		<li>KotORHeadband_sapper</li>
	  </tags>
	  <countsAsClothingForNudity>false</countsAsClothingForNudity>
      <canBeGeneratedToSatisfyWarmth>false</canBeGeneratedToSatisfyWarmth>
      <canBeGeneratedToSatisfyToxicEnvironmentResistance>false</canBeGeneratedToSatisfyToxicEnvironmentResistance>
    </apparel>
	<tradeTags>
		<li>guy762TT_KotOREquipment_apparel</li>
	</tradeTags>
  </ThingDef>
  
  <ThingDef ParentName="guy762_HeadbandBase">
    <defName>guy762_Headband_exchange</defName>
    <label>Exchange visor</label>
    <description>These visors hone an Exchange agent's senses, making them virtually impossible to catch unaware. The enhanced awareness also increases the agent's effectiveness in combat and in setting delicate, complex explosives.</description>
    <graphicData>
      <texPath>Apparel/Headbands/exchangevisorItem</texPath>
      <graphicClass>Graphic_Single</graphicClass>
    </graphicData>
    <statBases>
	  <MarketValue>1500</MarketValue>
      <MaxHitPoints>80</MaxHitPoints>
      <Mass>0.2</Mass>
	  <ArmorRating_Sharp>0.01</ArmorRating_Sharp>
	  <ArmorRating_Blunt>0.01</ArmorRating_Blunt>
	  <ArmorRating_Heat>0.01</ArmorRating_Heat>
      <EquipDelay>0.5</EquipDelay>
    </statBases>
	<equippedStatOffsets>
		<PawnTrapSpringChance>-0.4</PawnTrapSpringChance>
		<MeleeDodgeChance>0.3</MeleeDodgeChance>
		<MortarMissRadiusFactor>-0.2</MortarMissRadiusFactor>
	</equippedStatOffsets>
    <apparel>
      <wornGraphicPath>Apparel/Headbands/exchangevisor</wornGraphicPath>
	  <!--shellCoversHead>true</shellCoversHead>
	  <hatRenderedAboveBody>true</hatRenderedAboveBody-->
	  <hatRenderedFrontOfFace>true</hatRenderedFrontOfFace>
	  <forceRenderUnderHair>false</forceRenderUnderHair>
      <bodyPartGroups>
        <li>Eyes</li>
      </bodyPartGroups>
      <layers>
        <li>EyeCover</li>
		<li>Overhead</li>
      </layers>
	  <tags>
		<li>KotORHeadband_combat</li>
		<li>KotORHeadband_melee</li>
		<li>SaV_ExchangeGadget</li>
	  </tags>
	  <countsAsClothingForNudity>false</countsAsClothingForNudity>
      <canBeGeneratedToSatisfyWarmth>false</canBeGeneratedToSatisfyWarmth>
      <canBeGeneratedToSatisfyToxicEnvironmentResistance>false</canBeGeneratedToSatisfyToxicEnvironmentResistance>
    </apparel>
	<tradeTags>
		<li>guy762TT_KotOREquipment_apparel</li>
	</tradeTags>
  </ThingDef>
  
  <ThingDef ParentName="guy762_HeadbandBase">
    <defName>guy762_Headband_medical</defName>
    <label>Medical interface visor</label>
    <description>Similar in functionality to the Bio-Stabilizer series of medical equipment, this visor is designed to assist in the care and treatment of injured individuals. By providing constant data and analysis on the condition of the patient, this visor greatly increases the chance of survival of even the most critically injured of patients.</description>
    <graphicData>
      <texPath>Apparel/Headbands/medicalvisorItem</texPath>
      <graphicClass>Graphic_Single</graphicClass>
    </graphicData>
    <statBases>
	  <MarketValue>5000</MarketValue>
      <MaxHitPoints>80</MaxHitPoints>
      <Mass>0.4</Mass>
	  <ArmorRating_Sharp>0.01</ArmorRating_Sharp>
	  <ArmorRating_Blunt>0.01</ArmorRating_Blunt>
	  <ArmorRating_Heat>0.01</ArmorRating_Heat>
      <EquipDelay>0.5</EquipDelay>
    </statBases>
	<equippedStatOffsets>
		<MedicalSurgerySuccessChance>1</MedicalSurgerySuccessChance>
		<MedicalTendQualityOffset>1</MedicalTendQualityOffset>
		<MedicalTendSpeed>1</MedicalTendSpeed>
	</equippedStatOffsets>
    <apparel>
      <wornGraphicPath>Apparel/Headbands/medicalvisor</wornGraphicPath>
	  <!--shellCoversHead>true</shellCoversHead>
	  <hatRenderedAboveBody>true</hatRenderedAboveBody-->
	  <hatRenderedFrontOfFace>true</hatRenderedFrontOfFace>
	  <forceRenderUnderHair>false</forceRenderUnderHair>
      <bodyPartGroups>
        <li>Eyes</li>
      </bodyPartGroups>
      <layers>
        <li>EyeCover</li>
		<li>Overhead</li>
      </layers>
	  <tags>
		<li>KotORUtility_medic</li>
	  </tags>
	  <countsAsClothingForNudity>false</countsAsClothingForNudity>
      <canBeGeneratedToSatisfyWarmth>false</canBeGeneratedToSatisfyWarmth>
      <canBeGeneratedToSatisfyToxicEnvironmentResistance>false</canBeGeneratedToSatisfyToxicEnvironmentResistance>
    </apparel>
	<tradeTags>
		<li>guy762TT_KotOREquipment_apparel</li>
	</tradeTags>
  </ThingDef>
  
  <ThingDef ParentName="guy762_HeadbandBase">
    <defName>guy762_Headband_regalvisor</defName>
    <label>regal visor</label>
    <description>This attractive headgear includes a voice enhancement module that regulates tone and volume of the wearer's speech. It is employed in diplomatic situations where the slightest error could offend.</description>
    <graphicData>
      <texPath>Apparel/Headbands/regalvisorItem</texPath>
      <graphicClass>Graphic_Single</graphicClass>
    </graphicData>
    <statBases>
	  <MarketValue>1500</MarketValue>
      <MaxHitPoints>80</MaxHitPoints>
      <Mass>0.2</Mass>
	  <ArmorRating_Sharp>0.01</ArmorRating_Sharp>
	  <ArmorRating_Blunt>0.01</ArmorRating_Blunt>
	  <ArmorRating_Heat>0.01</ArmorRating_Heat>
      <EquipDelay>0.5</EquipDelay>
    </statBases>
	<equippedStatOffsets>
		<SocialImpact>0.1</SocialImpact>
		<PawnBeauty>1</PawnBeauty>
		<ConversionPower MayRequire="Ludeon.RimWorld.Ideology">0.2</ConversionPower>
		<NegotiationAbility>0.2</NegotiationAbility>
		<TradePriceImprovement>0.2</TradePriceImprovement>
	</equippedStatOffsets>
    <apparel>
      <wornGraphicPath>Apparel/Headbands/regalvisor</wornGraphicPath>
	  <!--shellCoversHead>true</shellCoversHead>
	  <hatRenderedAboveBody>true</hatRenderedAboveBody-->
	  <hatRenderedFrontOfFace>true</hatRenderedFrontOfFace>
	  <forceRenderUnderHair>false</forceRenderUnderHair>
      <bodyPartGroups>
        <li>Eyes</li>
      </bodyPartGroups>
      <layers>
        <!--li>EyeCover</li-->
		<li>Overhead</li>
      </layers>
	  <tags>
		<li>SaV_apparel_crimelord</li>
		<li>SaV_apparel_roguetrader</li>
		<li>KotORHeadband_jedi</li>
		<li>KotORHeadband_regalvisor</li>
	  </tags>
	  <countsAsClothingForNudity>false</countsAsClothingForNudity>
      <canBeGeneratedToSatisfyWarmth>false</canBeGeneratedToSatisfyWarmth>
      <canBeGeneratedToSatisfyToxicEnvironmentResistance>false</canBeGeneratedToSatisfyToxicEnvironmentResistance>
    </apparel>
	<tradeTags>
		<li>guy762TT_KotOREquipment_apparel</li>
	</tradeTags>
  </ThingDef>
  
  <ThingDef ParentName="guy762_HeadbandBase">
    <defName>guy762_Headband_interface</defName>
    <label>interface visor</label>
    <description>This item provides a mental interface to a store of information on electronic systems common to security, repair, and general computing functions.</description>
    <graphicData>
      <texPath>Apparel/Headbands/interfacevisorItem</texPath>
      <graphicClass>Graphic_Single</graphicClass>
    </graphicData>
    <statBases>
	  <MarketValue>1000</MarketValue>
      <MaxHitPoints>80</MaxHitPoints>
      <Mass>0.2</Mass>
	  <ArmorRating_Sharp>0.01</ArmorRating_Sharp>
	  <ArmorRating_Blunt>0.01</ArmorRating_Blunt>
	  <ArmorRating_Heat>0.01</ArmorRating_Heat>
      <EquipDelay>0.5</EquipDelay>
    </statBases>
	<equippedStatOffsets>
		<MechRepairSpeed>0.2</MechRepairSpeed>
		<FixBrokenDownBuildingSuccessChance>0.2</FixBrokenDownBuildingSuccessChance>
		<ConstructSuccessChance>0.2</ConstructSuccessChance>
		
		<!--MHC_MechanicalSurgerySuccessChance>0.2</MHC_MechanicalSurgerySuccessChance>
		<MHC_MechanicalTendQualityOffset>0.2</MHC_MechanicalTendQualityOffset>
		<MHC_MechanicalTendSpeed>0.2</MHC_MechanicalTendSpeed-->
		
		<HackingSpeed MayRequire="Ludeon.RimWorld.Ideology">0.2</HackingSpeed>
		<ResearchSpeed>0.2</ResearchSpeed>
	</equippedStatOffsets>
    <apparel>
      <wornGraphicPath>Apparel/Headbands/interfacevisor</wornGraphicPath>
	  <!--shellCoversHead>true</shellCoversHead>
	  <hatRenderedAboveBody>true</hatRenderedAboveBody-->
	  <hatRenderedFrontOfFace>true</hatRenderedFrontOfFace>
	  <forceRenderUnderHair>false</forceRenderUnderHair>
      <bodyPartGroups>
        <li>Eyes</li>
      </bodyPartGroups>
      <layers>
        <li>EyeCover</li>
		<!--li>Overhead</li-->
      </layers>
	  <tags>
		<li>KotORHeadband_tech</li>
		<li>KotORUtility_engi</li>
	  </tags>
	  <countsAsClothingForNudity>false</countsAsClothingForNudity>
      <canBeGeneratedToSatisfyWarmth>false</canBeGeneratedToSatisfyWarmth>
      <canBeGeneratedToSatisfyToxicEnvironmentResistance>false</canBeGeneratedToSatisfyToxicEnvironmentResistance>
    </apparel>
	<tradeTags>
		<li>guy762TT_KotOREquipment_apparel</li>
	</tradeTags>
  </ThingDef>
  
  
  
  
  
  
  
  
  
  <ThingDef ParentName="guy762_HeadbandBase">
    <defName>guy762_Headband_breathmask</defName>
    <label>breath mask</label>
    <description>This is standard issue gear for Republic forces and most professional soldiers, protecting against a variety of gas-based attacks.</description>
    <graphicData>
      <texPath>Apparel/Headbands/breathmaskItem</texPath>
      <graphicClass>Graphic_Single</graphicClass>
    </graphicData>
    <statBases>
	  <MarketValue>100</MarketValue>
      <MaxHitPoints>100</MaxHitPoints>
      <Mass>0.3</Mass>
	  <ArmorRating_Sharp>0.02</ArmorRating_Sharp>
	  <ArmorRating_Blunt>0.02</ArmorRating_Blunt>
	  <ArmorRating_Heat>0.02</ArmorRating_Heat>
	  <Insulation_Cold>2</Insulation_Cold>
      <EquipDelay>0.5</EquipDelay>
    </statBases>
	<equippedStatOffsets>
      <ToxicEnvironmentResistance>1</ToxicEnvironmentResistance>
    </equippedStatOffsets>
    <apparel>
      <wornGraphicPath>Apparel/Headbands/breathmask</wornGraphicPath>
	  <hatRenderedFrontOfFace>true</hatRenderedFrontOfFace>
	  <forceRenderUnderHair>true</forceRenderUnderHair>
      <bodyPartGroups>
        <li>Mouth</li>
      </bodyPartGroups>
      <layers>
		<li>Overhead</li>
      </layers>
	  <tags>
		<li>KotORHeadband_utility</li>
		<li>KotORHeadband_gasmask</li>
		<li>KotORHeadband_fieldofficer</li>
		<li>KotORHeadband_AdvGasmask</li>
	  </tags>
      <countsAsClothingForNudity>false</countsAsClothingForNudity>
      <canBeGeneratedToSatisfyWarmth>false</canBeGeneratedToSatisfyWarmth>
      <canBeGeneratedToSatisfyToxicEnvironmentResistance>true</canBeGeneratedToSatisfyToxicEnvironmentResistance>
	  <immuneToToxGasExposure>true</immuneToToxGasExposure>
    </apparel>
	<tradeTags>
		<li>guy762TT_KotOREquipment_apparel</li>
	</tradeTags>
  </ThingDef>
  
  <ThingDef ParentName="guy762_HeadbandBase">
    <defName>guy762_Headband_rebreathermask</defName>
    <label>rebreather mask</label>
    <description>A solid improvement of the standard Breath Mask, the Rebreather also adds vigor-enhancing airborne stimulants to the regulated oxygen stream.</description>
    <graphicData>
      <texPath>Apparel/Headbands/stabilizermaskItem</texPath>
      <graphicClass>Graphic_Single</graphicClass>
    </graphicData>
    <statBases>
	  <MarketValue>5800</MarketValue>
      <MaxHitPoints>100</MaxHitPoints>
      <Mass>0.5</Mass>
	  <ArmorRating_Sharp>0.05</ArmorRating_Sharp>
	  <ArmorRating_Blunt>0.05</ArmorRating_Blunt>
	  <ArmorRating_Heat>0.05</ArmorRating_Heat>
	  <Insulation_Cold>5</Insulation_Cold>
      <EquipDelay>0.5</EquipDelay>
    </statBases>
	<equippedStatOffsets>
      <ToxicEnvironmentResistance>1</ToxicEnvironmentResistance>
	  <ToxicResistance>0.1</ToxicResistance>
	  <InjuryHealingFactor>0.1</InjuryHealingFactor>
	  <ImmunityGainSpeedFactor>0.1</ImmunityGainSpeedFactor>
    </equippedStatOffsets>
    <apparel>
      <wornGraphicPath>Apparel/Headbands/stabilizermask</wornGraphicPath>
	  <hatRenderedFrontOfFace>true</hatRenderedFrontOfFace>
	  <forceRenderUnderHair>true</forceRenderUnderHair>
      <bodyPartGroups>
        <li>Mouth</li>
		<li>Eyes</li>
      </bodyPartGroups>
      <layers>
		<li>EyeCover</li>
		<li>Overhead</li>
      </layers>
	  <tags>
		<li>KotORHeadband_utility</li>
		<li>KotORHeadband_AdvGasmask</li>
	  </tags>
      <countsAsClothingForNudity>false</countsAsClothingForNudity>
      <canBeGeneratedToSatisfyWarmth>false</canBeGeneratedToSatisfyWarmth>
      <canBeGeneratedToSatisfyToxicEnvironmentResistance>true</canBeGeneratedToSatisfyToxicEnvironmentResistance>
	  <immuneToToxGasExposure>true</immuneToToxGasExposure>
    </apparel>
	<tradeTags>
		<li>guy762TT_KotOREquipment_apparel</li>
	</tradeTags>
  </ThingDef>

</Defs>