<?xml version="1.0" encoding="utf-8" ?>
<Defs>
	<ThingDef ParentName="guy762_armorbase_soft">
		<defName>guy762_LgtBattleArmor</defName>
		<label>light battle armor</label>
		<techLevel>Spacer</techLevel>
		<description>Providing solid protection for a minimal cost, this armor is excellent for entrenched troops or guards. A force on the move, however, may find it somewhat constricting.</description>
		<graphicData>
			<texPath>Apparel/LightBattleArmor/Apparel</texPath>
			<graphicClass>Graphic_Single</graphicClass>
			<shaderType>CutoutComplex</shaderType>
			<colorTwo>(190,0,0)</colorTwo>
		</graphicData>
		<statBases>
			<Mass>10</Mass>
			<MarketValue>1000</MarketValue>
			
			<MaxHitPoints>350</MaxHitPoints>
      		<StuffEffectMultiplierArmor>0.7</StuffEffectMultiplierArmor>
			<StuffEffectMultiplierInsulation_Cold>0.40</StuffEffectMultiplierInsulation_Cold>
			<StuffEffectMultiplierInsulation_Heat>0.20</StuffEffectMultiplierInsulation_Heat>
			<EquipDelay>10</EquipDelay>
			<WorkToMake>20000</WorkToMake>
		</statBases>
		<equippedStatOffsets>
			<MoveSpeed>-0.3</MoveSpeed>
			<MeleeDodgeChance>-0.3</MeleeDodgeChance>
			<IncomingDamageFactor>-0.1</IncomingDamageFactor>
		</equippedStatOffsets>
		<recipeMaker>
			<skillRequirements>
				<Crafting>8</Crafting>
			</skillRequirements>
		</recipeMaker>
		<costStuffCount>120</costStuffCount>
		<stuffCategories>
		  <li>Leathery</li>
		  <li>Fabric</li>
		</stuffCategories>
		<costList>
			<Plasteel>60</Plasteel>
		</costList>
		<thingSetMakerTags>
		  <li>RewardStandardMidFreq</li>
		  <li>RewardStandardQualitySuper</li>
		</thingSetMakerTags>
		<apparel Inherit="False">
			<tags>
				<li>KotORArmor_mid</li>
				<li>SaV_outfit_merc</li>
			</tags>
			<wornGraphicPath>Apparel/LightBattleArmor/Apparel</wornGraphicPath>
			<useWornGraphicMask>true</useWornGraphicMask>
			<layers>
				<li>Middle</li>
				<li>OnSkin</li>
			</layers>
			<bodyPartGroups>
				<li>Torso</li>
				<li>Shoulders</li>
				<li>Neck</li>
				<li>Arms</li>
				<li>Hands</li>
				<li>Legs</li>
				<li>Feet</li>
			</bodyPartGroups>
			<useDeflectMetalEffect>false</useDeflectMetalEffect>
		</apparel>
		<tradeTags>
			<li>guy762TT_KotORArmor</li>
			<li>guy762TT_KotORGeneric_adv</li>
		</tradeTags>
		<colorGenerator Class="ColorGenerator_Options" Inherit="False">
			<options>
				<li>
					<weight>15</weight>
					<only>(190,155,120)</only>
				</li>
			</options>
		</colorGenerator>
	</ThingDef>
  
	
	
	<ThingDef ParentName="KotORArmorModdable_hard">
		<defName>guy762_LgtBattleArmor_bronzium</defName>
		<label>Bronzium light battle armor</label>
		<techLevel>Spacer</techLevel>
		<description>This molded armor is made of better materials than standard military issue, but is still relatively cheap and easy to mass-produce, making it ideal for light militias and the like.</description>
		<graphicData>
			<texPath>Apparel/LightBattleArmor/bronzium/Apparel</texPath>
			<graphicClass>Graphic_Single</graphicClass>
			<shaderType>CutoutComplex</shaderType>
			<colorTwo>(255,210,0)</colorTwo>
		</graphicData>
		<statBases>
			<Mass>10</Mass>
			<MarketValue>5500</MarketValue>
			<MaxHitPoints>350</MaxHitPoints>
      		<ArmorRating_Sharp>0.8</ArmorRating_Sharp>
			<ArmorRating_Blunt>0.85</ArmorRating_Blunt>
			<ArmorRating_Heat>0.9</ArmorRating_Heat>
			<Insulation_Cold>10</Insulation_Cold>
			<Insulation_Heat>10</Insulation_Heat>
			<EquipDelay>10</EquipDelay>
		</statBases>
		<equippedStatOffsets>
			<MoveSpeed>-0.3</MoveSpeed>
			<MeleeDodgeChance>-0.3</MeleeDodgeChance>
			<IncomingDamageFactor>-0.1</IncomingDamageFactor>
		</equippedStatOffsets>
		<thingSetMakerTags>
		  <li>RewardStandardMidFreq</li>
		</thingSetMakerTags>
		<apparel Inherit="False">
			<tags>
				<li>KotORArmor_mid</li>
				<li>SaV_outfit_merc</li>
				<li>SaV_apparel_bountyhuntermid</li>
				<li>SaV_apparel_gangboss</li>
			</tags>
			<wornGraphicPath>Apparel/LightBattleArmor/bronzium/Apparel</wornGraphicPath>
			<useWornGraphicMask>true</useWornGraphicMask>
			<layers>
				<li>Middle</li>
				<li>OnSkin</li>
			</layers>
			<bodyPartGroups>
				<li>Torso</li>
				<li>Shoulders</li>
				<li>Neck</li>
				<li>Arms</li>
				<li>Hands</li>
				<li>Legs</li>
				<li>Feet</li>
			</bodyPartGroups>
			<useDeflectMetalEffect>false</useDeflectMetalEffect>
		</apparel>
		<tradeTags>
			<li>guy762TT_KotORArmor</li>
		</tradeTags>
		<colorGenerator Class="ColorGenerator_Options" Inherit="False">
			<options>
				<li>
					<weight>15</weight>
					<only>(125,45,10)</only>
				</li>
			</options>
		</colorGenerator>
		
		<comps>
		  <li Class="ModularWeapons.CompProperties_ModularParts">
			<compClass>ModularWeapons.CompModularParts</compClass>
			<partKinds>
			  <li>guy762_slot_underlay</li>
			  <li>guy762_slot_overlay</li>
			</partKinds>
			<randomizeParts>true</randomizeParts>
		  </li>
		</comps>
	</ThingDef>
	
	<ThingDef ParentName="KotORArmorModdable_hard">
		<defName>guy762_LgtBattleArmor_power</defName>
		<label>powered light battle armor</label>
		<techLevel>Spacer</techLevel>
		<description>This is an early attempt at power-assisted armor. Dampening fields block the noise of servomotors, unintentionally shielding against external extremes in sonic frequencies as well.</description>
		<graphicData>
			<texPath>Apparel/LightBattleArmor/powered/Apparel</texPath>
			<graphicClass>Graphic_Single</graphicClass>
			<shaderType>CutoutComplex</shaderType>
			<colorTwo>(245,145,50)</colorTwo>
		</graphicData>
		<statBases>
			<Mass>10</Mass>
			<MarketValue>10000</MarketValue>
			<MaxHitPoints>350</MaxHitPoints>
      		<ArmorRating_Sharp>0.8</ArmorRating_Sharp>
			<ArmorRating_Blunt>0.85</ArmorRating_Blunt>
			<ArmorRating_Heat>0.9</ArmorRating_Heat>
			<Insulation_Cold>10</Insulation_Cold>
			<Insulation_Heat>10</Insulation_Heat>
			<EquipDelay>10</EquipDelay>
		</statBases>
		<equippedStatOffsets>
			<MoveSpeed>-0.3</MoveSpeed>
			<MeleeDodgeChance>-0.3</MeleeDodgeChance>
			<IncomingDamageFactor>-0.1</IncomingDamageFactor>
			<MeleeDamageFactor>0.1</MeleeDamageFactor>
			<DecompressionResistance MayRequire="kentington.saveourship2">0.75</DecompressionResistance>
		</equippedStatOffsets>
		<thingSetMakerTags>
		  <li>RewardStandardLowFreq</li>
		</thingSetMakerTags>
		<apparel Inherit="False">
			<tags>
				<li>EVA</li>
				<li>KotORArmor_mid</li>
				<li>SaV_outfit_merc</li>
				<li>SaV_apparel_bountyhuntermid</li>
			</tags>
			<wornGraphicPath>Apparel/LightBattleArmor/powered/Apparel</wornGraphicPath>
			<useWornGraphicMask>true</useWornGraphicMask>
			<layers>
				<li>Middle</li>
				<li>OnSkin</li>
			</layers>
			<bodyPartGroups>
				<li>Torso</li>
				<li>Shoulders</li>
				<li>Neck</li>
				<li>Arms</li>
				<li>Hands</li>
				<li>Legs</li>
				<li>Feet</li>
			</bodyPartGroups>
			<useDeflectMetalEffect>false</useDeflectMetalEffect>
		</apparel>
		<tradeTags>
			<li>guy762TT_KotORArmor</li>
		</tradeTags>
		<colorGenerator Class="ColorGenerator_Options" Inherit="False">
			<options>
				<li>
					<weight>15</weight>
					<only>(100,120,55)</only>
				</li>
			</options>
		</colorGenerator>
		
		<comps>
		  <li Class="ModularWeapons.CompProperties_ModularParts">
			<compClass>ModularWeapons.CompModularParts</compClass>
			<partKinds>
			  <li>guy762_slot_underlay</li>
			  <li>guy762_slot_overlay</li>
			  <li>guy762_slot_armortech</li>
			</partKinds>
			<randomizeParts>true</randomizeParts>
		  </li>
		  <li MayRequire="kentington.saveourship2">
			<compClass>SaveOurShip2.Comp_EVA</compClass>
		  </li>
		</comps>
	</ThingDef>
	
	<ThingDef ParentName="KotORArmorModdable_hard">
		<defName>guy762_LgtBattleArmor_krath</defName>
		<label>Krath Heavy Armor</label>
		<techLevel>Spacer</techLevel>
		<description>Typical of the old Krath military elite, these suits were worn during slave raids on neighboring systems. Slaving is profitable but risky, so little cost is spared in equipment.</description>
		<graphicData>
			<texPath>Apparel/LightBattleArmor/krath/Apparel</texPath>
			<graphicClass>Graphic_Single</graphicClass>
			<shaderType>CutoutComplex</shaderType>
			<colorTwo>(55,230,255)</colorTwo>
		</graphicData>
		<statBases>
			<Mass>10</Mass>
			<MarketValue>8620</MarketValue>
			<MaxHitPoints>350</MaxHitPoints>
      		<ArmorRating_Sharp>0.9</ArmorRating_Sharp>
			<ArmorRating_Blunt>0.95</ArmorRating_Blunt>
			<ArmorRating_Heat>1</ArmorRating_Heat>
			<Insulation_Cold>10</Insulation_Cold>
			<Insulation_Heat>10</Insulation_Heat>
			<EquipDelay>10</EquipDelay>
		</statBases>
		<equippedStatOffsets>
			<MoveSpeed>-0.3</MoveSpeed>
			<MeleeDodgeChance>-0.3</MeleeDodgeChance>
			<IncomingDamageFactor>-0.1</IncomingDamageFactor>
		</equippedStatOffsets>
		<thingSetMakerTags>
		  <li>RewardStandardLowFreq</li>
		</thingSetMakerTags>
		<apparel Inherit="False">
			<tags>
				<li>KotORArmor_mid</li>
				<li>KRA_trooper</li>
				<li>SaV_apparel_gangboss</li>
				<li>SaV_apparel_bountyhunterstrong</li>
			</tags>
			<wornGraphicPath>Apparel/LightBattleArmor/krath/Apparel</wornGraphicPath>
			<useWornGraphicMask>true</useWornGraphicMask>
			<layers>
				<li>Middle</li>
				<li>OnSkin</li>
			</layers>
			<bodyPartGroups>
				<li>Torso</li>
				<li>Shoulders</li>
				<li>Neck</li>
				<li>Arms</li>
				<li>Hands</li>
				<li>Legs</li>
				<li>Feet</li>
			</bodyPartGroups>
			<useDeflectMetalEffect>false</useDeflectMetalEffect>
		</apparel>
		<tradeTags>
			<li>guy762TT_KotORArmor</li>
			<li>guy762TT_KotORAntique</li>
		</tradeTags>
		<colorGenerator Class="ColorGenerator_Options" Inherit="False">
			<options>
				<li>
					<weight>15</weight>
					<only>(165,130,180)</only>
				</li>
			</options>
		</colorGenerator>
		
		<comps>
		  <li Class="ModularWeapons.CompProperties_ModularParts">
			<compClass>ModularWeapons.CompModularParts</compClass>
			<partKinds>
			  <li>guy762_slot_underlay</li>
			  <li>guy762_slot_overlay_hvy</li>
			</partKinds>
			<randomizeParts>true</randomizeParts>
		  </li>
		</comps>
	</ThingDef>
	
	<ThingDef ParentName="KotORArmorModdable_hard">
		<defName>guy762_LgtBattleArmor_electromesh</defName>
		<label>Electromesh Armor</label>
		<techLevel>Spacer</techLevel>
		<description>This flexible armor is used by Nagai soldiers. It is highly resistant to blaster fire and is designed to allow the Nagai to fully capitalize on their naturally high dexterity. It cannot be modified, however.</description>
		<graphicData>
			<texPath>Apparel/LightBattleArmor/electromesh/Apparel</texPath>
			<graphicClass>Graphic_Single</graphicClass>
			<shaderType>CutoutComplex</shaderType>
			<colorTwo>(75,75,75)</colorTwo>
		</graphicData>
		<statBases>
			<Mass>10</Mass>
			<MarketValue>15500</MarketValue>
			<MaxHitPoints>350</MaxHitPoints>
      		<ArmorRating_Sharp>0.7</ArmorRating_Sharp>
			<ArmorRating_Blunt>0.75</ArmorRating_Blunt>
			<ArmorRating_Heat>0.9</ArmorRating_Heat> <!--+0.1-->
			<Insulation_Cold>10</Insulation_Cold>
			<Insulation_Heat>10</Insulation_Heat>
			<EquipDelay>10</EquipDelay>
		</statBases>
		<equippedStatOffsets>
			<MoveSpeed>0.1</MoveSpeed>
			<MeleeDodgeChance>0.1</MeleeDodgeChance>
			<IncomingDamageFactor>-0.1</IncomingDamageFactor>
		</equippedStatOffsets>
		<thingSetMakerTags>
		  <li>RewardStandardLowFreq</li>
		</thingSetMakerTags>
		<apparel Inherit="False">
			<tags>
				<li>KotORArmor_mid</li>
				<li>SaV_apparel_nagai</li>
			</tags>
			<wornGraphicPath>Apparel/LightBattleArmor/electromesh/Apparel</wornGraphicPath>
			<useWornGraphicMask>true</useWornGraphicMask>
			<layers>
				<li>Middle</li>
				<li>OnSkin</li>
			</layers>
			<bodyPartGroups>
				<li>Torso</li>
				<li>Shoulders</li>
				<li>Neck</li>
				<li>Arms</li>
				<li>Hands</li>
				<li>Legs</li>
				<li>Feet</li>
			</bodyPartGroups>
			<useDeflectMetalEffect>false</useDeflectMetalEffect>
		</apparel>
		<tradeTags>
			<li>guy762TT_KotORElite</li>
		</tradeTags>
		<colorGenerator Class="ColorGenerator_Options" Inherit="False">
			<options>
				<li>
					<weight>15</weight>
					<only>(125,200,255)</only>
				</li>
			</options>
		</colorGenerator>
		
		<!--comps>
		  <li Class="ModularWeapons.CompProperties_ModularParts">
			<compClass>ModularWeapons.CompModularParts</compClass>
			<partKinds>
			  <li>guy762_slot_underlay</li>
			  <li>guy762_slot_overlay</li>
			</partKinds>
			<randomizeParts>true</randomizeParts>
		  </li>
		</comps-->
	</ThingDef>
  
  
  
  

</Defs>