<?xml version="1.0" encoding="utf-8" ?>
<Defs>
  
  <ThingDef ParentName="guy762_armorbase_hard">
		<defName>guy762_MilSuit</defName>
		<label>military suit</label>
		<techLevel>Spacer</techLevel>
		<description>This standard issue suit provides good protection, but can be heavier and more restrictive than some of its counterparts. Even so, many mercenaries swear the tradeoffs are worth it.</description>
		<graphicData>
			<texPath>Apparel/MilitarySuit/Apparel</texPath>
			<graphicClass>Graphic_Single</graphicClass>
			<shaderType>CutoutComplex</shaderType>
			<colorTwo>(190,0,0)</colorTwo>
		</graphicData>
		<recipeMaker>
			<skillRequirements>
				<Crafting>6</Crafting>
			</skillRequirements>
		</recipeMaker>
		<costStuffCount>80</costStuffCount>
		<stuffCategories>
		  <li>Metallic</li>
		</stuffCategories>
		<statBases>
			<Mass>8</Mass>
			<MarketValue>500</MarketValue>
			<WorkToMake>10000</WorkToMake>
			<MaxHitPoints>350</MaxHitPoints>
      		<StuffEffectMultiplierArmor>0.6</StuffEffectMultiplierArmor>
			<EquipDelay>4</EquipDelay>
		</statBases>
		<equippedStatOffsets>
			<MoveSpeed>-0.2</MoveSpeed>
			<MeleeDodgeChance>-0.2</MeleeDodgeChance>
			<IncomingDamageFactor>-0.1</IncomingDamageFactor>
		</equippedStatOffsets>
		<apparel Inherit="False">
			<tags>
				<li>KotORArmor_mid</li>
				<li>SaV_apparel_midmerc</li>
				<li>SaV_apparel_roguetrader</li>
			</tags>
			<wornGraphicPath>Apparel/MilitarySuit/Apparel</wornGraphicPath>
			<useWornGraphicMask>true</useWornGraphicMask>
			<layers>
				<li>Middle</li>
			</layers>
			<bodyPartGroups>
				<li>Torso</li>
				<li>Shoulders</li>
				<li>Neck</li>
			</bodyPartGroups>
			<useDeflectMetalEffect>true</useDeflectMetalEffect>
		</apparel>
		<tradeTags>
			<li>guy762TT_KotORArmor</li>
			<li>guy762TT_KotORGeneric_basic</li>
		</tradeTags>
		<colorGenerator Class="ColorGenerator_Options" Inherit="False">
			<options>
				<li>
					<weight>15</weight>
					<only>(180,185,185)</only>
				</li>
			</options>
		</colorGenerator>
	</ThingDef>
	
	<ThingDef ParentName="KotORArmorModdable_hard">
		<defName>guy762_MilSuit_militia</defName>
		<label>militia armor</label>
		<techLevel>Spacer</techLevel>
		<description>This modular armor is favored by militia forces across the galaxy.</description>
		<graphicData>
			<texPath>Apparel/MilitarySuit/militia/Apparel</texPath>
			<graphicClass>Graphic_Single</graphicClass>
			<shaderType>CutoutComplex</shaderType>
			<colorTwo>(165,110,50)</colorTwo>
		</graphicData>
		<statBases>
			<Mass>8</Mass>
			<MarketValue>1400</MarketValue>
			<MaxHitPoints>350</MaxHitPoints>
			<ArmorRating_Sharp>0.65</ArmorRating_Sharp>
			<ArmorRating_Blunt>0.5</ArmorRating_Blunt>
			<ArmorRating_Heat>0.75</ArmorRating_Heat>
			<EquipDelay>4</EquipDelay>
		</statBases>
		<equippedStatOffsets>
			<MoveSpeed>-0.2</MoveSpeed>
			<MeleeDodgeChance>-0.2</MeleeDodgeChance>
			<IncomingDamageFactor>-0.1</IncomingDamageFactor>
		</equippedStatOffsets>
		<apparel Inherit="False">
			<tags>
				<li>KotORArmor_mid</li>
				<li>PM_trooperarmor</li>
				<li>PM_apparel_jediexile</li>
			</tags>
			<wornGraphicPath>Apparel/MilitarySuit/militia/Apparel</wornGraphicPath>
			<useWornGraphicMask>true</useWornGraphicMask>
			<layers>
				<li>Middle</li>
			</layers>
			<bodyPartGroups>
				<li>Torso</li>
				<li>Shoulders</li>
				<li>Neck</li>
			</bodyPartGroups>
			<useDeflectMetalEffect>true</useDeflectMetalEffect>
		</apparel>
		<tradeTags>
			<li>guy762TT_KotORArmor</li>
		</tradeTags>
		<colorGenerator Class="ColorGenerator_Options" Inherit="False">
			<options>
				<li>
					<weight>15</weight>
					<only>(120,125,110)</only>
				</li>
			</options>
		</colorGenerator>
		<comps>
		  <li Class="ModularWeapons.CompProperties_ModularParts">
			<compClass>ModularWeapons.CompModularParts</compClass>
			<partKinds>
			  <li>guy762_slot_underlay</li>
			  <li>guy762_slot_overlay</li>
			</partKinds>
			<randomizeParts>true</randomizeParts>
		  </li>
		</comps>
	</ThingDef>
	
	<ThingDef ParentName="KotORArmorModdable_hard">
		<defName>guy762_MilSuit_echani</defName>
		<label>Echani Battle Armor</label>
		<techLevel>Spacer</techLevel>
		<description>This armor provides solid defense at the cost of some flexibility, although it is still an Echani product and is therefore well suited to quick-moving combat.</description>
		<graphicData>
			<texPath>Apparel/MilitarySuit/echani/Apparel</texPath>
			<graphicClass>Graphic_Single</graphicClass>
			<shaderType>CutoutComplex</shaderType>
			<colorTwo>(175,90,85)</colorTwo>
		</graphicData>
		<statBases>
			<Mass>8</Mass>
			<MarketValue>3300</MarketValue>
			<MaxHitPoints>350</MaxHitPoints>
			<ArmorRating_Sharp>0.75</ArmorRating_Sharp>
			<ArmorRating_Blunt>0.6</ArmorRating_Blunt>
			<ArmorRating_Heat>0.85</ArmorRating_Heat>
			<EquipDelay>4</EquipDelay>
		</statBases>
		<equippedStatOffsets>
			<MoveSpeed>-0.2</MoveSpeed>
			<MeleeDodgeChance>-0.2</MeleeDodgeChance>
			<IncomingDamageFactor>-0.1</IncomingDamageFactor>
		</equippedStatOffsets>
		<apparel Inherit="False">
			<tags>
				<li>KotORArmor_mid</li>
				<li>SaV_apparel_midmerc</li>
				<li>SaV_apparel_roguetrader</li>
				<li>SaV_echani_mid</li>
				<li>PM_apparel_jediexile</li>
			</tags>
			<wornGraphicPath>Apparel/MilitarySuit/echani/Apparel</wornGraphicPath>
			<useWornGraphicMask>true</useWornGraphicMask>
			<layers>
				<li>Middle</li>
			</layers>
			<bodyPartGroups>
				<li>Torso</li>
				<li>Shoulders</li>
				<li>Neck</li>
			</bodyPartGroups>
			<useDeflectMetalEffect>true</useDeflectMetalEffect>
		</apparel>
		<tradeTags>
			<li>guy762TT_KotORArmor</li>
		</tradeTags>
		<colorGenerator Class="ColorGenerator_Options" Inherit="False">
			<options>
				<li>
					<weight>15</weight>
					<only>(190,170,100)</only>
				</li>
			</options>
		</colorGenerator>
		<comps>
		  <li Class="ModularWeapons.CompProperties_ModularParts">
			<compClass>ModularWeapons.CompModularParts</compClass>
			<partKinds>
			  <li>guy762_slot_underlay</li>
			  <li>guy762_slot_overlay</li>
			</partKinds>
			<randomizeParts>true</randomizeParts>
		  </li>
		</comps>
	</ThingDef>
	
	<ThingDef ParentName="KotORArmorModdable_hard">
		<defName>guy762_MilSuit_cinnagar</defName>
		<label>Cinnagar War Suit</label>
		<techLevel>Spacer</techLevel>
		<description>After the Great Hyperspace War a thousand years ago, the heirs of Empress Teta militarized their world and industry, a legacy that produced battle armor still sought after today.</description>
		<graphicData>
			<texPath>Apparel/MilitarySuit/cinnagar/Apparel</texPath>
			<graphicClass>Graphic_Single</graphicClass>
			<shaderType>CutoutComplex</shaderType>
			<colorTwo>(75,165,145)</colorTwo>
		</graphicData>
		<statBases>
			<Mass>8</Mass>
			<MarketValue>6000</MarketValue>
			<MaxHitPoints>350</MaxHitPoints>
			<ArmorRating_Sharp>0.75</ArmorRating_Sharp>
			<ArmorRating_Blunt>0.6</ArmorRating_Blunt>
			<ArmorRating_Heat>0.85</ArmorRating_Heat>
			<EquipDelay>4</EquipDelay>
		</statBases>
		<equippedStatOffsets>
			<MoveSpeed>-0.2</MoveSpeed>
			<MeleeDodgeChance>-0.2</MeleeDodgeChance>
			<IncomingDamageFactor>-0.15</IncomingDamageFactor>
		</equippedStatOffsets>
		<apparel Inherit="False">
			<tags>
				<li>KotORArmor_mid</li>
				<li>SaV_apparel_midmerc</li>
				<li>SaV_apparel_roguetrader</li>
				<li>SaV_apparel_darkjedi</li>
			</tags>
			<wornGraphicPath>Apparel/MilitarySuit/cinnagar/Apparel</wornGraphicPath>
			<useWornGraphicMask>true</useWornGraphicMask>
			<layers>
				<li>Middle</li>
			</layers>
			<bodyPartGroups>
				<li>Torso</li>
				<li>Shoulders</li>
				<li>Neck</li>
			</bodyPartGroups>
			<useDeflectMetalEffect>true</useDeflectMetalEffect>
		</apparel>
		<tradeTags>
			<li>guy762TT_KotORArmor</li>
			<li>guy762TT_KotORAntique</li>
		</tradeTags>
		<colorGenerator Class="ColorGenerator_Options" Inherit="False">
			<options>
				<li>
					<weight>15</weight>
					<only>(90,70,50)</only>
				</li>
			</options>
		</colorGenerator>
		<comps>
		  <li Class="ModularWeapons.CompProperties_ModularParts">
			<compClass>ModularWeapons.CompModularParts</compClass>
			<partKinds>
			  <li>guy762_slot_underlay</li>
			  <li>guy762_slot_overlay</li>
			</partKinds>
			<randomizeParts>true</randomizeParts>
		  </li>
		</comps>
	</ThingDef>
	
	<ThingDef ParentName="KotORArmorModdable_hard">
		<defName>guy762_MilSuit_verpine</defName>
		<label>Verpine Fiber Mesh</label>
		<techLevel>Spacer</techLevel>
		<description>Raxsus Nuli had plans of planetary conquest in the wake of Sith aggression. Though eclipsed by recent events, the Jedi saw the pirate jailed and his Verpine stockpiles auctioned.</description>
		<graphicData>
			<texPath>Apparel/MilitarySuit/davik/Apparel</texPath>
			<graphicClass>Graphic_Single</graphicClass>
			<shaderType>CutoutComplex</shaderType>
			<colorTwo>(225,185,110)</colorTwo>
		</graphicData>
		<statBases>
			<Mass>8</Mass>
			<MarketValue>82000</MarketValue>
			<MaxHitPoints>350</MaxHitPoints>
			<ArmorRating_Sharp>0.85</ArmorRating_Sharp>
			<ArmorRating_Blunt>0.7</ArmorRating_Blunt>
			<ArmorRating_Heat>0.95</ArmorRating_Heat>
			<EquipDelay>4</EquipDelay>
		</statBases>
		<equippedStatOffsets>
			<MoveSpeed>-0.2</MoveSpeed>
			<MeleeDodgeChance>-0.2</MeleeDodgeChance>
			<IncomingDamageFactor>-0.1</IncomingDamageFactor>
		</equippedStatOffsets>
		<apparel Inherit="False">
			<tags>
				<li>KotORArmor_mid</li>
				<li>SaV_apparel_crimelord</li>
			</tags>
			<wornGraphicPath>Apparel/MilitarySuit/davik/Apparel</wornGraphicPath>
			<useWornGraphicMask>true</useWornGraphicMask>
			<layers>
				<li>Middle</li>
			</layers>
			<bodyPartGroups>
				<li>Torso</li>
				<li>Shoulders</li>
				<li>Neck</li>
			</bodyPartGroups>
			<useDeflectMetalEffect>true</useDeflectMetalEffect>
		</apparel>
		<tradeTags>
			<li>guy762TT_KotORArmor</li>
		</tradeTags>
		<colorGenerator Class="ColorGenerator_Options" Inherit="False">
			<options>
				<li>
					<weight>15</weight>
					<only>(135,100,140)</only>
				</li>
			</options>
		</colorGenerator>
		<comps>
		  <li Class="ModularWeapons.CompProperties_ModularParts">
			<compClass>ModularWeapons.CompModularParts</compClass>
			<partKinds>
			  <li>guy762_slot_underlay</li>
			  <li>guy762_slot_overlay</li>
			</partKinds>
			<randomizeParts>true</randomizeParts>
		  </li>
		</comps>
	</ThingDef>
	
	<ThingDef ParentName="KotORArmorModdable_hard">
		<defName>guy762_MilSuit_bastion</defName>
		<label>Environmental Bastion Armor</label>
		<techLevel>Spacer</techLevel>
		<description>A modified environmental suit, this armor gives the wearer complete protection from the elements as well as superior combat protection. With additional enhancements, it can be converted into a completely contained environmental system and shield the wearer from outside radiation as well.</description>
		<graphicData>
			<texPath>Apparel/MilitarySuit/cinnagar/Apparel</texPath>
			<graphicClass>Graphic_Single</graphicClass>
			<shaderType>CutoutComplex</shaderType>
			<colorTwo>(190,0,0)</colorTwo>
		</graphicData>
		<statBases>
			<Mass>8</Mass>
			<MarketValue>22000</MarketValue>
			<MaxHitPoints>350</MaxHitPoints>
			<ArmorRating_Sharp>0.75</ArmorRating_Sharp>
			<ArmorRating_Blunt>0.6</ArmorRating_Blunt>
			<ArmorRating_Heat>0.85</ArmorRating_Heat>
			<Insulation_Cold>100</Insulation_Cold>
			<Insulation_Heat>100</Insulation_Heat>
			<EquipDelay>4</EquipDelay>
		</statBases>
		<equippedStatOffsets>
			<MoveSpeed>-0.2</MoveSpeed>
			<MeleeDodgeChance>-0.2</MeleeDodgeChance>
			<IncomingDamageFactor>-0.1</IncomingDamageFactor>
			<DecompressionResistance MayRequire="kentington.saveourship2">0.125</DecompressionResistance>
		</equippedStatOffsets>
		<apparel Inherit="False">
			<tags>
				<li>KotORArmor_mid</li>
				<li>SaV_apparel_chiss</li>
			</tags>
			<wornGraphicPath>Apparel/MilitarySuit/cinnagar/Apparel</wornGraphicPath>
			<useWornGraphicMask>true</useWornGraphicMask>
			<layers>
				<li>Middle</li>
			</layers>
			<bodyPartGroups>
				<li>Torso</li>
				<li>Shoulders</li>
				<li>Neck</li>
			</bodyPartGroups>
			<useDeflectMetalEffect>true</useDeflectMetalEffect>
		</apparel>
		<tradeTags>
			<li>guy762TT_KotORElite</li>
		</tradeTags>
		<colorGenerator Class="ColorGenerator_Options" Inherit="False">
			<options>
				<li>
					<weight>15</weight>
					<only>(255,255,255)</only>
				</li>
			</options>
		</colorGenerator>
		<comps>
		  <li Class="ModularWeapons.CompProperties_ModularParts">
			<compClass>ModularWeapons.CompModularParts</compClass>
			<partKinds>
			  <li>guy762_slot_underlay</li>
			  <li>guy762_slot_overlay</li>
			  <li>guy762_slot_armortech</li>
			</partKinds>
			<randomizeParts>true</randomizeParts>
		  </li>
		</comps>
	</ThingDef>
  

</Defs>