<?xml version="1.0" encoding="utf-8" ?>
<Defs>
  
  
  <ThingDef ParentName="guy762_ModdableMakeableArmor_hard">
		<defName>guy762_MNCHelmet</defName>
		<label>Mandalorian Neo-Crusader Helmet</label>
		<techLevel>Spacer</techLevel>
		<description>Republic soldiers saw this armor all too often during the Mandalorian War. It's understandable that the conflict could drag on when a fanatical enemy is so defensively outfitted.</description>
		<graphicData>
			<texPath>Apparel/Mandalorian/NeoCrusader/NeoCrusader</texPath>
			<graphicClass>Graphic_Single</graphicClass>
			<shaderType>CutoutComplex</shaderType>
		</graphicData>
		<thingCategories>
		  <li>ArmorHeadgear</li>
		</thingCategories>
		<recipeMaker>
			<unfinishedThingDef>UnfinishedApparel</unfinishedThingDef>
			<skillRequirements>
				<Crafting>6</Crafting>
			</skillRequirements>
			<!--factionPrerequisiteTags>
				<li>guy762_KotORFaction_Mando</li>
			</factionPrerequisiteTags-->
		</recipeMaker>
		<costList>
			<ComponentSpacer>3</ComponentSpacer>
			<DevilstrandCloth>40</DevilstrandCloth>
			<Uranium>20</Uranium>
		</costList>
		<statBases>
			<Mass>4</Mass>
			<MarketValue>3750</MarketValue>
			<WorkToMake>26250</WorkToMake>
			<MaxHitPoints>175</MaxHitPoints>
      		<ArmorRating_Sharp>0.8</ArmorRating_Sharp>
			<ArmorRating_Blunt>1</ArmorRating_Blunt>
			<ArmorRating_Heat>0.9</ArmorRating_Heat>
			<Insulation_Cold>10</Insulation_Cold>
			<Insulation_Heat>10</Insulation_Heat>
			<EquipDelay>8</EquipDelay>
		</statBases>
		<equippedStatOffsets>
			<ToxicEnvironmentResistance>0.5</ToxicEnvironmentResistance>
			<HypoxiaResistance MayRequire="kentington.saveourship2">1</HypoxiaResistance>
			<DecompressionResistance MayRequire="kentington.saveourship2">0.25</DecompressionResistance>
		</equippedStatOffsets>
		<apparel>
			<countsAsClothingForNudity>false</countsAsClothingForNudity>
			<!--immuneToToxGasExposure>true</immuneToToxGasExposure-->
			<tags>
				<li>MNCFactionArmor</li>
				<li>EVA</li>
			</tags>
			<wornGraphicPath>Apparel/Mandalorian/NeoCrusader/NeoCrusader</wornGraphicPath>
			<useWornGraphicMask>true</useWornGraphicMask>
			<layers>
				<li>Overhead</li>
				<li>EyeCover</li>
			</layers>
			<bodyPartGroups>
				<li>FullHead</li>
			</bodyPartGroups>
			<useDeflectMetalEffect>true</useDeflectMetalEffect>
			<!--ideoDesireAllowedFactionCategoryTags>
				<li>guy762_KotORFaction_Mando</li>
			</ideoDesireAllowedFactionCategoryTags-->
			<canBeDesiredForIdeo>true</canBeDesiredForIdeo>
		</apparel>
		<tradeTags>
			<li>guy762TT_MNCArmor</li>
		</tradeTags>
		<thingSetMakerTags>
		  <li>RewardStandardLowFreq</li>
		  <li>RewardStandardQualitySuper</li>
		</thingSetMakerTags>
		<colorGenerator Class="ColorGenerator_Options" Inherit="False">
			<options>
				<!--li>
					<weight>15</weight>
					<only>(180,185,185)</only>
				</li-->
				<li>
					<weight>10</weight>
					<only>(125,155,195)</only>
				</li>
				<li>
					<weight>5</weight>
					<only>(180,85,85)</only>
				</li>
				<li>
					<weight>1</weight>
					<only>(210,160,15)</only>
				</li>
			</options>
		</colorGenerator>
		<comps>
		  <li Class="ModularWeapons.CompProperties_ModularParts">
			<compClass>ModularWeapons.CompModularParts</compClass>
			<partKinds>
			  <li>guy762_slot_underlay_hat</li>
			</partKinds>
			<randomizeParts>true</randomizeParts>
		  </li>
		</comps>
	</ThingDef>
	
	
	
	
	
	
	
	
	
	
	
	
	
	
	
	
	
	
	
	
	
	
	
	<ThingDef ParentName="guy762_ModdableMakeableArmor_hard">
		<defName>guy762_MidBattleArmor_mando</defName>
		<label>Mandalorian Recon Armor</label>
		<techLevel>Spacer</techLevel>
		<description>Mandalorians are among the most feared combatants in the galaxy, and the quality of their gear may be why. Even the lowliest warrior is a threat in such protective armor.</description>
		<graphicData>
			<texPath>Apparel/MidBattleArmor/mando/Apparel</texPath>
			<graphicClass>Graphic_Single</graphicClass>
			<shaderType>CutoutComplex</shaderType>
			<colorTwo>(160,130,110)</colorTwo>
		</graphicData>
		<recipeMaker>
			<skillRequirements>
				<Crafting>10</Crafting>
			</skillRequirements>
			<!--factionPrerequisiteTags>
				<li>guy762_KotORFaction_Mando</li>
			</factionPrerequisiteTags-->
		</recipeMaker>
		<costList>
			<Uranium>80</Uranium>
			<ComponentSpacer>2</ComponentSpacer>
			<Synthread>120</Synthread>
		</costList>
		<statBases>
			<Mass>12</Mass>
			<MarketValue>8620</MarketValue>
			<MaxHitPoints>500</MaxHitPoints>
      		<ArmorRating_Sharp>1.05</ArmorRating_Sharp>
			<ArmorRating_Blunt>0.9</ArmorRating_Blunt>
			<ArmorRating_Heat>1.15</ArmorRating_Heat>
			<Insulation_Cold>10</Insulation_Cold>
			<Insulation_Heat>10</Insulation_Heat>
			<EquipDelay>10</EquipDelay>
		</statBases>
		<equippedStatOffsets>
			<MoveSpeed>-0.4</MoveSpeed>
			<MeleeDodgeChance>-0.4</MeleeDodgeChance>
			<IncomingDamageFactor>-0.15</IncomingDamageFactor>
		</equippedStatOffsets>
		<thingSetMakerTags>
		  <li>RewardStandardMidFreq</li>
		  <li>RewardStandardQualitySuper</li>
		</thingSetMakerTags>
		<apparel Inherit="False">
			<tags>
				<li>EVA</li>
				<li>KotORArmor_heavy</li>
				<li>SaV_outfit_merc</li>
			</tags>
			<wornGraphicPath>Apparel/MidBattleArmor/mando/Apparel</wornGraphicPath>
			<useWornGraphicMask>true</useWornGraphicMask>
			<layers>
				<li>Middle</li>
				<li>OnSkin</li>
			</layers>
			<bodyPartGroups>
				<li>Torso</li>
				<li>Shoulders</li>
				<li>Neck</li>
				<li>Arms</li>
				<li>Hands</li>
				<li>Legs</li>
				<li>Feet</li>
			</bodyPartGroups>
			<useDeflectMetalEffect>false</useDeflectMetalEffect>
		</apparel>
		<tradeTags>
			<li>guy762TT_MNCArmor</li>
		</tradeTags>
		<colorGenerator Class="ColorGenerator_Options" Inherit="False">
			<options>
				<li>
					<weight>10</weight>
					<only>(125,155,195)</only>
				</li>
				<li>
					<weight>5</weight>
					<only>(180,85,85)</only>
				</li>
				<li>
					<weight>1</weight>
					<only>(210,160,15)</only>
				</li>
			</options>
		</colorGenerator>
		
		<comps>
		  <li Class="ModularWeapons.CompProperties_ModularParts">
			<compClass>ModularWeapons.CompModularParts</compClass>
			<partKinds>
			  <li>guy762_slot_underlay</li>
			  <li>guy762_slot_overlay_hvy</li>
			</partKinds>
			<randomizeParts>true</randomizeParts>
		  </li>
		</comps>
	</ThingDef>
	
	<ThingDef ParentName="guy762_ModdableMakeableArmor_hard">
		<defName>guy762_MandoArmor_battle</defName>
		<label>Mandalorian Battle Armor</label>
		<techLevel>Spacer</techLevel>
		<description>Republic soldiers saw this armor all too often during the Mandalorian War. It's understandable that the conflict could drag on when a fanatical enemy is so defensively outfitted.</description>
		<graphicData>
			<texPath>Apparel/HeavyBattleArmor/Chest</texPath>
			<graphicClass>Graphic_Single</graphicClass>
			<shaderType>CutoutComplex</shaderType>
		</graphicData>
		<recipeMaker>
			<skillRequirements>
				<Crafting>11</Crafting>
			</skillRequirements>
			<!--factionPrerequisiteTags>
				<li>guy762_KotORFaction_Mando</li>
			</factionPrerequisiteTags-->
		</recipeMaker>
		<costList>
			<Uranium>150</Uranium>
			<ComponentSpacer>2</ComponentSpacer>
		</costList>
		<statBases>
			<Mass>14</Mass>
			<MarketValue>7000</MarketValue>
			<WorkToMake>76200</WorkToMake>
			<MaxHitPoints>500</MaxHitPoints>
      		<ArmorRating_Sharp>1.15</ArmorRating_Sharp>
			<ArmorRating_Blunt>1</ArmorRating_Blunt>
			<ArmorRating_Heat>1.25</ArmorRating_Heat>
			<EquipDelay>10</EquipDelay>
		</statBases>
		<equippedStatOffsets>
			<MoveSpeed>-0.5</MoveSpeed>
			<MeleeDodgeChance>-0.5</MeleeDodgeChance>
			<IncomingDamageFactor>-0.15</IncomingDamageFactor>
		</equippedStatOffsets>
		<thingSetMakerTags>
		  <li>RewardStandardMidFreq</li>
		  <li>RewardStandardQualitySuper</li>
		</thingSetMakerTags>
		<apparel Inherit="False">
			<tags>
				<li>SaV_outfit_elite</li>
				<li>MNC_outfit_mid</li>
				<li>MNCFactionArmor</li>
			</tags>
			<wornGraphicPath>Apparel/HeavyBattleArmor/Chest</wornGraphicPath>
			<useWornGraphicMask>true</useWornGraphicMask>
			<layers>
				<li>Middle</li>
			</layers>
			<bodyPartGroups>
				<li>Torso</li>
				<li>Shoulders</li>
				<li>Neck</li>
				<li>Arms</li>
				<li>Hands</li>
				<li>Legs</li>
				<li>Feet</li>
			</bodyPartGroups>
			<useDeflectMetalEffect>true</useDeflectMetalEffect>
		</apparel>
		<tradeTags>
			<li>guy762TT_MNCArmor</li>
		</tradeTags>
		<colorGenerator Class="ColorGenerator_Options" Inherit="False">
			<options>
				<!--li>
					<weight>15</weight>
					<only>(180,185,185)</only>
				</li-->
				<li>
					<weight>10</weight>
					<only>(125,155,195)</only>
				</li>
				<li>
					<weight>5</weight>
					<only>(180,85,85)</only>
				</li>
				<li>
					<weight>1</weight>
					<only>(210,160,15)</only>
				</li>
			</options>
		</colorGenerator>
		
		<comps>
		  <li Class="ModularWeapons.CompProperties_ModularParts">
			<compClass>ModularWeapons.CompModularParts</compClass>
			<partKinds>
			  <li>guy762_slot_underlay_hvy</li>
			  <li>guy762_slot_overlay_hvy</li>
			</partKinds>
			<randomizeParts>true</randomizeParts>
		  </li>
		</comps>
	</ThingDef>
	
	<ThingDef ParentName="guy762_ModdableMakeableArmor_hard">
		<defName>guy762_MandoArmor_assault</defName>
		<label>Mandalorian Assault Armor</label>
		<techLevel>Spacer</techLevel>
		<description>This was the armor of the Mandalorian elite frontline troops, a sight that Republic soldiers were all too familiar with during the war.</description>
		<graphicData>
			<texPath>Apparel/Mandalorian/NeoCrusader/Chest</texPath>
			<graphicClass>Graphic_Single</graphicClass>
			<shaderType>CutoutComplex</shaderType>
		</graphicData>
		<recipeMaker>
			<skillRequirements>
				<Crafting>12</Crafting>
			</skillRequirements>
			<!--factionPrerequisiteTags>
				<li>guy762_KotORFaction_Mando</li>
			</factionPrerequisiteTags-->
		</recipeMaker>
		<costList>
			<Uranium>175</Uranium>
			<ComponentSpacer>4</ComponentSpacer>
		</costList>
		<statBases>
			<Mass>16</Mass>
			<MarketValue>12000</MarketValue>
			<WorkToMake>87500</WorkToMake>
			<MaxHitPoints>500</MaxHitPoints>
      		<ArmorRating_Sharp>1.35</ArmorRating_Sharp>
			<ArmorRating_Blunt>1.2</ArmorRating_Blunt>
			<ArmorRating_Heat>1.45</ArmorRating_Heat>
			<Insulation_Cold>25</Insulation_Cold>
			<Insulation_Heat>25</Insulation_Heat>
			<EquipDelay>12</EquipDelay>
		</statBases>
		<equippedStatOffsets>
			<MoveSpeed>-0.5</MoveSpeed>
			<MeleeDodgeChance>-0.5</MeleeDodgeChance>
			<IncomingDamageFactor>-0.15</IncomingDamageFactor>
		</equippedStatOffsets>
		<thingSetMakerTags>
		  <li>RewardStandardLowFreq</li>
		  <li>RewardStandardQualitySuper</li>
		</thingSetMakerTags>
		<apparel Inherit="False">
			<tags>
				<li>MNC_outfit_heavy</li>
				<li>MNCFactionArmor</li>
				<li>SaV_apparel_starbountyhunter</li>
			</tags>
			<wornGraphicPath>Apparel/Mandalorian/NeoCrusader/Chest</wornGraphicPath>
			<useWornGraphicMask>true</useWornGraphicMask>
			<layers>
				<li>Middle</li>
			</layers>
			<bodyPartGroups>
				<li>Torso</li>
				<li>Shoulders</li>
				<li>Neck</li>
				<li>Arms</li>
				<li>Hands</li>
				<li>Legs</li>
				<li>Feet</li>
			</bodyPartGroups>
			<useDeflectMetalEffect>true</useDeflectMetalEffect>
		</apparel>
		<tradeTags>
			<li>guy762TT_MNCArmor</li>
		</tradeTags>
		<colorGenerator Class="ColorGenerator_Options" Inherit="False">
			<options>
				<!--li>
					<weight>15</weight>
					<only>(180,185,185)</only>
				</li-->
				<li>
					<weight>10</weight>
					<only>(125,155,195)</only>
				</li>
				<li>
					<weight>5</weight>
					<only>(180,85,85)</only>
				</li>
				<li>
					<weight>1</weight>
					<only>(210,160,15)</only>
				</li>
			</options>
		</colorGenerator>
		
		<comps>
		  <li Class="ModularWeapons.CompProperties_ModularParts">
			<compClass>ModularWeapons.CompModularParts</compClass>
			<partKinds>
			  <li>guy762_slot_underlay_hvy</li>
			  <li>guy762_slot_overlay_hvy</li>
			</partKinds>
			<randomizeParts>true</randomizeParts>
		  </li>
		</comps>
	</ThingDef>
	
	
	
	
	<ThingDef ParentName="guy762_ModdableMakeableArmor_hard">
		<defName>guy762_MandoArmor_supercom</defName>
		<label>Mandalorian Supercommando Armor</label>
		<techLevel>Spacer</techLevel>
		<description>This armor is reserved for respected veteran Mandalorians. Immensely sturdy, stabilizers diffuse energy throughout the frame, shielding the wearer from disorienting impacts.</description>
		<graphicData>
			<texPath>Apparel/Mandalorian/Supercommando/Apparel</texPath>
			<graphicClass>Graphic_Single</graphicClass>
			<shaderType>CutoutComplex</shaderType>
			<colorTwo>(160,110,35)</colorTwo>
		</graphicData>
		<recipeMaker>
			<skillRequirements>
				<Crafting>16</Crafting>
			</skillRequirements>
			<!--factionPrerequisiteTags>
				<li>guy762_KotORFaction_Mando</li>
			</factionPrerequisiteTags-->
		</recipeMaker>
		<costList>
			<Uranium>175</Uranium>
			<ComponentSpacer>8</ComponentSpacer>
		</costList>
		<statBases>
			<Mass>16</Mass>
			<MarketValue>24000</MarketValue>
			<WorkToMake>100000</WorkToMake>
			<MaxHitPoints>500</MaxHitPoints>
      		<ArmorRating_Sharp>1.25</ArmorRating_Sharp>
			<ArmorRating_Blunt>1.1</ArmorRating_Blunt>
			<ArmorRating_Heat>1.35</ArmorRating_Heat>
			<EquipDelay>12</EquipDelay>
		</statBases>
		<equippedStatOffsets>
			<MoveSpeed>-0.5</MoveSpeed>
			<MeleeDodgeChance>-0.5</MeleeDodgeChance>
			<IncomingDamageFactor>-0.15</IncomingDamageFactor>
			<StaggerDurationFactor>-1</StaggerDurationFactor>
		</equippedStatOffsets>
		<apparel Inherit="False">
			<tags>
				<li>MNC_outfit_supercom</li>
				<li>MNC_outfit_mandalore</li>
				<li>MNCFactionArmor</li>
			</tags>
			<wornGraphicPath>Apparel/Mandalorian/Supercommando/Apparel</wornGraphicPath>
			<useWornGraphicMask>true</useWornGraphicMask>
			<layers>
				<li>Middle</li>
			</layers>
			<bodyPartGroups>
				<li>Torso</li>
				<li>Shoulders</li>
				<li>Neck</li>
				<li>Arms</li>
				<li>Hands</li>
				<li>Legs</li>
				<li>Feet</li>
			</bodyPartGroups>
			<useDeflectMetalEffect>true</useDeflectMetalEffect>
		</apparel>
		<tradeTags>
			<li>guy762TT_MNCArmor</li>
		</tradeTags>
		<colorGenerator Class="ColorGenerator_Options" Inherit="False">
			<options>
				<li>
					<weight>15</weight>
					<only>(180,185,185)</only>
				</li>
			</options>
		</colorGenerator>
		
		<comps>
		  <li Class="ModularWeapons.CompProperties_ModularParts">
			<compClass>ModularWeapons.CompModularParts</compClass>
			<partKinds>
			  <li>guy762_slot_underlay_hvy</li>
			  <li>guy762_slot_overlay_hvy</li>
			  <li>guy762_slot_armortech</li>
			</partKinds>
			<randomizeParts>true</randomizeParts>
		  </li>
		</comps>
	</ThingDef>
	
	
	
	<ThingDef ParentName="guy762_ModdableMakeableArmor_hard">
		<defName>guy762_MandoHelmet_supercom</defName>
		<label>Mandalorian Supercommando Helmet</label>
		<techLevel>Spacer</techLevel>
		<description>Derived from earlier Mandalorian Crusader models used during the Exar Kun war, these helmets offered far greater protection and modularity than the Neo-Crusader hood. Only the most elite Mandalorian veterans were allowed to deviate from Neo-Crusader principals of uniformity by wearing these prized helmets.</description>
		<graphicData>
			<texPath>Apparel/Mandalorian/Supercommando/helmet</texPath>
			<graphicClass>Graphic_Single</graphicClass>
			<shaderType>CutoutComplex</shaderType>
			<!--colorTwo>(160,110,35)</colorTwo-->
		</graphicData>
		<thingCategories>
		  <li>ArmorHeadgear</li>
		</thingCategories>
		<recipeMaker>
			<unfinishedThingDef>UnfinishedApparel</unfinishedThingDef>
			<skillRequirements>
				<Crafting>12</Crafting>
			</skillRequirements>
			<!--factionPrerequisiteTags>
				<li>guy762_KotORFaction_Mando</li>
			</factionPrerequisiteTags-->
		</recipeMaker>
		<costList>
			<ComponentSpacer>5</ComponentSpacer>
			<Uranium>80</Uranium>
		</costList>
		<statBases>
			<Mass>6</Mass>
			<MarketValue>7500</MarketValue>
			<WorkToMake>50000</WorkToMake>
			<MaxHitPoints>250</MaxHitPoints>
      		<ArmorRating_Sharp>0.95</ArmorRating_Sharp>
			<ArmorRating_Blunt>0.8</ArmorRating_Blunt>
			<ArmorRating_Heat>1.05</ArmorRating_Heat>
			<EquipDelay>8</EquipDelay>
		</statBases>
		<equippedStatOffsets>
			<ToxicEnvironmentResistance>0.5</ToxicEnvironmentResistance>
			<HypoxiaResistance MayRequire="kentington.saveourship2">1</HypoxiaResistance>
			<DecompressionResistance MayRequire="kentington.saveourship2">0.25</DecompressionResistance>
		</equippedStatOffsets>
		<apparel>
			<countsAsClothingForNudity>false</countsAsClothingForNudity>
			<!--immuneToToxGasExposure>true</immuneToToxGasExposure-->
			<tags>
				<li>MNC_outfit_supercom</li>
				<li>MNC_outfit_mandalore</li>
				<li>EVA</li>
			</tags>
			<wornGraphicPath>Apparel/Mandalorian/Supercommando/helmet</wornGraphicPath>
			<useWornGraphicMask>true</useWornGraphicMask>
			<layers>
				<li>Overhead</li>
				<li>EyeCover</li>
			</layers>
			<bodyPartGroups>
				<li>FullHead</li>
			</bodyPartGroups>
			<useDeflectMetalEffect>true</useDeflectMetalEffect>
			<!--ideoDesireAllowedFactionCategoryTags>
				<li>guy762_KotORFaction_Mando</li>
			</ideoDesireAllowedFactionCategoryTags-->
			<canBeDesiredForIdeo>true</canBeDesiredForIdeo>
		</apparel>
		<tradeTags>
			<li>guy762TT_MNCArmor</li>
		</tradeTags>
		<colorGenerator Class="ColorGenerator_Options" Inherit="False">
			<options>
				<li>
					<weight>15</weight>
					<only>(180,185,185)</only>
				</li>
			</options>
		</colorGenerator>
		<comps>
		  <li Class="ModularWeapons.CompProperties_ModularParts">
			<compClass>ModularWeapons.CompModularParts</compClass>
			<partKinds>
			  <li>guy762_slot_underlay_hat</li>
			  <li>guy762_slot_overlay_hvy</li>
			  <li>guy762_slot_helmettech</li>
			</partKinds>
			<randomizeParts>true</randomizeParts>
		  </li>
		  <li MayRequire="smartkar.athenaframework" Class="AthenaFramework.CompProperties_CustomApparelBody">
			<hideHead>true</hideHead>
		  </li>
		</comps>
	</ThingDef>

</Defs>