<?xml version="1.0" encoding="utf-8" ?>
<Defs>
	
	
  <ThingDef ParentName="guy762_clothingbase">
    <defName>guy762_Bodysuit_czerka</defName>
    <label>Czerka laborer worksuit</label>
    <description>These are simple garments that protect little more than the modesty of the wearer.</description>
    <graphicData>
      <texPath>Apparel/Undersuits/worker/Apparel</texPath>
      <graphicClass>Graphic_Single</graphicClass>
	  <shaderType>CutoutComplex</shaderType>
	  <colorTwo>(75,115,90)</colorTwo>
    </graphicData>
	<statBases>
		<Mass>4</Mass>
		<MarketValue>20</MarketValue>
		<WorkToMake>1000</WorkToMake>
		<MaxHitPoints>150</MaxHitPoints>
		<ArmorRating_Sharp>0.01</ArmorRating_Sharp>
		<ArmorRating_Blunt>0.01</ArmorRating_Blunt>
		<ArmorRating_Heat>0.01</ArmorRating_Heat>
		<Insulation_Cold>10</Insulation_Cold>
		<Insulation_Heat>15</Insulation_Heat>
		<EquipDelay>3</EquipDelay>
	</statBases>
	<equippedStatOffsets>
	  <WorkSpeedGlobal>0.1</WorkSpeedGlobal>
    </equippedStatOffsets>
    <apparel>
      <tags Inherit="False">
		<li>czkera_slave</li>
      </tags>
      <wornGraphicPath>Apparel/Undersuits/worker/Apparel</wornGraphicPath>
	  <useWornGraphicMask>true</useWornGraphicMask>
      <defaultOutfitTags Inherit="False">
		<li>Worker</li>
	  </defaultOutfitTags>
    </apparel>
	<tradeTags>
		<li>guy762TT_KotORUnderArmor</li>
	</tradeTags>
    <costList>
      <Synthread>75</Synthread>
    </costList>
	<colorGenerator Class="ColorGenerator_Options" Inherit="False">
		<options>
			<li>
				<weight>15</weight>
				<only>(220,170,95)</only>
			</li>
		</options>
	</colorGenerator>
  </ThingDef>
  
  
  <ThingDef ParentName="guy762_nocraftclothingbase">
		<defName>guy762_Clothing_czerka</defName>
		<label>Czerka employee uniform</label>
		<description>These are simple garments that protect little more than the modesty of the wearer.</description>
		<graphicData>
		  <texPath>Apparel/Undersuits/czerka/Apparel</texPath>
		  <graphicClass>Graphic_Single</graphicClass>
		  <shaderType>CutoutComplex</shaderType>
		  <colorTwo>(220,170,95)</colorTwo>
		</graphicData>
		<statBases>
			<Mass>3</Mass>
			<MarketValue>10</MarketValue>
			<MaxHitPoints>100</MaxHitPoints>
			<ArmorRating_Sharp>0.01</ArmorRating_Sharp>
			<ArmorRating_Blunt>0.01</ArmorRating_Blunt>
			<ArmorRating_Heat>0.01</ArmorRating_Heat>
			<Insulation_Cold>5</Insulation_Cold>
			<Insulation_Heat>10</Insulation_Heat>
			<EquipDelay>3</EquipDelay>
		</statBases>
		<equippedStatOffsets>
		  <TradePriceImprovement>0.1</TradePriceImprovement>
		</equippedStatOffsets>
		<apparel>
		  <tags Inherit="False">
			<li>czerka_worker</li>
		  </tags>
		  <wornGraphicPath>Apparel/Undersuits/czerka/Apparel</wornGraphicPath>
		  <useWornGraphicMask>true</useWornGraphicMask>
		  <defaultOutfitTags Inherit="False">
			<li>Worker</li>
		  </defaultOutfitTags>
		</apparel>
		<tradeTags>
			<li>guy762TT_KotORClothes</li>
		</tradeTags>
		<colorGenerator Class="ColorGenerator_Options" Inherit="False">
			<options>
				<li>
					<weight>15</weight>
					<only>(75,115,90)</only>
				</li>
			</options>
		</colorGenerator>
	  </ThingDef>
	  
	  
	  
	  <ThingDef ParentName="guy762_nocraftclothingbase">
		<defName>guy762_Clothing_czerkaofficer</defName>
		<label>Czerka officer uniform</label>
		<description>These are simple garments that protect little more than the modesty of the wearer.</description>
		<graphicData>
		  <texPath>Apparel/Undersuits/czerkaofficer/Apparel</texPath>
		  <graphicClass>Graphic_Single</graphicClass>
		  <shaderType>CutoutComplex</shaderType>
		  <colorTwo>(220,170,95)</colorTwo>
		</graphicData>
		<statBases>
			<Mass>3</Mass>
			<MarketValue>1000</MarketValue>
			<MaxHitPoints>100</MaxHitPoints>
			<ArmorRating_Sharp>0.01</ArmorRating_Sharp>
			<ArmorRating_Blunt>0.01</ArmorRating_Blunt>
			<ArmorRating_Heat>0.01</ArmorRating_Heat>
			<Insulation_Cold>5</Insulation_Cold>
			<Insulation_Heat>10</Insulation_Heat>
			<EquipDelay>3</EquipDelay>
		</statBases>
		<equippedStatOffsets>
		  <SocialImpact>0.2</SocialImpact>
		  <TradePriceImprovement>0.3</TradePriceImprovement>
		</equippedStatOffsets>
		<apparel>
		  <tags Inherit="False">
			<li>czerka_officer</li>
		  </tags>
		  <wornGraphicPath>Apparel/Undersuits/czerkaofficer/Apparel</wornGraphicPath>
		  <useWornGraphicMask>true</useWornGraphicMask>
		  <defaultOutfitTags Inherit="False">
			<li>Worker</li>
		  </defaultOutfitTags>
		</apparel>
		<tradeTags>
			<li>guy762TT_KotORElite</li>
		</tradeTags>
		<colorGenerator Class="ColorGenerator_Options" Inherit="False">
			<options>
				<li>
					<weight>15</weight>
					<only>(75,115,90)</only>
				</li>
			</options>
		</colorGenerator>
	  </ThingDef>
	  
	  
	  
	  
	  
	  
	  
	  
	  
	  
	  
	  
	  <ThingDef ParentName="KotORArmorModdable_hard">
		<defName>guy762_HelmetLgtBattle_TSL</defName>
		<label>Czerka Enforcer Helmet</label>
		<techLevel>Spacer</techLevel>
		<description>Providing solid protection for a minimal cost, this armor is excellent for entrenched troops or guards. A force on the move, however, may find it somewhat constricting.</description>
		<graphicData>
			<texPath>Apparel/Helmets/LightBattleHelmet</texPath>
			<graphicClass>Graphic_Single</graphicClass>
			<shaderType>CutoutComplex</shaderType>
			<colorTwo>(160,110,35)</colorTwo>
		</graphicData>
		<thingCategories>
		  <li>ArmorHeadgear</li>
		</thingCategories>
		<statBases>
			<Mass>4</Mass>
			<MarketValue>450</MarketValue>
			<MaxHitPoints>175</MaxHitPoints>
      		<ArmorRating_Sharp>0.6</ArmorRating_Sharp>
			<ArmorRating_Blunt>0.65</ArmorRating_Blunt>
			<ArmorRating_Heat>0.7</ArmorRating_Heat>
			<Insulation_Cold>6</Insulation_Cold>
			<Insulation_Heat>6</Insulation_Heat>
			<EquipDelay>10</EquipDelay>
		</statBases>
		
		<apparel Inherit="False">
			<tags>
				<li>KotORArmor_mid</li>
			</tags>
			<wornGraphicPath>Apparel/Helmets/LightBattleHelmet</wornGraphicPath>
			<useWornGraphicMask>true</useWornGraphicMask>
			<layers>
				<li>EyeCover</li>
				<li>Overhead</li>
			</layers>
			<bodyPartGroups>
				<li>Eyes</li>
				<li>UpperHead</li>
			</bodyPartGroups>
			<useDeflectMetalEffect>false</useDeflectMetalEffect>
		</apparel>
		
		<tradeTags>
			<li>guy762TT_KotORArmor</li>
		</tradeTags>
		
		<colorGenerator Class="ColorGenerator_Options" Inherit="False">
			<options>
				<li>
					<weight>15</weight>
					<only>(75,115,90)</only>
				</li>
			</options>
		</colorGenerator>
		<comps>
		  <li Class="ModularWeapons.CompProperties_ModularParts">
			<compClass>ModularWeapons.CompModularParts</compClass>
			<partKinds>
			  <li>guy762_slot_underlay_hat</li>
			</partKinds>
			<randomizeParts>true</randomizeParts>
		  </li>
		</comps>
	</ThingDef>
	  
	  
	  
	  
	  <ThingDef ParentName="KotORArmorModdable_hard">
		<defName>guy762_LgtBattleArmor_TSL</defName>
		<label>Czerka Enforcer Armor</label>
		<techLevel>Spacer</techLevel>
		<description>Providing solid protection for a minimal cost, this armor is excellent for entrenched troops or guards. A force on the move, however, may find it somewhat constricting.</description>
		<graphicData>
			<texPath>Apparel/LightBattleArmor/TSL/Apparel</texPath>
			<graphicClass>Graphic_Single</graphicClass>
			<shaderType>CutoutComplex</shaderType>
			<colorTwo>(160,110,35)</colorTwo>
		</graphicData>
		<statBases>
			<Mass>10</Mass>
			<MarketValue>2250</MarketValue>
			<MaxHitPoints>350</MaxHitPoints>
      		<ArmorRating_Sharp>0.7</ArmorRating_Sharp>
			<ArmorRating_Blunt>0.75</ArmorRating_Blunt>
			<ArmorRating_Heat>0.8</ArmorRating_Heat>
			<Insulation_Cold>10</Insulation_Cold>
			<Insulation_Heat>10</Insulation_Heat>
			<EquipDelay>10</EquipDelay>
		</statBases>
		<equippedStatOffsets>
			<MoveSpeed>-0.3</MoveSpeed>
			<MeleeDodgeChance>-0.3</MeleeDodgeChance>
			<IncomingDamageFactor>-0.1</IncomingDamageFactor>
		</equippedStatOffsets>
		<apparel Inherit="False">
			<tags>
				<li>KotORArmor_mid</li>
				<li>SaV_outfit_merc</li>
				<li>CZC_enforcer</li>
			</tags>
			<wornGraphicPath>Apparel/LightBattleArmor/TSL/Apparel</wornGraphicPath>
			<useWornGraphicMask>true</useWornGraphicMask>
			<layers>
				<li>Middle</li>
				<li>OnSkin</li>
			</layers>
			<bodyPartGroups>
				<li>Torso</li>
				<li>Shoulders</li>
				<li>Neck</li>
				<li>Arms</li>
				<li>Hands</li>
				<li>Legs</li>
				<li>Feet</li>
			</bodyPartGroups>
			<useDeflectMetalEffect>false</useDeflectMetalEffect>
		</apparel>
		<tradeTags>
			<li>guy762TT_KotORArmor</li>
		</tradeTags>
		<colorGenerator Class="ColorGenerator_Options" Inherit="False">
			<options>
				<li>
					<weight>15</weight>
					<only>(75,115,90)</only>
				</li>
			</options>
		</colorGenerator>
		
		<comps>
		  <li Class="ModularWeapons.CompProperties_ModularParts">
			<compClass>ModularWeapons.CompModularParts</compClass>
			<partKinds>
			  <li>guy762_slot_underlay</li>
			  <li>guy762_slot_overlay</li>
			</partKinds>
			<randomizeParts>true</randomizeParts>
		  </li>
		</comps>
	</ThingDef>
	  
	  
	  
  
  
</Defs>