<?xml version="1.0" encoding="utf-8" ?>
<Defs>

		
  
  
  <ThingDef ParentName="KotORArmorModdable_soft">
    <defName>guy762_MalakTunic</defName>
    <label>Darth Malak's Armored Tunic</label>
    <description>It is believed that Darth Malak, the fallen former apprentice of Darth Revan, once possessed this garment. Malak and Revan are credited with starting the Jedi Civil War, which led to the collapse of the Jedi Order.</description>
    <graphicData>
      <texPath>Apparel/CharacterOutfits/Immortalus_SithLords/Malak/apparel</texPath>
      <graphicClass>Graphic_Single</graphicClass>
    </graphicData>
    <statBases>
		<Mass>6</Mass>
		<MarketValue>250000</MarketValue>
		<MaxHitPoints>1000</MaxHitPoints>
		<ArmorRating_Sharp>0.7</ArmorRating_Sharp>
		<ArmorRating_Blunt>0.75</ArmorRating_Blunt>
		<ArmorRating_Heat>0.8</ArmorRating_Heat>
		<Insulation_Cold>25</Insulation_Cold>
		<Insulation_Heat>25</Insulation_Heat>
		<EquipDelay>5</EquipDelay>
	</statBases>
	<equippedStatOffsets>
      <MoveSpeed>-0.1</MoveSpeed>
	  <MeleeDodgeChance>-0.1</MeleeDodgeChance>
	  <PsychicSensitivity>0.4</PsychicSensitivity>
	  <MeleeDamageFactor>0.3</MeleeDamageFactor>
	  <InjuryHealingFactor>0.2</InjuryHealingFactor>
    </equippedStatOffsets>
    <apparel>
		<layers>
			<li>OnSkin</li>
			<!--li>Middle</li-->
		</layers>
		<bodyPartGroups>
			<li>Torso</li>
			<li>Neck</li>
			<li>Shoulders</li>
			<li>Arms</li>
			<!--li>Hands</li-->
			<li>Legs</li>
			<li>Feet</li>
		</bodyPartGroups>
		<tags Inherit="False">
			<li>SE_apparel_malak</li>
		</tags>
		<wornGraphicPath>Apparel/CharacterOutfits/Immortalus_SithLords/Malak/apparel</wornGraphicPath>
    </apparel>
	<tradeTags>
		<li>guy762TT_KotORLegendary</li>
	</tradeTags>
	<comps>
	  <li Class="ModularWeapons.CompProperties_ModularParts">
		<compClass>ModularWeapons.CompModularParts</compClass>
		<partKinds>
		  <li>guy762_slot_underlay_hvy</li>
		</partKinds>
		<randomizeParts>true</randomizeParts>
	  </li>
	</comps>
  </ThingDef>
  
  <ThingDef ParentName="KotORArmorModdable_soft">
    <defName>guy762_MalakCape</defName>
    <label>Darth Malak's Cape</label>
    <description>It is believed that Darth Malak, the fallen former apprentice of Darth Revan, once possessed this garment. Malak and Revan are credited with starting the Jedi Civil War, which led to the collapse of the Jedi Order.</description>
    <graphicData>
      <texPath>Apparel/CharacterOutfits/Immortalus_SithLords/Capes/Malak/apparel</texPath>
      <graphicClass>Graphic_Single</graphicClass>
    </graphicData>
    <statBases>
		<Mass>2</Mass>
		<MarketValue>100000</MarketValue>
		<MaxHitPoints>1000</MaxHitPoints>
		<ArmorRating_Sharp>0.01</ArmorRating_Sharp>
		<ArmorRating_Blunt>0.01</ArmorRating_Blunt>
		<ArmorRating_Heat>0.01</ArmorRating_Heat>
		<EquipDelay>3</EquipDelay>
	</statBases>
	<equippedStatOffsets>
	  <MeleeDodgeChance>0.4</MeleeDodgeChance>
    </equippedStatOffsets>
    <apparel>
		<layers>
			<li>Shell</li>
		</layers>
		<bodyPartGroups>
			<li>Torso</li>
			<li>Neck</li>
			<li>Shoulders</li>
			<li>Arms</li>
			<li>Legs</li>
		</bodyPartGroups>
		<tags Inherit="False">
			<li>SE_apparel_malak</li>
		</tags>
		<wornGraphicPath>Apparel/CharacterOutfits/Immortalus_SithLords/Capes/Malak/apparel</wornGraphicPath>
    </apparel>
	<tradeTags>
		<li>guy762TT_KotORLegendary</li>
	</tradeTags>
  </ThingDef>
  
  
  
  <HediffDef ParentName="AddedBodyPartBase">
    <defName>guy762_BionicHediff_malakjaw</defName>
    <label>bionic denture</label>
    <labelNoun>a bionic denture</labelNoun>
    <description>An installed bionic denture.</description>
    <descriptionHyperlinks><ThingDef>guy762_Implant_malakjaw</ThingDef></descriptionHyperlinks>
    <spawnThingOnRemoved>guy762_Implant_malakjaw</spawnThingOnRemoved>
    <woundAnchorRange>0</woundAnchorRange>
    <displayWound>true</displayWound>
    <addedPartProps>
      <solid>true</solid>
      <partEfficiency>1.25</partEfficiency>
      <betterThanNatural>true</betterThanNatural>
    </addedPartProps>
	<comps>
      <li Class="CosmeticHediff.HediffCompProperties_Cosmetic">
        <graphicPath>Apparel/CharacterOutfits/Immortalus_SithLords/Malak/denture</graphicPath>
        <layer>head</layer>
        <!--layer>overHeadgear</layer-->
        <hideHair>false</hideHair>
        <useBodytype>false</useBodytype>
      </li>
    </comps>
  </HediffDef>

  <ThingDef ParentName="BodyPartBionicBase">
    <defName>guy762_Implant_malakjaw</defName>
    <label>bionic denture</label>
    <description>bionic jaw</description>
    <descriptionHyperlinks><RecipeDef>guy762_InstallHediff_malakjaw</RecipeDef></descriptionHyperlinks>
    <costList>
      <Plasteel>15</Plasteel>
      <ComponentSpacer>4</ComponentSpacer>
    </costList>
    <thingSetMakerTags><li>RewardStandardMidFreq</li></thingSetMakerTags>
    <statBases>
      <Mass>2</Mass>
    </statBases>
	<!--techHediffsTags Inherit="False">
      <li>guy762TechTag_malakjaw</li>
    </techHediffsTags-->
  </ThingDef>

  <RecipeDef ParentName="SurgeryInstallBodyPartArtificialBase">
    <defName>guy762_InstallHediff_malakjaw</defName>
    <label>install bionic denture</label>
    <description>Install a bionic denture.</description>
    <descriptionHyperlinks>
      <ThingDef>guy762_Implant_malakjaw</ThingDef>
      <HediffDef>guy762_BionicHediff_malakjaw</HediffDef>
    </descriptionHyperlinks>
    <jobString>Installing bionic denture.</jobString>
    <ingredients>
      <li>
        <filter>
          <thingDefs>
            <li>guy762_Implant_malakjaw</li>
          </thingDefs>
        </filter>
        <count>1</count>
      </li>
    </ingredients>
    <fixedIngredientFilter>
      <thingDefs>
        <li>guy762_Implant_malakjaw</li>
      </thingDefs>
    </fixedIngredientFilter>
    <appliedOnFixedBodyParts>
      <li>Jaw</li>
    </appliedOnFixedBodyParts>
    <addsHediff>guy762_BionicHediff_malakjaw</addsHediff>
  </RecipeDef>
  
  
  
  
  
  
  
  
  
  <ThingDef ParentName="KotORArmorModdable_soft">
    <defName>guy762_RevanRobes</defName>
    <label>Darth Revan's Armor</label>
    <description>Created by the mystical technology of the Star Forge, these robes focus the dark side energies of the wearer, fueling their power. The Sith Lord Darth Revan was wearing similar robes when captured by the Jedi, who viewed the garments as an abomination and destroyed them. However the Jedi Council, not being familiar with the origins of the robes, were unaware that the Star Forge would be capable of producing an item of such terrible power a second time.</description>
    <graphicData>
      <texPath>Apparel/CharacterOutfits/Immortalus_SithLords/Revan/apparel</texPath>
      <graphicClass>Graphic_Single</graphicClass>
    </graphicData>
    <statBases>
		<Mass>6</Mass>
		<MarketValue>1000000</MarketValue>
		<MaxHitPoints>1000</MaxHitPoints>
		<ArmorRating_Sharp>0.5</ArmorRating_Sharp>
		<ArmorRating_Blunt>0.55</ArmorRating_Blunt>
		<ArmorRating_Heat>0.6</ArmorRating_Heat>
		<Insulation_Cold>15</Insulation_Cold>
		<Insulation_Heat>15</Insulation_Heat>
		<EquipDelay>10</EquipDelay>
	</statBases>
	<equippedStatOffsets>
	  <IncomingDamageFactor>-0.05</IncomingDamageFactor>
      <PsychicSensitivity>0.5</PsychicSensitivity>
	  <MeleeDamageFactor>0.4</MeleeDamageFactor>
	  <InjuryHealingFactor>0.1</InjuryHealingFactor>
    </equippedStatOffsets>
    <apparel>
		<layers>
			<li>OnSkin</li>
			<li>Middle</li>
		</layers>
		<bodyPartGroups>
			<li>Torso</li>
			<li>Neck</li>
			<li>Shoulders</li>
			<li>Arms</li>
			<li>Hands</li>
			<li>Legs</li>
			<li>Feet</li>
		</bodyPartGroups>
		<tags Inherit="False">
			<li>SE_apparel_revan</li>
		</tags>
		<wornGraphicPath>Apparel/CharacterOutfits/Immortalus_SithLords/Revan/apparel</wornGraphicPath>
    </apparel>
	<tradeTags>
		<li>guy762TT_KotORLegendary</li>
	</tradeTags>
	<comps>
	  <li Class="ModularWeapons.CompProperties_ModularParts">
		<compClass>ModularWeapons.CompModularParts</compClass>
		<partKinds>
		  <li>guy762_slot_underlay_robe</li>
		  <li>guy762_slot_overlay</li>
		</partKinds>
		<randomizeParts>true</randomizeParts>
	  </li>
	</comps>
  </ThingDef>
  
  <ThingDef ParentName="guy762_HatModdableBase">
    <defName>guy762_RevanMask</defName>
    <label>Darth Revan's Mask</label>
    <description>Hero, villain, this legendary mask symbolizes the pivotal moment that started it all.</description>
    <graphicData>
      <texPath>Apparel/CharacterOutfits/Immortalus_SithLords/Revan/hood</texPath>
      <graphicClass>Graphic_Single</graphicClass>
    </graphicData>
    <statBases>
	  <MarketValue>2000000</MarketValue>
      <MaxHitPoints>1000</MaxHitPoints>
      <Mass>2</Mass>
	  <ArmorRating_Sharp>0.1</ArmorRating_Sharp>
	  <ArmorRating_Blunt>0.1</ArmorRating_Blunt>
	  <ArmorRating_Heat>0.1</ArmorRating_Heat>
	  <Insulation_Cold>5</Insulation_Cold>
	  <Insulation_Heat>5</Insulation_Heat>
      <EquipDelay>3</EquipDelay>
    </statBases>
	<equippedStatOffsets>
	  <ToxicEnvironmentResistance>0.5</ToxicEnvironmentResistance>
	  <PsychicSensitivity>0.5</PsychicSensitivity>
	  <MentalBreakThreshold>-1</MentalBreakThreshold>
	  <InjuryHealingFactor>0.1</InjuryHealingFactor>
    </equippedStatOffsets>
    <apparel>
      <wornGraphicPath>Apparel/CharacterOutfits/Immortalus_SithLords/Revan/hood</wornGraphicPath>
      <layers>
		<li>Overhead</li>
		<li>EyeCover</li>
	  </layers>
	  <bodyPartGroups>
		<li>FullHead</li>
	  </bodyPartGroups>
	  <tags>
		<li>SE_apparel_revan</li>
	  </tags>
	  <immuneToToxGasExposure>true</immuneToToxGasExposure>
      <countsAsClothingForNudity>false</countsAsClothingForNudity>
      <canBeGeneratedToSatisfyWarmth>false</canBeGeneratedToSatisfyWarmth>
    </apparel>
	<tradeTags>
		<li>guy762TT_KotORLegendary</li>
	</tradeTags>
	<comps>
		<li Class="ModularWeapons.CompProperties_ModularParts">
			<compClass>ModularWeapons.CompModularParts</compClass>
			<partKinds>
			  <li>guy762_slot_underlay_hat</li>
			  <li>guy762_slot_helmettech_visor</li>
			</partKinds>
			<randomizeParts>true</randomizeParts>
		  </li>
		<li MayRequire="smartkar.athenaframework" Class="AthenaFramework.CompProperties_CustomApparelBody">
			<hideHead>true</hideHead>
		</li>
	</comps>
  </ThingDef>
  
  
  <ThingDef ParentName="KotORArmorModdable_soft">
    <defName>guy762_RevanCloak</defName>
    <label>Darth Revan's cloak</label>
    <description>Created by the mystical technology of the Star Forge, these robes focus the dark side energies of the wearer, fueling their power. The Sith Lord Darth Revan was wearing similar robes when captured by the Jedi, who viewed the garments as an abomination and destroyed them. However the Jedi Council, not being familiar with the origins of the robes, were unaware that the Star Forge would be capable of producing an item of such terrible power a second time.</description>
    <graphicData>
      <texPath>Apparel/CharacterOutfits/Immortalus_SithLords/Capes/Revan/apparel</texPath>
      <graphicClass>Graphic_Single</graphicClass>
    </graphicData>
    <statBases>
		<Mass>3</Mass>
		<MarketValue>100000</MarketValue>
		<MaxHitPoints>1000</MaxHitPoints>
		<ArmorRating_Sharp>0.01</ArmorRating_Sharp>
		<ArmorRating_Blunt>0.01</ArmorRating_Blunt>
		<ArmorRating_Heat>0.01</ArmorRating_Heat>
		<Insulation_Cold>25</Insulation_Cold>
        <Insulation_Heat>25</Insulation_Heat>
		<EquipDelay>3</EquipDelay>
	</statBases>
	<equippedStatOffsets>
	  <MeleeDodgeChance>0.2</MeleeDodgeChance>
    </equippedStatOffsets>
    <apparel>
		<layers>
			<li>Shell</li>
		</layers>
		<bodyPartGroups>
			<li>Torso</li>
			<li>Neck</li>
			<li>Shoulders</li>
			<li>Arms</li>
			<li>Legs</li>
		</bodyPartGroups>
		<tags Inherit="False">
			<li>SE_apparel_revan</li>
		</tags>
		<wornGraphicPath>Apparel/CharacterOutfits/Immortalus_SithLords/Capes/Revan/apparel</wornGraphicPath>
    </apparel>
	<tradeTags>
		<li>guy762TT_KotORLegendary</li>
	</tradeTags>
  </ThingDef>
  
  
  
  
  
  
  
  
  
  
  
  
  <ThingDef ParentName="KotORArmorModdable_soft">
    <defName>guy762_NihilusRobes</defName>
    <label>Darth Nihilus' Robes</label>
    <description>.</description>
    <graphicData>
      <texPath>Apparel/CharacterOutfits/Immortalus_SithLords/Nihilus/apparel</texPath>
      <graphicClass>Graphic_Single</graphicClass>
    </graphicData>
    <statBases>
		<Mass>6</Mass>
		<MarketValue>500000</MarketValue>
		<MaxHitPoints>1000</MaxHitPoints>
		<ArmorRating_Sharp>0.3</ArmorRating_Sharp>
		<ArmorRating_Blunt>0.35</ArmorRating_Blunt>
		<ArmorRating_Heat>0.4</ArmorRating_Heat>
		<Insulation_Cold>25</Insulation_Cold>
		<Insulation_Heat>25</Insulation_Heat>
		<EquipDelay>10</EquipDelay>
	</statBases>
	<equippedStatOffsets>
      <PsychicSensitivity>0.4</PsychicSensitivity>
	  <PsychicEntropyRecoveryRate>1</PsychicEntropyRecoveryRate>
    </equippedStatOffsets>
    <apparel>
		<layers>
			<li>OnSkin</li>
		</layers>
		<bodyPartGroups>
			<li>Torso</li>
			<li>Neck</li>
			<li>Shoulders</li>
			<li>Arms</li>
			<li>Hands</li>
			<li>Legs</li>
			<li>Feet</li>
		</bodyPartGroups>
		<tags Inherit="False">
			<li>SE_apparel_nihilus</li>
		</tags>
		<wornGraphicPath>Apparel/CharacterOutfits/Immortalus_SithLords/Nihilus/apparel</wornGraphicPath>
    </apparel>
	<tradeTags>
		<li>guy762TT_KotORLegendary</li>
	</tradeTags>
	<comps>
	  <li Class="ModularWeapons.CompProperties_ModularParts">
		<compClass>ModularWeapons.CompModularParts</compClass>
		<partKinds>
		  <li>guy762_slot_underlay_robe</li>
		</partKinds>
		<randomizeParts>true</randomizeParts>
	  </li>
	</comps>
  </ThingDef>
  
  <ThingDef ParentName="guy762_HatModdableBase">
    <defName>guy762_NihilusMask</defName>
    <label>Darth Nihilus' Mask</label>
    <description>.</description>
    <graphicData>
      <texPath>Apparel/CharacterOutfits/Immortalus_SithLords/Nihilus/mask</texPath>
      <graphicClass>Graphic_Single</graphicClass>
    </graphicData>
    <statBases>
	  <MarketValue>1000000</MarketValue>
      <MaxHitPoints>1000</MaxHitPoints>
      <Mass>1</Mass>
	  <ArmorRating_Sharp>0.06</ArmorRating_Sharp>
	  <ArmorRating_Blunt>0.06</ArmorRating_Blunt>
	  <ArmorRating_Heat>0.06</ArmorRating_Heat>
	  <Insulation_Cold>5</Insulation_Cold>
	  <Insulation_Heat>5</Insulation_Heat>
      <EquipDelay>3</EquipDelay>
    </statBases>
	<equippedStatOffsets>
	  <PsychicSensitivity>0.4</PsychicSensitivity>
	  <PsychicEntropyRecoveryRate>1</PsychicEntropyRecoveryRate>
    </equippedStatOffsets>
    <apparel>
      <wornGraphicPath>Apparel/CharacterOutfits/Immortalus_SithLords/Nihilus/mask</wornGraphicPath>
      <layers>
		<li>Overhead</li>
		<li>EyeCover</li>
	  </layers>
	  <bodyPartGroups>
		<li>FullHead</li>
	  </bodyPartGroups>
	  <tags>
		<li>SE_apparel_nihilus</li>
	  </tags>
      <countsAsClothingForNudity>false</countsAsClothingForNudity>
      <canBeGeneratedToSatisfyWarmth>false</canBeGeneratedToSatisfyWarmth>
    </apparel>
	<tradeTags>
		<li>guy762TT_KotORLegendary</li>
	</tradeTags>
	<comps>
		<li MayRequire="smartkar.athenaframework" Class="AthenaFramework.CompProperties_CustomApparelBody">
			<hideHead>true</hideHead>
		</li>
	</comps>
  </ThingDef>
  
  
  
  <ThingDef ParentName="KotORArmorModdable_soft">
    <defName>guy762_NihilusCloak</defName>
    <label>Darth Nihilus' Cloak</label>
    <description>.</description>
    <graphicData>
      <texPath>Apparel/CharacterOutfits/Immortalus_SithLords/Capes/Nihilus/apparel</texPath>
      <graphicClass>Graphic_Single</graphicClass>
    </graphicData>
    <statBases>
		<Mass>5</Mass>
		<MarketValue>100000</MarketValue>
		<MaxHitPoints>1000</MaxHitPoints>
		<ArmorRating_Sharp>0.01</ArmorRating_Sharp>
		<ArmorRating_Blunt>0.01</ArmorRating_Blunt>
		<ArmorRating_Heat>0.01</ArmorRating_Heat>
		<Insulation_Cold>25</Insulation_Cold>
        <Insulation_Heat>25</Insulation_Heat>
		<EquipDelay>3</EquipDelay>
	</statBases>
	<equippedStatOffsets>
	  <PsychicSensitivity>0.4</PsychicSensitivity>
	  <PsychicEntropyRecoveryRate>1</PsychicEntropyRecoveryRate>
    </equippedStatOffsets>
    <apparel>
		<layers>
			<li>Shell</li>
		</layers>
		<bodyPartGroups>
			<li>Torso</li>
			<li>Neck</li>
			<li>Shoulders</li>
			<li>Arms</li>
			<li>Legs</li>
		</bodyPartGroups>
		<tags Inherit="False">
			<li>SE_apparel_nihilus</li>
		</tags>
		<wornGraphicPath>Apparel/CharacterOutfits/Immortalus_SithLords/Capes/Nihilus/apparel</wornGraphicPath>
    </apparel>
	<tradeTags>
		<li>guy762TT_KotORLegendary</li>
	</tradeTags>
  </ThingDef>
  
  
  
  
  
  
  
  
  
  
  
  
  
  
  
  
  
  
  
  
  
  <ThingDef ParentName="KotORArmorModdable_soft">
    <defName>guy762_StarForgeRobes</defName>
    <label>Star Forge Robes</label>
    <description>Created by the mystical technology of the Star Forge, these robes focus the inherent Force abilities of the wearer, fueling their power. Although the Star Forge itself is an artifact of the dark side, these robes were customised using an analysis of the Jedi they were created for, resulting in a powerful light side item that the Jedi can safely use against their enemies without fear of taint or corruption.</description>
    <graphicData>
      <texPath>Apparel/CharacterOutfits/Immortalus_SithLords/JediRevan/apparel</texPath>
      <graphicClass>Graphic_Single</graphicClass>
    </graphicData>
    <statBases>
		<Mass>6</Mass>
		<MarketValue>500000</MarketValue>
		<MaxHitPoints>1000</MaxHitPoints>
		<ArmorRating_Sharp>0.5</ArmorRating_Sharp>
		<ArmorRating_Blunt>0.55</ArmorRating_Blunt>
		<ArmorRating_Heat>0.6</ArmorRating_Heat>
		<Insulation_Cold>15</Insulation_Cold>
		<Insulation_Heat>15</Insulation_Heat>
		<EquipDelay>10</EquipDelay>
	</statBases>
	<equippedStatOffsets>
	  <IncomingDamageFactor>-0.05</IncomingDamageFactor>
      <PsychicSensitivity>0.5</PsychicSensitivity>
	  <PsychicEntropyRecoveryRate>0.5</PsychicEntropyRecoveryRate>
    </equippedStatOffsets>
    <apparel>
		<layers>
			<li>OnSkin</li>
			<li>Middle</li>
		</layers>
		<bodyPartGroups>
			<li>Torso</li>
			<li>Neck</li>
			<li>Shoulders</li>
			<li>Arms</li>
			<li>Hands</li>
			<li>Legs</li>
			<li>Feet</li>
		</bodyPartGroups>
		<tags Inherit="False">
			<li>OR_apparel_revan</li>
		</tags>
		<wornGraphicPath>Apparel/CharacterOutfits/Immortalus_SithLords/JediRevan/apparel</wornGraphicPath>
    </apparel>
	<tradeTags>
		<li>guy762TT_KotORLegendary</li>
	</tradeTags>
	<comps>
	  <li Class="ModularWeapons.CompProperties_ModularParts">
		<compClass>ModularWeapons.CompModularParts</compClass>
		<partKinds>
		  <li>guy762_slot_underlay_robe</li>
		  <li>guy762_slot_overlay</li>
		</partKinds>
		<randomizeParts>true</randomizeParts>
	  </li>
	</comps>
  </ThingDef>
  
  
  
  
  <ThingDef ParentName="guy762_HatModdableBase">
    <defName>guy762_StarForgeMask</defName>
    <label>Star Forge Mask</label>
    <description>Though it wasn't Revan's original mask, this perfect replica was created alongside the Star Forge Robes by a redeemed Revan preparing to face Darth Malak one final time.</description>
    <graphicData>
      <texPath>Apparel/CharacterOutfits/Immortalus_SithLords/JediRevan/hood</texPath>
      <graphicClass>Graphic_Single</graphicClass>
    </graphicData>
    <statBases>
	  <MarketValue>500000</MarketValue>
      <MaxHitPoints>1000</MaxHitPoints>
      <Mass>2</Mass>
	  <ArmorRating_Sharp>0.1</ArmorRating_Sharp>
	  <ArmorRating_Blunt>0.1</ArmorRating_Blunt>
	  <ArmorRating_Heat>0.1</ArmorRating_Heat>
	  <Insulation_Cold>5</Insulation_Cold>
	  <Insulation_Heat>5</Insulation_Heat>
      <EquipDelay>3</EquipDelay>
    </statBases>
	<equippedStatOffsets>
	  <ToxicEnvironmentResistance>0.5</ToxicEnvironmentResistance>
	  <PsychicSensitivity>0.5</PsychicSensitivity>
	  <MeditationFocusGain>0.5</MeditationFocusGain>
    </equippedStatOffsets>
    <apparel>
      <wornGraphicPath>Apparel/CharacterOutfits/Immortalus_SithLords/JediRevan/hood</wornGraphicPath>
      <layers>
		<li>Overhead</li>
		<li>EyeCover</li>
	  </layers>
	  <bodyPartGroups>
		<li>FullHead</li>
	  </bodyPartGroups>
	  <tags>
		<li>OR_apparel_revan</li>
	  </tags>
	  <immuneToToxGasExposure>true</immuneToToxGasExposure>
      <countsAsClothingForNudity>false</countsAsClothingForNudity>
      <canBeGeneratedToSatisfyWarmth>false</canBeGeneratedToSatisfyWarmth>
    </apparel>
	<tradeTags>
		<li>guy762TT_KotORLegendary</li>
	</tradeTags>
	<comps>
		<li Class="ModularWeapons.CompProperties_ModularParts">
			<compClass>ModularWeapons.CompModularParts</compClass>
			<partKinds>
			  <li>guy762_slot_underlay_hat</li>
			  <li>guy762_slot_helmettech_visor</li>
			</partKinds>
			<randomizeParts>true</randomizeParts>
		  </li>
		<li MayRequire="smartkar.athenaframework" Class="AthenaFramework.CompProperties_CustomApparelBody">
			<hideHead>true</hideHead>
		</li>
	</comps>
  </ThingDef>
  
  
  
  <ThingDef ParentName="KotORArmorModdable_soft">
    <defName>guy762_StarForgeCloak</defName>
    <label>Star Forge Cloak</label>
    <description>Created by the mystical technology of the Star Forge, these robes focus the inherent Force abilities of the wearer, fueling their power. Although the Star Forge itself is an artifact of the dark side, these robes were customised using an analysis of the Jedi they were created for, resulting in a powerful light side item that the Jedi can safely use against their enemies without fear of taint or corruption.</description>
    <graphicData>
      <texPath>Apparel/CharacterOutfits/Immortalus_SithLords/Capes/JediRevan/apparel</texPath>
      <graphicClass>Graphic_Single</graphicClass>
    </graphicData>
    <statBases>
		<Mass>3</Mass>
		<MarketValue>100000</MarketValue>
		<MaxHitPoints>1000</MaxHitPoints>
		<ArmorRating_Sharp>0.01</ArmorRating_Sharp>
		<ArmorRating_Blunt>0.01</ArmorRating_Blunt>
		<ArmorRating_Heat>0.01</ArmorRating_Heat>
		<Insulation_Cold>25</Insulation_Cold>
        <Insulation_Heat>25</Insulation_Heat>
		<EquipDelay>3</EquipDelay>
	</statBases>
	<equippedStatOffsets>
	  <MeleeDodgeChance>0.2</MeleeDodgeChance>
    </equippedStatOffsets>
    <apparel>
		<layers>
			<li>Shell</li>
		</layers>
		<bodyPartGroups>
			<li>Torso</li>
			<li>Neck</li>
			<li>Shoulders</li>
			<li>Arms</li>
			<li>Legs</li>
		</bodyPartGroups>
		<tags Inherit="False">
			<li>OR_apparel_revan</li>
		</tags>
		<wornGraphicPath>Apparel/CharacterOutfits/Immortalus_SithLords/Capes/JediRevan/apparel</wornGraphicPath>
    </apparel>
	<tradeTags>
		<li>guy762TT_KotORLegendary</li>
	</tradeTags>
  </ThingDef>
  
  
  
  
  
  <ThingDef ParentName="KotORArmorModdable_soft">
    <defName>guy762_SionTunic</defName>
    <label>Darth Sion's Armor</label>
    <description>.</description>
    <graphicData>
      <texPath>Apparel/CharacterOutfits/Immortalus_SithLords/Sion/apparel</texPath>
      <graphicClass>Graphic_Single</graphicClass>
    </graphicData>
    <statBases>
		<Mass>4</Mass>
		<MarketValue>100000</MarketValue>
		<MaxHitPoints>1000</MaxHitPoints>
		<ArmorRating_Sharp>0.4</ArmorRating_Sharp>
		<ArmorRating_Blunt>0.45</ArmorRating_Blunt>
		<ArmorRating_Heat>0.5</ArmorRating_Heat>
		<EquipDelay>5</EquipDelay>
	</statBases>
	<equippedStatOffsets>
	  <PsychicSensitivity>0.4</PsychicSensitivity>
	  <InjuryHealingFactor>0.2</InjuryHealingFactor>
	  <PainShockThreshold>0.3</PainShockThreshold>
    </equippedStatOffsets>
    <apparel>
		<layers>
			<li>OnSkin</li>
			<li>Middle</li>
		</layers>
		<bodyPartGroups>
			<li>Shoulders</li>
			<li>Arms</li>
			<li>Legs</li>
			<li>Feet</li>
		</bodyPartGroups>
		<tags Inherit="False">
			<li>SE_apparel_sion</li>
		</tags>
		<wornGraphicPath>Apparel/CharacterOutfits/Immortalus_SithLords/Sion/apparel</wornGraphicPath>
    </apparel>
	<tradeTags>
		<li>guy762TT_KotORLegendary</li>
	</tradeTags>
	<comps>
	  <li Class="ModularWeapons.CompProperties_ModularParts">
		<compClass>ModularWeapons.CompModularParts</compClass>
		<partKinds>
		  <li>guy762_slot_underlay_robe</li>
		  <li>guy762_slot_overlay</li>
		</partKinds>
		<randomizeParts>true</randomizeParts>
	  </li>
	</comps>
  </ThingDef>
  

</Defs>