<?xml version="1.0" encoding="utf-8" ?>
<Defs>
	<ThingDef ParentName="guy762_armorbase_hard">
		<defName>guy762_MidBattleArmor</defName>
		<label>battle armor</label>
		<techLevel>Spacer</techLevel>
		<description>This isn't the heaviest of armor, but it comes close. Designed for heavy militias, it has the protection needed to keep a soldier alive during ranged combat with massive weapons.</description>
		<graphicData>
			<texPath>Apparel/MidBattleArmor/Apparel</texPath>
			<graphicClass>Graphic_Single</graphicClass>
			<shaderType>CutoutComplex</shaderType>
			<colorTwo>(190,155,120)</colorTwo>
		</graphicData>
		<statBases>
			<Mass>12</Mass>
			<MarketValue>2500</MarketValue>
			<MaxHitPoints>475</MaxHitPoints>
      		<StuffEffectMultiplierArmor>0.8</StuffEffectMultiplierArmor>
			<StuffEffectMultiplierInsulation_Cold>0.40</StuffEffectMultiplierInsulation_Cold>
			<StuffEffectMultiplierInsulation_Heat>0.20</StuffEffectMultiplierInsulation_Heat>
			<EquipDelay>10</EquipDelay>
			<WorkToMake>40000</WorkToMake>
		</statBases>
		<equippedStatOffsets>
			<MoveSpeed>-0.4</MoveSpeed>
			<MeleeDodgeChance>-0.4</MeleeDodgeChance>
			<IncomingDamageFactor>-0.15</IncomingDamageFactor>
		</equippedStatOffsets>
		<recipeMaker>
			<skillRequirements>
				<Crafting>9</Crafting>
			</skillRequirements>
		</recipeMaker>
		<costStuffCount>80</costStuffCount>
		<stuffCategories>
		  <li>Metallic</li>
		</stuffCategories>
		<costList>
			<Synthread>120</Synthread>
		</costList>
		<thingSetMakerTags>
		  <li>RewardStandardMidFreq</li>
		  <li>RewardStandardQualitySuper</li>
		</thingSetMakerTags>
		<apparel Inherit="False">
			<tags>
				<li>KotORArmor_heavy</li>
				<li>SaV_outfit_merc</li>
			</tags>
			<wornGraphicPath>Apparel/MidBattleArmor/Apparel</wornGraphicPath>
			<useWornGraphicMask>true</useWornGraphicMask>
			<layers>
				<li>Middle</li>
				<li>OnSkin</li>
			</layers>
			<bodyPartGroups>
				<li>Torso</li>
				<li>Shoulders</li>
				<li>Neck</li>
				<li>Arms</li>
				<li>Hands</li>
				<li>Legs</li>
				<li>Feet</li>
			</bodyPartGroups>
			<useDeflectMetalEffect>false</useDeflectMetalEffect>
		</apparel>
		<tradeTags>
			<li>guy762TT_KotORArmor</li>
			<li>guy762TT_KotORGeneric_adv</li>
		</tradeTags>
		<colorGenerator Class="ColorGenerator_Options" Inherit="False">
			<options>
				<li>
					<weight>15</weight>
					<only>(180,185,185)</only>
				</li>
			</options>
		</colorGenerator>
	</ThingDef>
  
	<ThingDef ParentName="KotORArmorModdable_hard">
		<defName>guy762_MidBattleArmor_powered</defName>
		<label>powered battle armor</label>
		<techLevel>Spacer</techLevel>
		<description>The micro-hydraulics of this armor provides the operator with both protection and strength enhancement. It is rare outside of professional mercenaries and soldiers.</description>
		<graphicData>
			<texPath>Apparel/MidBattleArmor/powersuit/Apparel</texPath>
			<graphicClass>Graphic_Single</graphicClass>
			<shaderType>CutoutComplex</shaderType>
			<colorTwo>(180,85,60)</colorTwo>
		</graphicData>
		<statBases>
			<Mass>12</Mass>
			<MarketValue>11000</MarketValue>
			<MaxHitPoints>475</MaxHitPoints>
      		<ArmorRating_Sharp>0.95</ArmorRating_Sharp>
			<ArmorRating_Blunt>0.8</ArmorRating_Blunt>
			<ArmorRating_Heat>1.05</ArmorRating_Heat>
			<Insulation_Cold>10</Insulation_Cold>
			<Insulation_Heat>10</Insulation_Heat>
			<EquipDelay>10</EquipDelay>
		</statBases>
		<equippedStatOffsets>
			<MoveSpeed>-0.4</MoveSpeed>
			<MeleeDodgeChance>-0.4</MeleeDodgeChance>
			<IncomingDamageFactor>-0.15</IncomingDamageFactor>
			<MeleeDamageFactor>0.1</MeleeDamageFactor>              <!---->
			<DecompressionResistance MayRequire="kentington.saveourship2">0.75</DecompressionResistance>
		</equippedStatOffsets>
		<thingSetMakerTags>
		  <li>RewardStandardMidFreq</li>
		</thingSetMakerTags>
		<apparel Inherit="False">
			<tags>
				<li>EVA</li>
				<li>KotORArmor_heavy</li>
				<li>SaV_outfit_merc</li>
				<li>SaV_apparel_bountyhuntermid</li>
				<li>SaV_apparel_bountyhunterstrong</li>
			</tags>
			<wornGraphicPath>Apparel/MidBattleArmor/powersuit/Apparel</wornGraphicPath>
			<useWornGraphicMask>true</useWornGraphicMask>
			<layers>
				<li>Middle</li>
				<li>OnSkin</li>
			</layers>
			<bodyPartGroups>
				<li>Torso</li>
				<li>Shoulders</li>
				<li>Neck</li>
				<li>Arms</li>
				<li>Hands</li>
				<li>Legs</li>
				<li>Feet</li>
			</bodyPartGroups>
			<useDeflectMetalEffect>false</useDeflectMetalEffect>
		</apparel>
		<tradeTags>
			<li>guy762TT_KotORArmor</li>
		</tradeTags>
		<colorGenerator Class="ColorGenerator_Options" Inherit="False">
			<options>
				<li>
					<weight>15</weight>
					<only>(85,115,190)</only>
				</li>
			</options>
		</colorGenerator>
		
		<comps>
		  <li Class="ModularWeapons.CompProperties_ModularParts">
			<compClass>ModularWeapons.CompModularParts</compClass>
			<partKinds>
			  <li>guy762_slot_underlay</li>
			  <li>guy762_slot_overlay_hvy</li>
			  <li>guy762_slot_armortech</li>
			</partKinds>
			<randomizeParts>true</randomizeParts>
		  </li>
		  <li MayRequire="kentington.saveourship2">
			<compClass>SaveOurShip2.Comp_EVA</compClass>
		  </li>
		</comps>
	</ThingDef>
	
	<ThingDef ParentName="KotORArmorModdable_hard">
		<defName>guy762_MidBattleArmor_cinnagar</defName>
		<label>Cinnagar Plate Armor</label>
		<techLevel>Spacer</techLevel>
		<description>While much time was spent on the appearance, this armor is still meant for the personal guards of dignitaries, and is therefore highly effective against many forms of attack.</description>
		<graphicData>
			<texPath>Apparel/MidBattleArmor/cinnagar/Apparel</texPath>
			<graphicClass>Graphic_Single</graphicClass>
			<shaderType>CutoutComplex</shaderType>
			<colorTwo>(140,140,130)</colorTwo>
		</graphicData>
		<statBases>
			<Mass>12</Mass>
			<MarketValue>7200</MarketValue>
			<MaxHitPoints>475</MaxHitPoints>
      		<ArmorRating_Sharp>1.05</ArmorRating_Sharp>
			<ArmorRating_Blunt>0.9</ArmorRating_Blunt>
			<ArmorRating_Heat>1.15</ArmorRating_Heat>
			<Insulation_Cold>10</Insulation_Cold>
			<Insulation_Heat>10</Insulation_Heat>
			<EquipDelay>10</EquipDelay>
		</statBases>
		<equippedStatOffsets>
			<MoveSpeed>-0.4</MoveSpeed>
			<MeleeDodgeChance>-0.4</MeleeDodgeChance>
			<IncomingDamageFactor>-0.15</IncomingDamageFactor>
		</equippedStatOffsets>
		<thingSetMakerTags>
		  <li>RewardStandardMidFreq</li>
		</thingSetMakerTags>
		<apparel Inherit="False">
			<tags>
				<li>KotORArmor_heavy</li>
				<li>SaV_outfit_merc</li>
				<li>SaV_apparel_bountyhuntermid</li>
				<li>SaV_apparel_gangboss</li>
			</tags>
			<wornGraphicPath>Apparel/MidBattleArmor/cinnagar/Apparel</wornGraphicPath>
			<useWornGraphicMask>true</useWornGraphicMask>
			<layers>
				<li>Middle</li>
				<li>OnSkin</li>
			</layers>
			<bodyPartGroups>
				<li>Torso</li>
				<li>Shoulders</li>
				<li>Neck</li>
				<li>Arms</li>
				<li>Hands</li>
				<li>Legs</li>
				<li>Feet</li>
			</bodyPartGroups>
			<useDeflectMetalEffect>false</useDeflectMetalEffect>
		</apparel>
		<tradeTags>
			<li>guy762TT_KotORArmor</li>
			<li>guy762TT_KotORAntique</li>
		</tradeTags>
		<colorGenerator Class="ColorGenerator_Options" Inherit="False">
			<options>
				<li>
					<weight>15</weight>
					<only>(70,60,50)</only>
				</li>
			</options>
		</colorGenerator>
		
		<comps>
		  <li Class="ModularWeapons.CompProperties_ModularParts">
			<compClass>ModularWeapons.CompModularParts</compClass>
			<partKinds>
			  <li>guy762_slot_underlay</li>
			  <li>guy762_slot_overlay_hvy</li>
			</partKinds>
			<randomizeParts>true</randomizeParts>
		  </li>
		</comps>
	</ThingDef>
	
	<ThingDef ParentName="KotORArmorModdable_hard">
		<defName>guy762_MidBattleArmor_corellian</defName>
		<label>Corellian Powersuit</label>
		<techLevel>Spacer</techLevel>
		<description>Essentially an improved version of powered battle armor, the powersuit employs a system of servomotors to enhance the wearer's strength.</description>
		<graphicData>
			<texPath>Apparel/MidBattleArmor/powersuit/Apparel</texPath>
			<graphicClass>Graphic_Single</graphicClass>
			<shaderType>CutoutComplex</shaderType>
			<colorTwo>(130,140,170)</colorTwo>
		</graphicData>
		<statBases>
			<Mass>12</Mass>
			<MarketValue>18000</MarketValue>
			<MaxHitPoints>475</MaxHitPoints>
      		<ArmorRating_Sharp>1.05</ArmorRating_Sharp>
			<ArmorRating_Blunt>0.9</ArmorRating_Blunt>
			<ArmorRating_Heat>1.15</ArmorRating_Heat>
			<Insulation_Cold>10</Insulation_Cold>
			<Insulation_Heat>10</Insulation_Heat>
			<EquipDelay>10</EquipDelay>
		</statBases>
		<equippedStatOffsets>
			<MoveSpeed>-0.4</MoveSpeed>
			<MeleeDodgeChance>-0.4</MeleeDodgeChance>
			<IncomingDamageFactor>-0.15</IncomingDamageFactor>
			<MeleeDamageFactor>0.2</MeleeDamageFactor>              <!---->
			<DecompressionResistance MayRequire="kentington.saveourship2">0.75</DecompressionResistance>
		</equippedStatOffsets>
		<thingSetMakerTags>
		  <li>RewardStandardLowFreq</li>
		</thingSetMakerTags>
		<apparel Inherit="False">
			<tags>
				<li>EVA</li>
				<li>KotORArmor_heavy</li>
				<li>SaV_outfit_merc</li>
				<li>SaV_apparel_gangboss</li>
				<li>SaV_apparel_starbountyhunter</li>
			</tags>
			<wornGraphicPath>Apparel/MidBattleArmor/powersuit/Apparel</wornGraphicPath>
			<useWornGraphicMask>true</useWornGraphicMask>
			<layers>
				<li>Middle</li>
				<li>OnSkin</li>
			</layers>
			<bodyPartGroups>
				<li>Torso</li>
				<li>Shoulders</li>
				<li>Neck</li>
				<li>Arms</li>
				<li>Hands</li>
				<li>Legs</li>
				<li>Feet</li>
			</bodyPartGroups>
			<useDeflectMetalEffect>false</useDeflectMetalEffect>
		</apparel>
		<tradeTags>
			<li>guy762TT_KotORElite</li>
		</tradeTags>
		<colorGenerator Class="ColorGenerator_Options" Inherit="False">
			<options>
				<li>
					<weight>15</weight>
					<only>(230,225,210)</only>
				</li>
			</options>
		</colorGenerator>
		
		<comps>
		  <li Class="ModularWeapons.CompProperties_ModularParts">
			<compClass>ModularWeapons.CompModularParts</compClass>
			<partKinds>
			  <li>guy762_slot_underlay</li>
			  <li>guy762_slot_overlay_hvy</li>
			  <li>guy762_slot_armortech</li>
			</partKinds>
			<randomizeParts>true</randomizeParts>
		  </li>
		  <li MayRequire="kentington.saveourship2">
			<compClass>SaveOurShip2.Comp_EVA</compClass>
		  </li>
		</comps>
	</ThingDef>
	
	<ThingDef ParentName="KotORArmorModdable_hard">
		<defName>guy762_MidBattleArmor_verpine</defName>
		<label>Verpine Zal Alloy Mesh</label>
		<techLevel>Spacer</techLevel>
		<description>Using the highly expensive Zal alloy, the Verpine have developed a suit without peer. The only thing greater than the protective capabilities of this armor is the price.</description>
		<graphicData>
			<texPath>Apparel/MidBattleArmor/verpine/Apparel</texPath>
			<graphicClass>Graphic_Single</graphicClass>
			<shaderType>CutoutComplex</shaderType>
			<colorTwo>(155,110,40)</colorTwo>
		</graphicData>
		<statBases>
			<Mass>12</Mass>
			<MarketValue>20000</MarketValue>
			<MaxHitPoints>475</MaxHitPoints>
      		<ArmorRating_Sharp>1.25</ArmorRating_Sharp>
			<ArmorRating_Blunt>1.1</ArmorRating_Blunt>
			<ArmorRating_Heat>1.35</ArmorRating_Heat>
			<Insulation_Cold>35</Insulation_Cold>
			<Insulation_Heat>35</Insulation_Heat> <!--+25-->
			<EquipDelay>10</EquipDelay>
		</statBases>
		<equippedStatOffsets>
			<MoveSpeed>-0.4</MoveSpeed>
			<MeleeDodgeChance>-0.4</MeleeDodgeChance>
			<IncomingDamageFactor>-0.15</IncomingDamageFactor>
		</equippedStatOffsets>
		<thingSetMakerTags>
		  <li>RewardStandardLowFreq</li>
		</thingSetMakerTags>
		<apparel Inherit="False">
			<tags>
				<li>KotORArmor_heavy</li>
				<li>SaV_outfit_merc</li>
				<li>SaV_apparel_starbountyhunter</li>
			</tags>
			<wornGraphicPath>Apparel/MidBattleArmor/verpine/Apparel</wornGraphicPath>
			<useWornGraphicMask>true</useWornGraphicMask>
			<layers>
				<li>Middle</li>
				<li>OnSkin</li>
			</layers>
			<bodyPartGroups>
				<li>Torso</li>
				<li>Shoulders</li>
				<li>Neck</li>
				<li>Arms</li>
				<li>Hands</li>
				<li>Legs</li>
				<li>Feet</li>
			</bodyPartGroups>
			<useDeflectMetalEffect>false</useDeflectMetalEffect>
		</apparel>
		<tradeTags>
			<li>guy762TT_KotORElite</li>
		</tradeTags>
		<colorGenerator Class="ColorGenerator_Options" Inherit="False">
			<options>
				<li>
					<weight>15</weight>
					<only>(135,100,140)</only>
				</li>
			</options>
		</colorGenerator>
		
		<comps>
		  <li Class="ModularWeapons.CompProperties_ModularParts">
			<compClass>ModularWeapons.CompModularParts</compClass>
			<partKinds>
			  <li>guy762_slot_underlay</li>
			  <li>guy762_slot_overlay_hvy</li>
			</partKinds>
			<randomizeParts>true</randomizeParts>
		  </li>
		</comps>
	</ThingDef>
	
  
  
  
  

</Defs>