<?xml version="1.0" encoding="utf-8" ?>
<Defs>

		<!--armor-->	
		
	<ThingDef ParentName="KotORArmorModdable_soft">
		<defName>guy762_HelmetCombat_hutt</defName>
		<label>Tantel Helmet</label>
		<techLevel>Spacer</techLevel>
		<description>This light helmet is traditionally used by the foot-soldiers and underlings of the many Hutt cartels. Helmets of this design have been in active use for well over ten thousand years.</description>
		<graphicData>
			<texPath>Apparel/Helmets/CombatHelmet</texPath>
			<graphicClass>Graphic_Single</graphicClass>
			<shaderType>CutoutComplex</shaderType>
			<colorTwo>(140,80,40)</colorTwo>
		</graphicData>
		<thingCategories>
		  <li>ArmorHeadgear</li>
		</thingCategories>
		<statBases>
			<Mass>4</Mass>
			<MarketValue>250</MarketValue>
			<MaxHitPoints>115</MaxHitPoints>
      		<ArmorRating_Sharp>0.4</ArmorRating_Sharp>
			<ArmorRating_Blunt>0.45</ArmorRating_Blunt>
			<ArmorRating_Heat>0.5</ArmorRating_Heat>
			<EquipDelay>2</EquipDelay>
		</statBases>
		
		<apparel Inherit="False">
			<tags>
				<li>KotORArmor_light</li>
				<li>SaV_apparel_huttgoon</li>
			</tags>
			<wornGraphicPath>Apparel/Helmets/CombatHelmet</wornGraphicPath>
			<useWornGraphicMask>true</useWornGraphicMask>
			<layers>
				<li>Overhead</li>
			</layers>
			<bodyPartGroups>
				<li>UpperHead</li>
				<li>Mouth</li>
			</bodyPartGroups>
			<useDeflectMetalEffect>false</useDeflectMetalEffect>
		</apparel>
		
		<tradeTags>
			<li>guy762TT_KotORArmor</li>
		</tradeTags>
		
		<colorGenerator Class="ColorGenerator_Options" Inherit="False">
			<options>
				<li>
					<weight>15</weight>
					<only>(105,105,105)</only>
				</li>
			</options>
		</colorGenerator>
		<comps>
		  <li Class="ModularWeapons.CompProperties_ModularParts">
			<compClass>ModularWeapons.CompModularParts</compClass>
			<partKinds>
			  <li>guy762_slot_underlay_hat</li>
			</partKinds>
			<randomizeParts>true</randomizeParts>
		  </li>
		  
		  <!--li MayRequire="smartkar.athenaframework" Class="AthenaFramework.CompProperties_ApparelGeneVariations">
			<variations>
				<li MayRequire="Ludeon.RimWorld.Biotech">
					<genes>
						<li>Furskin</li>
						<li MayRequire="guy762.StarWarsXenotypes">guy762_Furskin_shortfur</li>
					</genes>
					<wornTexPath>Apparel/Helmets/CombatHelmetVariations/FurSkin/CombatHelmet</wornTexPath>
				</li>
				<li MayRequire="Ludeon.RimWorld.Biotech">
					<genes>
						<li>Jaw_Heavy</li>
					</genes>
					<wornTexPath>Apparel/Helmets/CombatHelmetVariations/HeavyJaw/CombatHelmet</wornTexPath>
				</li>
				<li MayRequire="guy762.StarWarsXenotypes">
					<genes>
						<li>guy762_Head_wookiee</li>
					</genes>
					<wornTexPath>Apparel/Helmets/CombatHelmetVariations/Wookiee/CombatHelmet</wornTexPath>
				</li>
				<li MayRequire="guy762.StarWarsXenotypes">
					<genes>
						<li>guy762_Head_trandoshan</li>
					</genes>
					<wornTexPath>Apparel/Helmets/CombatHelmetVariations/Trando/CombatHelmet</wornTexPath>
				</li>
			</variations>
		  </li-->
		  
		  <!--li MayRequire="smartkar.athenaframework" Class="AthenaFramework.CompProperties_AdditionalApparelGraphics">
			<additionalGraphics>
				<li>
					<graphicData>
						<texPath>Apparel/Helmets/CombatHelmet_neck</texPath>
						<graphicClass>Graphic_Multi</graphicClass>
						<shaderType>CutoutComplex</shaderType>
						<drawSize>(1.5)</drawSize>
					</graphicData>
					<firstMask>ApparelColor</firstMask>
					<offsets>
						<li>(0,0.1,0.325)</li>
					</offsets>
				</li>
			</additionalGraphics>
		  </li-->
		</comps>
	</ThingDef>
	
	
	<ThingDef ParentName="KotORArmorModdable_soft">
		<defName>guy762_HvySuit_hutt</defName>
		<label>Tantel Armor</label>
		<description>This light armor is traditionally used by the foot-soldiers and underlings of the many Hutt cartels. Suits of this design have been in active use for well over ten thousand years.</description>
		<graphicData>
		  <texPath>Apparel/CombatSuit_Heavy/Apparel</texPath>
		  <graphicClass>Graphic_Single</graphicClass>
		  <shaderType>CutoutComplex</shaderType>
		  <colorTwo>(140,80,40)</colorTwo>
		</graphicData>
		<statBases>
			<Mass>6</Mass>
			<MarketValue>1000</MarketValue>
			<MaxHitPoints>225</MaxHitPoints>
			<ArmorRating_Sharp>0.5</ArmorRating_Sharp>
			<ArmorRating_Blunt>0.55</ArmorRating_Blunt>
			<ArmorRating_Heat>0.6</ArmorRating_Heat>
			<EquipDelay>3</EquipDelay>
		</statBases>
		<equippedStatOffsets>
			<MoveSpeed>-0.1</MoveSpeed>
			<MeleeDodgeChance>-0.1</MeleeDodgeChance>
			<IncomingDamageFactor>-0.05</IncomingDamageFactor>
		</equippedStatOffsets>
		<apparel>
			<layers>
				<li>Middle</li>
			</layers>
			<bodyPartGroups>
				<li>Torso</li>
				<li>Neck</li>
				<li>Shoulders</li>
			</bodyPartGroups>
			<tags Inherit="False">
				<li>KotORArmor_light</li>
				<li>SaV_apparel_huttgoon</li>
			</tags>
			<wornGraphicPath>Apparel/CombatSuit_Heavy/Apparel</wornGraphicPath>
			<useWornGraphicMask>true</useWornGraphicMask>
		</apparel>
		<tradeTags>
			<li>guy762TT_KotORArmor</li>
		</tradeTags>
		<colorGenerator Class="ColorGenerator_Options" Inherit="False">
			<options>
				<li>
					<weight>15</weight>
					<only>(105,105,105)</only>
				</li>
			</options>
		</colorGenerator>
		<comps>
		  <li Class="ModularWeapons.CompProperties_ModularParts">
			<compClass>ModularWeapons.CompModularParts</compClass>
			<partKinds>
			  <li>guy762_slot_overlay</li>
			</partKinds>
			<randomizeParts>true</randomizeParts>
		  </li>
		</comps>
	  </ThingDef>
  
  
  

</Defs>