<?xml version="1.0" encoding="utf-8" ?>
<Defs>


        <!--tunics-->

	
  <ThingDef ParentName="KotORArmorModdable_soft">
    <defName>guy762_JediTunic_light</defName>
    <label>Jedi tunic, light</label>
    <description>Members of the Jedi Order typically wear plain or unassuming garments.</description>
    <graphicData>
      <texPath>Apparel/Jedi/tunic_1/Apparel</texPath>
      <graphicClass>Graphic_Single</graphicClass>
	  <shaderType>CutoutComplex</shaderType>
	  <colorTwo>(190,135,75)</colorTwo>
    </graphicData>
    <statBases>
		<Mass>3</Mass>
		<MarketValue>175</MarketValue>
		<!--WorkToMake>8000</WorkToMake-->
		<MaxHitPoints>150</MaxHitPoints>
		<ArmorRating_Sharp>0.2</ArmorRating_Sharp>
		<ArmorRating_Blunt>0.2</ArmorRating_Blunt>
		<ArmorRating_Heat>0.2</ArmorRating_Heat>
		<Insulation_Cold>12.5</Insulation_Cold>
        <Insulation_Heat>12.5</Insulation_Heat>
		<EquipDelay>3</EquipDelay>
	</statBases>
	<equippedStatOffsets>
	  <MeleeDodgeChance>0.1</MeleeDodgeChance>
      <PsychicSensitivity>0.1</PsychicSensitivity>
    </equippedStatOffsets>
    <apparel>
		<layers>
			<li>OnSkin</li>
			<!--li>Middle</li-->
		</layers>
		<bodyPartGroups>
			<li>Torso</li>
			<li>Neck</li>
			<li>Shoulders</li>
			<li>Arms</li>
			<li>Hands</li>
			<li>Legs</li>
			<li>Feet</li>
		</bodyPartGroups>
		<tags Inherit="False">
			<li>OR_jedi</li>
			<li>OR_jeditunic_light</li>
		</tags>
		<wornGraphicPath>Apparel/Jedi/tunic_1/Apparel</wornGraphicPath>
		<useWornGraphicMask>true</useWornGraphicMask>
    </apparel>
	<tradeTags>
		<li>guy762TT_JediApparel</li>
	</tradeTags>
	<!--costList>
		<Synthread>100</Synthread>
	</costList>
	<recipeMaker>
		<skillRequirements>
			<Crafting>6</Crafting>
		</skillRequirements>
	</recipeMaker-->
	<colorGenerator Class="ColorGenerator_Options" Inherit="False">
		<options>
			<li>
				<weight>100</weight>
				<only>(120,75,55)</only>       <!--K1 brown-->
			</li>
			<li>
				<weight>75</weight>
				<only>(195,60,35)</only>      <!--K1 red-->
			</li>
			<li>
				<weight>33</weight>
				<only>(90,90,70)</only>      <!--K2 matukai apprentice-->
			</li>
			<li>
				<weight>32</weight>
				<only>(115,105,85)</only>      <!--K2 matukai adept-->
			</li>
			<li>
				<weight>2</weight>
				<only>(210,210,180)</only>      <!--K2 nomi sunrider's-->
			</li>
			<li>
				<weight>1</weight>
				<only>(60,70,55)</only>      <!--K2 arca jeth's-->
			</li>
		</options>
	</colorGenerator>
	<comps>
	  <li Class="ModularWeapons.CompProperties_ModularParts">
		<compClass>ModularWeapons.CompModularParts</compClass>
		<partKinds>
		  <li>guy762_slot_underlay_robe</li>
		</partKinds>
		<randomizeParts>true</randomizeParts>
	  </li>
	</comps>
  </ThingDef>
  
  <ThingDef ParentName="KotORArmorModdable_soft">
    <defName>guy762_JediTunic_formal</defName>
    <label>Jedi tunic, formal</label>
    <description>Members of the Jedi Order typically wear plain or unassuming garments. However, sometimes a uniform that conveys a little more professionalism is required.</description>
    <graphicData>
      <texPath>Apparel/Jedi/tunic_2/Apparel</texPath>
      <graphicClass>Graphic_Single</graphicClass>
	  <shaderType>CutoutComplex</shaderType>
    </graphicData>
    <statBases>
		<Mass>3</Mass>
		<MarketValue>175</MarketValue>
		<!--WorkToMake>8000</WorkToMake-->
		<MaxHitPoints>150</MaxHitPoints>
		<ArmorRating_Sharp>0.2</ArmorRating_Sharp>
		<ArmorRating_Blunt>0.2</ArmorRating_Blunt>
		<ArmorRating_Heat>0.2</ArmorRating_Heat>
		<Insulation_Cold>12.5</Insulation_Cold>
        <Insulation_Heat>12.5</Insulation_Heat>
		<EquipDelay>3</EquipDelay>
	</statBases>
	<equippedStatOffsets>
	  <SocialImpact>0.1</SocialImpact>
      <PsychicSensitivity>0.1</PsychicSensitivity>
    </equippedStatOffsets>
    <apparel>
		<layers>
			<li>OnSkin</li>
		</layers>
		<bodyPartGroups>
			<li>Torso</li>
			<li>Neck</li>
			<li>Shoulders</li>
			<li>Arms</li>
			<li>Hands</li>
			<li>Legs</li>
			<li>Feet</li>
		</bodyPartGroups>
		<tags Inherit="False">
			<li>OR_jedi</li>
			<li>OR_jeditunic_formal</li>
		</tags>
		<wornGraphicPath>Apparel/Jedi/tunic_2/Apparel</wornGraphicPath>
		<useWornGraphicMask>true</useWornGraphicMask>
    </apparel>
	<tradeTags>
		<li>guy762TT_JediApparel</li>
	</tradeTags>
	<!--costList>
		<Synthread>100</Synthread>
	</costList>
	<recipeMaker>
		<skillRequirements>
			<Crafting>6</Crafting>
		</skillRequirements>
	</recipeMaker-->
	<colorGenerator Class="ColorGenerator_Options" Inherit="False">
		<options>
			<li>
				<weight>100</weight>
				<only>(70,90,125)</only>       <!--K1 blue-->
			</li>
			<li>
				<weight>75</weight>
				<only>(65,60,60)</only>      <!--K1 black-->
			</li>
		</options>
	</colorGenerator>
	<comps>
	  <li Class="ModularWeapons.CompProperties_ModularParts">
		<compClass>ModularWeapons.CompModularParts</compClass>
		<partKinds>
		  <li>guy762_slot_underlay_robe</li>
		</partKinds>
		<randomizeParts>true</randomizeParts>
	  </li>
	</comps>
  </ThingDef>
  
  
  
  
  <ThingDef ParentName="KotORArmorModdable_soft">
    <defName>guy762_JediTunic_trad</defName>
    <label>Jedi tunic, traditional</label>
    <description>Members of the Jedi Order typically wear plain or unassuming garments.</description>
    <graphicData>
      <texPath>Apparel/Jedi/tunic_3/Apparel</texPath>
      <graphicClass>Graphic_Single</graphicClass>
	  <shaderType>CutoutComplex</shaderType>
    </graphicData>
    <statBases>
		<Mass>3</Mass>
		<MarketValue>175</MarketValue>
		<!--WorkToMake>8000</WorkToMake-->
		<MaxHitPoints>150</MaxHitPoints>
		<ArmorRating_Sharp>0.2</ArmorRating_Sharp>
		<ArmorRating_Blunt>0.2</ArmorRating_Blunt>
		<ArmorRating_Heat>0.2</ArmorRating_Heat>
		<Insulation_Cold>12.5</Insulation_Cold>
        <Insulation_Heat>12.5</Insulation_Heat>
		<EquipDelay>3</EquipDelay>
	</statBases>
	<equippedStatOffsets>
	  <SocialImpact>0.1</SocialImpact>
      <PsychicSensitivity>0.1</PsychicSensitivity>
    </equippedStatOffsets>
    <apparel>
		<layers>
			<li>OnSkin</li>
		</layers>
		<bodyPartGroups>
			<li>Torso</li>
			<li>Neck</li>
			<li>Shoulders</li>
			<li>Arms</li>
			<li>Hands</li>
			<li>Legs</li>
			<li>Feet</li>
		</bodyPartGroups>
		<tags Inherit="False">
			<li>OR_jedi</li>
			<li>OR_jeditunic_trad</li>
		</tags>
		<wornGraphicPath>Apparel/Jedi/tunic_3/Apparel</wornGraphicPath>
		<useWornGraphicMask>true</useWornGraphicMask>
    </apparel>
	<tradeTags>
		<li>guy762TT_JediApparel</li>
	</tradeTags>
	<!--costList>
		<Synthread>100</Synthread>
	</costList>
	<recipeMaker>
		<skillRequirements>
			<Crafting>6</Crafting>
		</skillRequirements>
	</recipeMaker-->
	<colorGenerator Class="ColorGenerator_Options" Inherit="False">
		<options>
			<li>
				<weight>100</weight>
				<only>(175,120,55)</only>       <!--K1-->
			</li>
		</options>
	</colorGenerator>
	<comps>
	  <li Class="ModularWeapons.CompProperties_ModularParts">
		<compClass>ModularWeapons.CompModularParts</compClass>
		<partKinds>
		  <li>guy762_slot_underlay_robe</li>
		</partKinds>
		<randomizeParts>true</randomizeParts>
	  </li>
	</comps>
  </ThingDef>
  
  
  
  
  
  
        <!--cloaks-->
  
  
  
  
  
  <ThingDef ParentName="guy762_armorbase_soft">
    <defName>guy762_JediCloak_light</defName>
    <label>cloak, simple</label>
    <description>This is a simple robe worn by ordinary civilians and Jedi alike.</description>
    <graphicData>
      <texPath>Apparel/Jedi/cloak_1/Apparel</texPath>
      <graphicClass>Graphic_Single</graphicClass>
    </graphicData>
    <statBases>
		<Mass>5</Mass>
		<MarketValue>50</MarketValue>
		<WorkToMake>9500</WorkToMake>
		<MaxHitPoints>100</MaxHitPoints>
		<ArmorRating_Sharp>0.01</ArmorRating_Sharp>
		<ArmorRating_Blunt>0.01</ArmorRating_Blunt>
		<ArmorRating_Heat>0.01</ArmorRating_Heat>
		<Insulation_Cold>25</Insulation_Cold>
        <Insulation_Heat>25</Insulation_Heat>
		<EquipDelay>3</EquipDelay>
	</statBases>
	<!--equippedStatOffsets>
	  <PsychicSensitivity>0.1</PsychicSensitivity>
      <PsychicEntropyRecoveryRate>0.1</PsychicEntropyRecoveryRate>
    </equippedStatOffsets-->
    <apparel>
		<layers>
			<li>Shell</li>
		</layers>
		<bodyPartGroups>
			<li>Torso</li>
			<li>Neck</li>
			<li>Shoulders</li>
			<li>Arms</li>
			<li>Legs</li>
		</bodyPartGroups>
		<tags Inherit="False">
			<li>KotORClothing_civilian_prole</li>
			<li>OR_jedi</li>
			<li>OR_jedicloak_light</li>
		</tags>
		<wornGraphicPath>Apparel/Jedi/cloak_1/Apparel</wornGraphicPath>
    </apparel>
	<tradeTags>
		<li>guy762TT_KotORClothes</li>
		<li>guy762TT_JediApparel</li>
	</tradeTags>
	<costList>
		<Synthread>80</Synthread>
	</costList>
	<recipeMaker>
		<skillRequirements>
			<Crafting>4</Crafting>
		</skillRequirements>
		<recipeUsers>
			<li>guy762_KotORWorkbench</li>
		</recipeUsers>
	</recipeMaker>
	<colorGenerator Class="ColorGenerator_Options" Inherit="False">
		<options>
			<li>
				<weight>95</weight>
				<only>(125,100,75)</only>       <!--K2 padawan-->
			</li>
			<li>
				<weight>100</weight>
				<only>(90,55,40)</only>         <!--K2 jedi knight-->
			</li>
		</options>
	</colorGenerator>
  </ThingDef>
  
  <ThingDef ParentName="guy762_HatCraftableBase">
    <defName>guy762_JediHood_light</defName>
    <label>hood, simple</label>
    <description>A simple hood for remaining anonymous.</description>
    <graphicData>
      <texPath>Apparel/Jedi/cloak_1/hood</texPath>
      <graphicClass>Graphic_Single</graphicClass>
    </graphicData>
    <statBases>
	  <MarketValue>20</MarketValue>
      <MaxHitPoints>80</MaxHitPoints>
      <Mass>0.05</Mass>
	  <ArmorRating_Sharp>0.01</ArmorRating_Sharp>
	  <ArmorRating_Blunt>0.01</ArmorRating_Blunt>
	  <ArmorRating_Heat>0.01</ArmorRating_Heat>
	  <Insulation_Cold>5</Insulation_Cold>
      <Insulation_Heat>5</Insulation_Heat>
      <EquipDelay>0.125</EquipDelay>
	  <WorkToMake>5000</WorkToMake>
    </statBases>
	<costList>
		<Synthread>40</Synthread>
	</costList>
	<recipeMaker>
		<skillRequirements>
			<Crafting>4</Crafting>
		</skillRequirements>
		<recipeUsers>
			<li>guy762_KotORWorkbench</li>
		</recipeUsers>
	</recipeMaker>
    <apparel>
      <wornGraphicPath>Apparel/Jedi/cloak_1/hood</wornGraphicPath>
      <bodyPartGroups>
		<li>UpperHead</li>
      </bodyPartGroups>
      <layers>
		<li>Overhead</li>
      </layers>
	  <tags>
		<li>OR_jedi</li>
		<li>OR_jedicloak_light</li>
	  </tags>
	  <countsAsClothingForNudity>false</countsAsClothingForNudity>
      <canBeGeneratedToSatisfyWarmth>false</canBeGeneratedToSatisfyWarmth>
      <canBeGeneratedToSatisfyToxicEnvironmentResistance>false</canBeGeneratedToSatisfyToxicEnvironmentResistance>
    </apparel>
	<tradeTags>
		<li>guy762TT_KotORClothes</li>
		<li>guy762TT_JediApparel</li>
	</tradeTags>
	<colorGenerator Class="ColorGenerator_Options" Inherit="False">
		<options>
			<li>
				<weight>95</weight>
				<only>(125,100,75)</only>       <!--K2 padawan-->
			</li>
			<li>
				<weight>100</weight>
				<only>(90,55,40)</only>         <!--K2 jedi knight-->
			</li>
		</options>
	</colorGenerator>
  </ThingDef>
  
  <!--ThingDef ParentName="guy762_armorbase_soft">
    <defName>guy762_JediCloak_heavy</defName>
    <label>heavy Jedi cloak</label>
    <description>Members of the Jedi Order typically wear plain or unassuming garments.</description>
    <graphicData>
      <texPath>Apparel/Jedi/cloak_2/Apparel</texPath>
      <graphicClass>Graphic_Single</graphicClass>
    </graphicData>
    <statBases>
		<Mass>5</Mass>
		<MarketValue>350</MarketValue>
		<WorkToMake>12000</WorkToMake>
		<MaxHitPoints>120</MaxHitPoints>
		<ArmorRating_Sharp>0.2</ArmorRating_Sharp>
		<ArmorRating_Blunt>0.2</ArmorRating_Blunt>
		<ArmorRating_Heat>0.2</ArmorRating_Heat>
		<Insulation_Cold>25</Insulation_Cold>
        <Insulation_Heat>25</Insulation_Heat>
		<EquipDelay>3</EquipDelay>
	</statBases>
	<equippedStatOffsets>
	  <PsychicSensitivity>0.1</PsychicSensitivity>
    </equippedStatOffsets>
    <apparel>
		<layers>
			<li>Shell</li>
		</layers>
		<bodyPartGroups>
			<li>Torso</li>
			<li>Neck</li>
			<li>Shoulders</li>
			<li>Arms</li>
			<li>Legs</li>
		</bodyPartGroups>
		<tags Inherit="False">
			<li>OR_jedi</li>
		</tags>
		<wornGraphicPath>Apparel/Jedi/cloak_2/Apparel</wornGraphicPath>
    </apparel>
	<tradeTags>
		<li>guy762TT_JediApparel</li>
	</tradeTags>
	<costList>
		<Synthread>150</Synthread>
	</costList>
	<recipeMaker>
		<skillRequirements>
			<Crafting>6</Crafting>
		</skillRequirements>
	</recipeMaker>
	<colorGenerator Class="ColorGenerator_Options" Inherit="False">
		<options>
			<li>
				<weight>33</weight>
				<only>(55,75,50)</only>
			</li>
			<li>
				<weight>32</weight>
				<only>(55,85,45)</only>
			</li>
			<li>
				<weight>2</weight>
				<only>(90,110,90)</only>
			</li>
			<li>
				<weight>1</weight>
				<only>(160,185,165)</only>
			</li>
		</options>
	</colorGenerator>
  </ThingDef-->
  
  
  


</Defs>