﻿<?xml version="1.0" encoding="utf-8"?>
<Defs>
  
  <ThingDef ParentName="guy762_kotocurvesaber">
    <defName>SWSaber_guy762_kotocurvesaber_red</defName>
	<weaponTags Inherit="False">
		<li>SE_sithsaber</li>
		<li>SE_sithinquisitor</li>
		<li>SaV_darkjedisaber</li>
	</weaponTags>
    <comps>
	  <li Class="ModularWeapons.CompProperties_ModularParts">
		<compClass>ModularWeapons.CompModularParts</compClass>
		<bundlePackageId>guy762.KotORWeaponsArmor</bundlePackageId>
		<partKinds>
			<li>guy762_slot_colorcrystal</li>
			<li>guy762_slot_focuscrystal</li>
			<li>guy762_slot_powercrystal_curve</li>
			<!--li>guy762_slot_lens</li>
			<li>guy762_slot_emitter</li>
			<li>guy762_slot_sabercell</li-->
		</partKinds>
		<majorKinds>
			<li>guy762_slot_colorcrystal</li>
		</majorKinds>
		<randomizeParts>false</randomizeParts>
		<defaultParts>
			<li>guy762_colorcrystal_red</li>
		</defaultParts>
	  </li>
	  <!--li Class="CompProperties_BladelinkWeapon">
        <biocodeOnEquip>true</biocodeOnEquip>
      </li>
      <li Class="CompProperties_GeneratedName">
        <nameMaker>NamerWeaponBladelink</nameMaker>
      </li-->
    </comps>
	<notifyMapRemoved>true</notifyMapRemoved>
	<tradeNeverStack>true</tradeNeverStack>
  </ThingDef>
  
  <ThingDef ParentName="guy762_kotocurvesaber">
    <defName>SWSaber_guy762_kotocurvesaber_orange</defName>
	<weaponTags Inherit="False">
		<li>SaV_darkjedisaber</li>
		<li>SaV_visas</li>
	</weaponTags>
    <comps>
	  <li Class="ModularWeapons.CompProperties_ModularParts">
		<compClass>ModularWeapons.CompModularParts</compClass>
		<bundlePackageId>guy762.KotORWeaponsArmor</bundlePackageId>
		<partKinds>
			<li>guy762_slot_colorcrystal</li>
			<li>guy762_slot_focuscrystal</li>
			<li>guy762_slot_powercrystal_curve</li>
			<!--li>guy762_slot_lens</li>
			<li>guy762_slot_emitter</li>
			<li>guy762_slot_sabercell</li-->
		</partKinds>
		<majorKinds>
			<li>guy762_slot_colorcrystal</li>
		</majorKinds>
		<randomizeParts>false</randomizeParts>
		<defaultParts>
			<li>guy762_colorcrystal_orange</li>
		</defaultParts>
	  </li>
	  <!--li Class="CompProperties_BladelinkWeapon">
        <biocodeOnEquip>true</biocodeOnEquip>
      </li>
      <li Class="CompProperties_GeneratedName">
        <nameMaker>NamerWeaponBladelink</nameMaker>
      </li-->
    </comps>
	<notifyMapRemoved>true</notifyMapRemoved>
	<tradeNeverStack>true</tradeNeverStack>
  </ThingDef>
  
  <ThingDef ParentName="guy762_kotocurvesaber">
    <defName>SWSaber_guy762_kotocurvesaber_yellow</defName>
	<weaponTags Inherit="False">
		<li>OR_jedisaber</li>
		<li>OR_jedisentinel</li>
		<li>SaV_jediexilesaber</li>
	</weaponTags>
    <comps>
	  <li Class="ModularWeapons.CompProperties_ModularParts">
		<compClass>ModularWeapons.CompModularParts</compClass>
		<bundlePackageId>guy762.KotORWeaponsArmor</bundlePackageId>
		<partKinds>
			<li>guy762_slot_colorcrystal</li>
			<li>guy762_slot_focuscrystal</li>
			<li>guy762_slot_powercrystal_curve</li>
			<!--li>guy762_slot_lens</li>
			<li>guy762_slot_emitter</li>
			<li>guy762_slot_sabercell</li-->
		</partKinds>
		<majorKinds>
			<li>guy762_slot_colorcrystal</li>
		</majorKinds>
		<randomizeParts>false</randomizeParts>
		<defaultParts>
			<li>guy762_colorcrystal_yellow</li>
		</defaultParts>
	  </li>
	  <!--li Class="CompProperties_BladelinkWeapon">
        <biocodeOnEquip>true</biocodeOnEquip>
      </li>
      <li Class="CompProperties_GeneratedName">
        <nameMaker>NamerWeaponBladelink</nameMaker>
      </li-->
    </comps>
	<notifyMapRemoved>true</notifyMapRemoved>
	<tradeNeverStack>true</tradeNeverStack>
  </ThingDef>
  
  <ThingDef ParentName="guy762_kotocurvesaber">
    <defName>SWSaber_guy762_kotocurvesaber_green</defName>
	<weaponTags Inherit="False">
		<li>OR_jedisaber</li>
		<li>OR_jediconsular</li>
		<li>SaV_jediexilesaber</li>
	</weaponTags>
    <comps>
	  <li Class="ModularWeapons.CompProperties_ModularParts">
		<compClass>ModularWeapons.CompModularParts</compClass>
		<bundlePackageId>guy762.KotORWeaponsArmor</bundlePackageId>
		<partKinds>
			<li>guy762_slot_colorcrystal</li>
			<li>guy762_slot_focuscrystal</li>
			<li>guy762_slot_powercrystal_curve</li>
			<!--li>guy762_slot_lens</li>
			<li>guy762_slot_emitter</li>
			<li>guy762_slot_sabercell</li-->
		</partKinds>
		<majorKinds>
			<li>guy762_slot_colorcrystal</li>
		</majorKinds>
		<randomizeParts>false</randomizeParts>
		<defaultParts>
			<li>guy762_colorcrystal_green</li>
		</defaultParts>
	  </li>
	  <!--li Class="CompProperties_BladelinkWeapon">
        <biocodeOnEquip>true</biocodeOnEquip>
      </li>
      <li Class="CompProperties_GeneratedName">
        <nameMaker>NamerWeaponBladelink</nameMaker>
      </li-->
    </comps>
	<notifyMapRemoved>true</notifyMapRemoved>
	<tradeNeverStack>true</tradeNeverStack>
  </ThingDef>
  
  <ThingDef ParentName="guy762_kotocurvesaber">
    <defName>SWSaber_guy762_kotocurvesaber_blue</defName>
	<weaponTags Inherit="False">
		<li>OR_jedisaber</li>
		<li>SaV_jediexilesaber</li>
	</weaponTags>
    <comps>
	  <li Class="ModularWeapons.CompProperties_ModularParts">
		<compClass>ModularWeapons.CompModularParts</compClass>
		<bundlePackageId>guy762.KotORWeaponsArmor</bundlePackageId>
		<partKinds>
			<li>guy762_slot_colorcrystal</li>
			<li>guy762_slot_focuscrystal</li>
			<li>guy762_slot_powercrystal_curve</li>
			<!--li>guy762_slot_lens</li>
			<li>guy762_slot_emitter</li>
			<li>guy762_slot_sabercell</li-->
		</partKinds>
		<majorKinds>
			<li>guy762_slot_colorcrystal</li>
		</majorKinds>
		<randomizeParts>false</randomizeParts>
		<defaultParts>
			<li>guy762_colorcrystal_blue</li>
		</defaultParts>
	  </li>
	  <!--li Class="CompProperties_BladelinkWeapon">
        <biocodeOnEquip>true</biocodeOnEquip>
      </li>
      <li Class="CompProperties_GeneratedName">
        <nameMaker>NamerWeaponBladelink</nameMaker>
      </li-->
    </comps>
	<notifyMapRemoved>true</notifyMapRemoved>
	<tradeNeverStack>true</tradeNeverStack>
  </ThingDef>
  
  <ThingDef ParentName="guy762_kotocurvesaber">
    <defName>SWSaber_guy762_kotocurvesaber_purple</defName>
	<weaponTags Inherit="False">
		<li>OR_jedisaber</li>
		<li>SE_sithsaber</li>
		<li>SE_sithinquisitor</li>
		<li>SaV_darkjedisaber</li>
		<li>SaV_jediexilesaber</li>
	</weaponTags>
    <comps>
	  <li Class="ModularWeapons.CompProperties_ModularParts">
		<compClass>ModularWeapons.CompModularParts</compClass>
		<bundlePackageId>guy762.KotORWeaponsArmor</bundlePackageId>
		<partKinds>
			<li>guy762_slot_colorcrystal</li>
			<li>guy762_slot_focuscrystal</li>
			<li>guy762_slot_powercrystal_curve</li>
			<!--li>guy762_slot_lens</li>
			<li>guy762_slot_emitter</li>
			<li>guy762_slot_sabercell</li-->
		</partKinds>
		<majorKinds>
			<li>guy762_slot_colorcrystal</li>
		</majorKinds>
		<randomizeParts>false</randomizeParts>
		<defaultParts>
			<li>guy762_colorcrystal_purple</li>
		</defaultParts>
	  </li>
	  <!--li Class="CompProperties_BladelinkWeapon">
        <biocodeOnEquip>true</biocodeOnEquip>
      </li>
      <li Class="CompProperties_GeneratedName">
        <nameMaker>NamerWeaponBladelink</nameMaker>
      </li-->
    </comps>
	<notifyMapRemoved>true</notifyMapRemoved>
	<tradeNeverStack>true</tradeNeverStack>
  </ThingDef>
  
  <ThingDef ParentName="guy762_kotocurvesaber">
    <defName>SWSaber_guy762_kotocurvesaber_white</defName>
	<weaponTags Inherit="False">
		<li>SaV_jediexilesaber</li>
	</weaponTags>
    <comps>
	  <li Class="ModularWeapons.CompProperties_ModularParts">
		<compClass>ModularWeapons.CompModularParts</compClass>
		<bundlePackageId>guy762.KotORWeaponsArmor</bundlePackageId>
		<partKinds>
			<li>guy762_slot_colorcrystal</li>
			<li>guy762_slot_focuscrystal</li>
			<li>guy762_slot_powercrystal_curve</li>
			<!--li>guy762_slot_lens</li>
			<li>guy762_slot_emitter</li>
			<li>guy762_slot_sabercell</li-->
		</partKinds>
		<majorKinds>
			<li>guy762_slot_colorcrystal</li>
		</majorKinds>
		<randomizeParts>false</randomizeParts>
		<defaultParts>
			<li>guy762_colorcrystal_white</li>
		</defaultParts>
	  </li>
	  <!--li Class="CompProperties_BladelinkWeapon">
        <biocodeOnEquip>true</biocodeOnEquip>
      </li>
      <li Class="CompProperties_GeneratedName">
        <nameMaker>NamerWeaponLightsaber</nameMaker>
      </li-->
    </comps>
	<notifyMapRemoved>true</notifyMapRemoved>
	<tradeNeverStack>true</tradeNeverStack>
  </ThingDef>
  
  
  
  
  
  
  

  
  
  
  
  <ThingDef ParentName="guy762_kotocurvesaber">
    <defName>SWSaber_guy762_kotocurvesaber_pink</defName>
	<weaponTags Inherit="False" />
	<tradeTags Inherit="False" />
    <comps>
	  <li Class="ModularWeapons.CompProperties_ModularParts">
		<compClass>ModularWeapons.CompModularParts</compClass>
		<bundlePackageId>guy762.KotORWeaponsArmor</bundlePackageId>
		<partKinds>
			<li>guy762_slot_colorcrystal</li>
			<li>guy762_slot_focuscrystal</li>
			<li>guy762_slot_powercrystal_curve</li>
			<!--li>guy762_slot_lens</li>
			<li>guy762_slot_emitter</li>
			<li>guy762_slot_sabercell</li-->
		</partKinds>
		<majorKinds>
			<li>guy762_slot_colorcrystal</li>
		</majorKinds>
		<randomizeParts>false</randomizeParts>
		<defaultParts>
			<li>guy762_colorcrystal_pink</li>
		</defaultParts>
	  </li>
	  <!--li Class="CompProperties_BladelinkWeapon">
        <biocodeOnEquip>true</biocodeOnEquip>
      </li>
      <li Class="CompProperties_GeneratedName">
        <nameMaker>NamerWeaponLightsaber</nameMaker>
      </li-->
    </comps>
	<notifyMapRemoved>true</notifyMapRemoved>
	<tradeNeverStack>true</tradeNeverStack>
  </ThingDef>
  
 
  
</Defs>