<?xml version="1.0" encoding="utf-8" ?>
<Patch>

	<Operation Class="PatchOperationReplace" MayRequire="Killathon.AndroidTiersReforged">
	  <xpath>Defs/DamageDef[defName="guy762_RangedDamage_ion"]/workerClass</xpath>
	  <value>
		<workerClass>guy762_IonizationATR.DamageWorker_Ionize</workerClass>
	  </value>
	</Operation>
	
	<Operation Class="PatchOperationReplace" MayRequire="Killathon.AndroidTiersReforged">
	  <xpath>Defs/DamageDef[defName="guy762_MeleeDamage_ion"]/workerClass</xpath>
	  <value>
		<workerClass>guy762_IonizationATR.DamageWorker_Ionize</workerClass>
	  </value>
	</Operation>
	
	<Operation Class="PatchOperationReplace" MayRequire="Killathon.AndroidTiersReforged">
	  <xpath>Defs/DamageDef[defName="guy762_GrenadeDamage_ion"]/workerClass</xpath>
	  <value>
		<workerClass>guy762_IonizationATR.DamageWorker_Ionize</workerClass>
	  </value>
	</Operation>
	
	<Operation Class="PatchOperationReplace" MayRequire="Killathon.AndroidTiersReforged">
	  <xpath>Defs/DamageDef[defName="guy762_ExplosiveDamage_ion"]/workerClass</xpath>
	  <value>
		<workerClass>guy762_IonizationATR.DamageWorker_Ionize</workerClass>
	  </value>
	</Operation>
	
	
	
	<!--Operation Class="PatchOperationReplace" MayRequire="Killathon.AndroidTiersReforged">
	  <xpath>Defs/DamageDef[defName="guy762_RangedDamage_plasma"]/workerClass</xpath>
	  <value>
		<workerClass>guy762_IonizationATR.DamageWorker_Ionize</workerClass>
	  </value>
	</Operation>
	
	<Operation Class="PatchOperationReplace" MayRequire="Killathon.AndroidTiersReforged">
	  <xpath>Defs/DamageDef[defName="guy762_GrenadeDamage_plasma"]/workerClass</xpath>
	  <value>
		<workerClass>guy762_IonizationATR.DamageWorker_Ionize</workerClass>
	  </value>
	</Operation-->

</Patch>