﻿<?xml version="1.0" encoding="utf-8" ?>
<Defs>

  
  <ThingDef ParentName="guy762_UtilityItemBase">
    <defName>guy762_stealthbelt</defName>
    <label>stealth field generator</label>
    <description>This device enables Stealth Mode, a camouflage field that hides the user. Combat is disabled while active, but performing mundane tasks are not. This basic version lasts up to 30 seconds.</description>
    <graphicData>
      <texPath>Items/belt_stealth</texPath>
      <graphicClass>Graphic_Single</graphicClass>
	  <color>(105,125,105)</color>
    </graphicData>
    <techLevel>Spacer</techLevel>
    <statBases>
      <Mass>2</Mass>
      <EquipDelay>2</EquipDelay>
      <MarketValue>100</MarketValue>
      <MaxHitPoints>100</MaxHitPoints>
    </statBases>
	<tradeNeverStack>true</tradeNeverStack>
    <apparel>
      <countsAsClothingForNudity>false</countsAsClothingForNudity>
      <careIfWornByCorpse>false</careIfWornByCorpse>
      <careIfDamaged>false</careIfDamaged>
      <ignoredByNonViolent>true</ignoredByNonViolent>
      <wearPerDay>0</wearPerDay>
      <bodyPartGroups>
        <li>Waist</li>
      </bodyPartGroups>
      <layers>
        <li>Belt</li>
      </layers>
	  <tags>
		<li>KotORStealthBelt_basic</li>
	  </tags>
    </apparel>
	<tradeTags>
      <li>guy762TT_KotOREquipment_hitech</li>
    </tradeTags>
	<verbs>
      <li Class="SelfHediffVerb.VerbProperties_SelfHediff">
        <label>activate stealth field</label>
        <commandIcon>UI/KotOR_Icon_Stealth</commandIcon>
        <verbClass>SelfHediffVerb.Verb_SelfHediff</verbClass>
        <hediffDef>guy762_StealthField</hediffDef>

        <hasStandardCommand>true</hasStandardCommand>
        <targetable>false</targetable>
        <nonInterruptingSelfCast>true</nonInterruptingSelfCast>
        <onlyManualCast>True</onlyManualCast>
        <soundCast>kotorsound_cloak</soundCast>
		<violent>false</violent>

      </li>
    </verbs>
    <comps>
	  <li Class="VanillaApparelExpanded.CompProperties_Camouflage" />
	  <li Class="SelfHediffVerb.CompProperties_VerbWithCooltime">
        <ticksCooldown>7200</ticksCooldown> <!-- 60ticks = 1sec -->
      </li>
    </comps>
  </ThingDef>
  
  <ThingDef ParentName="guy762_UtilityItemBase">
    <defName>guy762_stealthbelt_aratech</defName>
    <label>Aratech SD Stealth Unit</label>
    <description>This Aratech Sound Dampening Belt reduces all sound that the user might make. Combat is disabled while active, but performing mundane tasks are not.\n\nThis improved model lasts up to 60 seconds.</description>
    <graphicData>
      <texPath>Items/belt_stealth</texPath>
      <graphicClass>Graphic_Single</graphicClass>
	  <color>(55,140,185)</color>
    </graphicData>
    <techLevel>Spacer</techLevel>
    <statBases>
      <Mass>2</Mass>
      <EquipDelay>2</EquipDelay>
      <MarketValue>320</MarketValue>
      <MaxHitPoints>100</MaxHitPoints>
    </statBases>
	<tradeNeverStack>true</tradeNeverStack>
	<equippedStatOffsets>
		<HuntingStealth>0.2</HuntingStealth>
	</equippedStatOffsets>
    <apparel>
      <countsAsClothingForNudity>false</countsAsClothingForNudity>
      <careIfWornByCorpse>false</careIfWornByCorpse>
      <careIfDamaged>false</careIfDamaged>
      <ignoredByNonViolent>true</ignoredByNonViolent>
      <wearPerDay>0</wearPerDay>
      <bodyPartGroups>
        <li>Waist</li>
      </bodyPartGroups>
      <layers>
        <li>Belt</li>
      </layers>
	  <tags>
		<li>KotORStealthBelt_basic</li>
		<li>OR_equipment_saboteur</li>
	  </tags>
    </apparel>
	<tradeTags>
      <li>guy762TT_KotOREquipment_hitech</li>
    </tradeTags>
    <verbs>
      <li Class="SelfHediffVerb.VerbProperties_SelfHediff">
        <label>activate stealth field</label>
        <commandIcon>UI/KotOR_Icon_Stealth</commandIcon>
        <verbClass>SelfHediffVerb.Verb_SelfHediff</verbClass>
        <hediffDef>guy762_StealthField_sixty</hediffDef>
        
        <hasStandardCommand>true</hasStandardCommand>
        <targetable>false</targetable>
        <nonInterruptingSelfCast>true</nonInterruptingSelfCast>
        <onlyManualCast>True</onlyManualCast>
        <soundCast>kotorsound_cloak</soundCast>
		<violent>false</violent>
      </li>
    </verbs>
    <comps>
	  <li Class="VanillaApparelExpanded.CompProperties_Camouflage" />
	  <li Class="SelfHediffVerb.CompProperties_VerbWithCooltime">
        <ticksCooldown>7200</ticksCooldown> <!-- 60ticks = 1sec -->
      </li>
    </comps>
  </ThingDef>
  
  <ThingDef ParentName="guy762_UtilityItemBase">
    <defName>guy762_stealthbelt_exchange</defName>
    <label>Exchange Shadow Caster</label>
    <description>This unit was developed by the Exchange as an escape tool for their members on worlds where the authorities outnumber the Exchange population. It refines the Stealth Mode field to better camouflage the user. Combat is disabled while active, but performing mundane tasks are not.\n\nThis advanced model lasts up to two minutes.</description>
    <graphicData>
      <texPath>Items/belt_stealth</texPath>
      <graphicClass>Graphic_Single</graphicClass>
	  <color>(100,85,115)</color>
    </graphicData>
    <techLevel>Spacer</techLevel>
    <statBases>
      <Mass>2</Mass>
      <EquipDelay>2</EquipDelay>
      <MarketValue>1320</MarketValue>
      <MaxHitPoints>100</MaxHitPoints>
    </statBases>
	<tradeNeverStack>true</tradeNeverStack>
	<equippedStatOffsets>
		<HuntingStealth>0.4</HuntingStealth>
		<MeleeDodgeChance>0.1</MeleeDodgeChance>
		<PawnTrapSpringChance>-0.2</PawnTrapSpringChance>
	</equippedStatOffsets>
    <apparel>
      <countsAsClothingForNudity>false</countsAsClothingForNudity>
      <careIfWornByCorpse>false</careIfWornByCorpse>
      <careIfDamaged>false</careIfDamaged>
      <ignoredByNonViolent>true</ignoredByNonViolent>
      <wearPerDay>0</wearPerDay>
      <bodyPartGroups>
        <li>Waist</li>
      </bodyPartGroups>
      <layers>
        <li>Belt</li>
      </layers>
	  <tags>
		<li>KotORStealthBelt_adv</li>
		<li>SaV_ExchangeGadget</li>
	  </tags>
    </apparel>
	<tradeTags>
      <li>guy762TT_KotOREquipment_hitech</li>
    </tradeTags>
    <verbs>
      <li Class="SelfHediffVerb.VerbProperties_SelfHediff">
        <label>activate stealth field</label>
        <commandIcon>UI/KotOR_Icon_Stealth</commandIcon>
        <verbClass>SelfHediffVerb.Verb_SelfHediff</verbClass>
        <hediffDef>guy762_StealthField_twomin</hediffDef>
        
        <hasStandardCommand>true</hasStandardCommand>
        <targetable>false</targetable>
        <nonInterruptingSelfCast>true</nonInterruptingSelfCast>
        <onlyManualCast>True</onlyManualCast>
        <soundCast>kotorsound_cloak</soundCast>
		<violent>false</violent>
      </li>
    </verbs>
    <comps>
	  <li Class="VanillaApparelExpanded.CompProperties_Camouflage" />
	  <li Class="SelfHediffVerb.CompProperties_VerbWithCooltime">
        <ticksCooldown>7200</ticksCooldown> <!-- 60ticks = 1sec -->
      </li>
    </comps>
  </ThingDef>
  
  <ThingDef ParentName="guy762_UtilityItemBase">
    <defName>guy762_stealthbelt_eriadu</defName>
    <label>Eriadu Stealth Unit</label>
    <description>This sophisticated Eriadu Stealth Mode unit expertly camouflages the user. Combat is disabled while active, but performing mundane tasks are not.\n\nThis more advanced model lasts up to three minutes.</description>
    <graphicData>
      <texPath>Items/belt_stealth</texPath>
      <graphicClass>Graphic_Single</graphicClass>
	  <color>(115,155,180)</color>
    </graphicData>
    <techLevel>Spacer</techLevel>
    <statBases>
      <Mass>2</Mass>
      <EquipDelay>2</EquipDelay>
      <MarketValue>2900</MarketValue>
      <MaxHitPoints>100</MaxHitPoints>
    </statBases>
	<tradeNeverStack>true</tradeNeverStack>
	<equippedStatOffsets>
		<HuntingStealth>0.6</HuntingStealth>
		<MeleeDodgeChance>0.2</MeleeDodgeChance>
	</equippedStatOffsets>
    <apparel>
      <countsAsClothingForNudity>false</countsAsClothingForNudity>
      <careIfWornByCorpse>false</careIfWornByCorpse>
      <careIfDamaged>false</careIfDamaged>
      <ignoredByNonViolent>true</ignoredByNonViolent>
      <wearPerDay>0</wearPerDay>
      <bodyPartGroups>
        <li>Waist</li>
      </bodyPartGroups>
      <layers>
        <li>Belt</li>
      </layers>
	  <tags>
		<li>KotORStealthBelt_adv</li>
		<li>KotORHeroAccessories_visas</li>
	  </tags>
    </apparel>
	<tradeTags>
      <li>guy762TT_KotORElite</li>
    </tradeTags>
    <verbs>
      <li Class="SelfHediffVerb.VerbProperties_SelfHediff">
        <label>activate stealth field</label>
        <commandIcon>UI/KotOR_Icon_Stealth</commandIcon>
        <verbClass>SelfHediffVerb.Verb_SelfHediff</verbClass>
        <hediffDef>guy762_StealthField_threemin</hediffDef>
        
        <hasStandardCommand>true</hasStandardCommand>
        <targetable>false</targetable>
        <nonInterruptingSelfCast>true</nonInterruptingSelfCast>
        <onlyManualCast>True</onlyManualCast>
        <soundCast>kotorsound_cloak</soundCast>
		<violent>false</violent>
      </li>
    </verbs>
    <comps>
	  <li Class="VanillaApparelExpanded.CompProperties_Camouflage" />
	  <li Class="SelfHediffVerb.CompProperties_VerbWithCooltime">
        <ticksCooldown>7200</ticksCooldown> <!-- 60ticks = 1sec -->
      </li>
    </comps>
  </ThingDef>
  
  <ThingDef ParentName="guy762_UtilityItemBase">
    <defName>guy762_stealthbelt_genoharadan</defName>
    <label>GenoHaradan Stealth Unit</label>
    <description>The assassins of the GenoHaradan work in absolute secrecy, thanks to items such as this highly advanced stealth unit. Combat is disabled while active, but performing mundane tasks are not.\n\nThis superior model lasts up to four minutes.</description>
    <graphicData>
      <texPath>Items/belt_stealth</texPath>
      <graphicClass>Graphic_Single</graphicClass>
	  <color>(62,62,62)</color>
    </graphicData>
    <techLevel>Spacer</techLevel>
    <statBases>
      <Mass>2</Mass>
      <EquipDelay>2</EquipDelay>
      <MarketValue>14600</MarketValue>
      <MaxHitPoints>100</MaxHitPoints>
    </statBases>
	<tradeNeverStack>true</tradeNeverStack>
	<equippedStatOffsets>
		<HuntingStealth>0.8</HuntingStealth>
		<MeleeDodgeChance>0.3</MeleeDodgeChance>
	</equippedStatOffsets>
    <apparel>
      <countsAsClothingForNudity>false</countsAsClothingForNudity>
      <careIfWornByCorpse>false</careIfWornByCorpse>
      <careIfDamaged>false</careIfDamaged>
      <ignoredByNonViolent>true</ignoredByNonViolent>
      <wearPerDay>0</wearPerDay>
      <bodyPartGroups>
        <li>Waist</li>
      </bodyPartGroups>
      <layers>
        <li>Belt</li>
      </layers>
	  <tags>
		<li>KotORStealthBelt_rare</li>
		<li>SaV_genoharadan</li>
	  </tags>
    </apparel>
	<tradeTags>
      <li>guy762TT_KotORElite</li>
    </tradeTags>
    <verbs>
      <li Class="SelfHediffVerb.VerbProperties_SelfHediff">
        <label>activate stealth field</label>
        <commandIcon>UI/KotOR_Icon_Stealth</commandIcon>
        <verbClass>SelfHediffVerb.Verb_SelfHediff</verbClass>
        <hediffDef>guy762_StealthField_fourmin</hediffDef>
        
        <hasStandardCommand>true</hasStandardCommand>
        <targetable>false</targetable>
        <nonInterruptingSelfCast>true</nonInterruptingSelfCast>
        <onlyManualCast>True</onlyManualCast>
        <soundCast>kotorsound_cloak</soundCast>
		<violent>false</violent>
      </li>
    </verbs>
    <comps>
	  <li Class="VanillaApparelExpanded.CompProperties_Camouflage" />
	  <li Class="SelfHediffVerb.CompProperties_VerbWithCooltime">
        <ticksCooldown>7200</ticksCooldown> <!-- 60ticks = 1sec -->
      </li>
    </comps>
  </ThingDef>


</Defs>
