﻿<?xml version="1.0" encoding="utf-8" ?>
<Defs>

  <ThingDef Name="guy762_UtilityItemBase" ParentName="ApparelNoQualityBase" Abstract="True">
		<tickerType>Normal</tickerType>
		<thingCategories>
		  <li>ApparelUtility</li>
		</thingCategories>
		<resourceReadoutPriority>Middle</resourceReadoutPriority>
		<tradeNeverStack>false</tradeNeverStack>
		<smeltable>false</smeltable>
		<burnableByRecipe>false</burnableByRecipe>
		<drawGUIOverlay>false</drawGUIOverlay>
		<tradeability>All</tradeability>
		<!--comps>
		  <li Class="CompProperties_AIUSablePack">
			<checkInterval>60</checkInterval>
			<compClass>CompAIUsablePack</compClass>
		  </li>
		</comps-->
	</ThingDef>
  
  
  <ThingDef ParentName="guy762_UtilityItemBase">
    <defName>guy762_energyshield</defName>
    <label>energy shield</label>
    <description>When equipped and activated, these items project an energy shield around the wearer. The small power source can burn out when repeatedly stressed, requiring replacement of the entire unit.</description>
    <graphicData>
      <texPath>Items/shield</texPath>
      <graphicClass>Graphic_Single</graphicClass>
    </graphicData>
    <techLevel>Spacer</techLevel>
    <statBases>
      <Mass>0.5</Mass>
      <EquipDelay>2</EquipDelay>
      <MarketValue>140</MarketValue>
      <MaxHitPoints>80</MaxHitPoints>
    </statBases>
    <apparel>
      <countsAsClothingForNudity>false</countsAsClothingForNudity>
      <careIfWornByCorpse>false</careIfWornByCorpse>
      <careIfDamaged>false</careIfDamaged>
      <ignoredByNonViolent>true</ignoredByNonViolent>
      <wearPerDay>0</wearPerDay>
      <bodyPartGroups>
        <li>Arms</li>
      </bodyPartGroups>
      <layers>
        <li>Belt</li>
      </layers>
	  <tags>
		<li>KotORShield_basic</li>
		<li>KotORShield_weak</li>
	  </tags>
    </apparel>
	<tradeTags>
      <li>guy762TT_KotOREquipment_consumables</li>
    </tradeTags>
	<verbs>
      <li Class="SelfHediffVerb.VerbProperties_SelfHediff">
        <label>activate shield</label>
        
        <verbClass>SelfHediffVerb.Verb_SelfHediff</verbClass>
        <hediffDef>guy762_EShield</hediffDef>
        <inDanger>true</inDanger>
        <hasStandardCommand>true</hasStandardCommand>
        <targetable>false</targetable>
        <nonInterruptingSelfCast>true</nonInterruptingSelfCast>
        <onlyManualCast>True</onlyManualCast>
        <soundCast>kotorsound_shieldpowerup</soundCast>
		<violent>false</violent>
      </li>
    </verbs>
	<comps>
		<li Class="CompProperties_Reloadable">
			<maxCharges>5</maxCharges>
			<destroyOnEmpty>true</destroyOnEmpty>
			<hotKey>Misc4</hotKey>
			<chargeNoun>usage</chargeNoun>
			<displayGizmoWhileUndrafted>false</displayGizmoWhileUndrafted>
		</li>
    </comps>
  </ThingDef>
  
  
  <ThingDef ParentName="guy762_UtilityItemBase">
    <defName>guy762_energyshield_thermal</defName>
    <label>thermal shield</label>
    <description>When equipped and activated, these safety energy shields project a safety shield around deep space miners, protecting them from temperature extremes, accidental thermal detonations, and plasma burns.</description>
    <graphicData>
      <texPath>Items/shield_thermal</texPath>
      <graphicClass>Graphic_Single</graphicClass>
    </graphicData>
    <techLevel>Spacer</techLevel>
    <statBases>
      <Mass>0.5</Mass>
      <EquipDelay>2</EquipDelay>
      <MarketValue>100</MarketValue>
      <MaxHitPoints>80</MaxHitPoints>
    </statBases>
    <apparel>
      <countsAsClothingForNudity>false</countsAsClothingForNudity>
      <careIfWornByCorpse>false</careIfWornByCorpse>
      <careIfDamaged>false</careIfDamaged>
      <ignoredByNonViolent>true</ignoredByNonViolent>
      <wearPerDay>0</wearPerDay>
      <bodyPartGroups>
        <li>Arms</li>
      </bodyPartGroups>
      <layers>
        <li>Belt</li>
      </layers>
	  <tags>
		<li>KotORShield_weak</li>
	  </tags>
    </apparel>
	<tradeTags>
      <li>guy762TT_KotOREquipment_consumables</li>
    </tradeTags>
    <verbs>
      <li Class="SelfHediffVerb.VerbProperties_SelfHediff">
        <label>activate shield</label>
        
        <verbClass>SelfHediffVerb.Verb_SelfHediff</verbClass>
        <hediffDef>guy762_EShield_thermal</hediffDef>
        <inDanger>true</inDanger>
        <hasStandardCommand>true</hasStandardCommand>
        <targetable>false</targetable>
        <nonInterruptingSelfCast>true</nonInterruptingSelfCast>
        <onlyManualCast>True</onlyManualCast>
        <soundCast>kotorsound_shieldpowerup</soundCast>
		<violent>false</violent>
      </li>
    </verbs>
	<comps>
		<li Class="CompProperties_Reloadable">
			<maxCharges>3</maxCharges>
			<destroyOnEmpty>true</destroyOnEmpty>
			<hotKey>Misc4</hotKey>
			<chargeNoun>usage</chargeNoun>
			<displayGizmoWhileUndrafted>false</displayGizmoWhileUndrafted>
		</li>
    </comps>
  </ThingDef>
  
  
  
  <ThingDef ParentName="guy762_UtilityItemBase">
    <defName>guy762_energyshield_sith</defName>
    <label>Sith energy shield</label>
    <description>The Sith have made many improvements to personal forearm shielding, much to the dismay of the Jedi. Though efficient, the unit must be replaced often as it burns out when repeatedly activated.</description>
    <graphicData>
      <texPath>Items/shield_sith</texPath>
      <graphicClass>Graphic_Single</graphicClass>
    </graphicData>
    <techLevel>Spacer</techLevel>
    <statBases>
      <Mass>0.5</Mass>
      <EquipDelay>2</EquipDelay>
      <MarketValue>350</MarketValue>
      <MaxHitPoints>80</MaxHitPoints>
    </statBases>
    <apparel>
      <countsAsClothingForNudity>false</countsAsClothingForNudity>
      <careIfWornByCorpse>false</careIfWornByCorpse>
      <careIfDamaged>false</careIfDamaged>
      <ignoredByNonViolent>true</ignoredByNonViolent>
      <wearPerDay>0</wearPerDay>
      <bodyPartGroups>
        <li>Arms</li>
      </bodyPartGroups>
      <layers>
        <li>Belt</li>
      </layers>
	  <tags>
		<li>KotORShield_sith</li>
		<li>KotORHeroAccessories_yuthura</li>
	  </tags>
    </apparel>
	<tradeTags>
      <li>guy762TT_SEArmor</li>
	  <li>guy762TT_KotOREquipment_consumables</li>
	</tradeTags>
    <verbs>
      <li Class="SelfHediffVerb.VerbProperties_SelfHediff">
        <label>activate shield</label>
        
        <verbClass>SelfHediffVerb.Verb_SelfHediff</verbClass>
        <hediffDef>guy762_EShield_sith</hediffDef>
        <inDanger>true</inDanger>
        <hasStandardCommand>true</hasStandardCommand>
        <targetable>false</targetable>
        <nonInterruptingSelfCast>true</nonInterruptingSelfCast>
        <onlyManualCast>True</onlyManualCast>
        <soundCast>kotorsound_shieldpowerup</soundCast>
		<violent>false</violent>
      </li>
    </verbs>
	<comps>
		<li Class="CompProperties_Reloadable">
			<maxCharges>5</maxCharges>
			<destroyOnEmpty>true</destroyOnEmpty>
			<hotKey>Misc4</hotKey>
			<chargeNoun>usage</chargeNoun>
			<displayGizmoWhileUndrafted>false</displayGizmoWhileUndrafted>
		</li>
    </comps>
  </ThingDef>
  
  
  <ThingDef ParentName="guy762_UtilityItemBase">
    <defName>guy762_energyshield_arkanian</defName>
    <label>Arkanian energy shield</label>
    <description>Even 2000 years after the designs were pioneered, Arkanian technology remains desirable. When equipped and activated, this forearm shield protects against a variety of combat conditions, though it must be replaced often due to burnout.</description>
    <graphicData>
      <texPath>Items/shield_arkanian</texPath>
      <graphicClass>Graphic_Single</graphicClass>
    </graphicData>
    <techLevel>Spacer</techLevel>
    <statBases>
      <Mass>0.5</Mass>
      <EquipDelay>2</EquipDelay>
      <MarketValue>700</MarketValue>
      <MaxHitPoints>80</MaxHitPoints>
    </statBases>
    <apparel>
      <countsAsClothingForNudity>false</countsAsClothingForNudity>
      <careIfWornByCorpse>false</careIfWornByCorpse>
      <careIfDamaged>false</careIfDamaged>
      <ignoredByNonViolent>true</ignoredByNonViolent>
      <wearPerDay>0</wearPerDay>
      <bodyPartGroups>
        <li>Arms</li>
      </bodyPartGroups>
      <layers>
        <li>Belt</li>
      </layers>
	  <tags>
		<li>KotORShield_mid</li>
	  </tags>
    </apparel>
	<tradeTags>
      <li>guy762TT_KotOREquipment_consumables</li>
	</tradeTags>
	<thingSetMakerTags>
      <li>RewardStandardHighFreq</li>
    </thingSetMakerTags>
	<verbs>
      <li Class="SelfHediffVerb.VerbProperties_SelfHediff">
        <label>activate shield</label>
        
        <verbClass>SelfHediffVerb.Verb_SelfHediff</verbClass>
        <hediffDef>guy762_EShield_arkanian</hediffDef>
        <inDanger>true</inDanger>
        <hasStandardCommand>true</hasStandardCommand>
        <targetable>false</targetable>
        <nonInterruptingSelfCast>true</nonInterruptingSelfCast>
        <onlyManualCast>True</onlyManualCast>
        <soundCast>kotorsound_shieldpowerup</soundCast>
		<violent>false</violent>
      </li>
    </verbs>
	<comps>
		<li Class="CompProperties_Reloadable">
			<maxCharges>5</maxCharges>
			<destroyOnEmpty>true</destroyOnEmpty>
			<hotKey>Misc4</hotKey>
			<chargeNoun>usage</chargeNoun>
			<displayGizmoWhileUndrafted>false</displayGizmoWhileUndrafted>
		</li>
    </comps>
  </ThingDef>
  
  
			<!--echani-->
  
  
  <ThingDef ParentName="guy762_UtilityItemBase">
    <defName>guy762_energyshield_echaniLte</defName>
    <label>Echani shield</label>
    <description>The Echani put much effort into developing a forearm shield that, once activated, would allow a mercenary to close on a blaster-wielding enemy relatively unscathed. This unit is discarded once its energy cells are depleted.</description>
    <graphicData>
      <texPath>Items/shield_echani1</texPath>
      <graphicClass>Graphic_Single</graphicClass>
    </graphicData>
    <techLevel>Spacer</techLevel>
    <statBases>
      <Mass>0.5</Mass>
      <EquipDelay>2</EquipDelay>
      <MarketValue>980</MarketValue>
      <MaxHitPoints>80</MaxHitPoints>
    </statBases>
    <apparel>
      <countsAsClothingForNudity>false</countsAsClothingForNudity>
      <careIfWornByCorpse>false</careIfWornByCorpse>
      <careIfDamaged>false</careIfDamaged>
      <ignoredByNonViolent>true</ignoredByNonViolent>
      <wearPerDay>0</wearPerDay>
      <bodyPartGroups>
        <li>Arms</li>
      </bodyPartGroups>
      <layers>
        <li>Belt</li>
      </layers>
	  <tags>
		<li>KotORShield_mid</li>
		<li>KotORShield_echani</li>
	  </tags>
    </apparel>
	<tradeTags>
      <li>guy762TT_KotOREquipment_consumables</li>
	</tradeTags>
	<thingSetMakerTags>
      <li>RewardStandardHighFreq</li>
    </thingSetMakerTags>
	<verbs>
      <li Class="SelfHediffVerb.VerbProperties_SelfHediff">
        <label>activate shield</label>
        
        <verbClass>SelfHediffVerb.Verb_SelfHediff</verbClass>
        <hediffDef>guy762_EShield_echani1</hediffDef>
        <inDanger>true</inDanger>
        <hasStandardCommand>true</hasStandardCommand>
        <targetable>false</targetable>
        <nonInterruptingSelfCast>true</nonInterruptingSelfCast>
        <onlyManualCast>True</onlyManualCast>
        <soundCast>kotorsound_shieldpowerup</soundCast>
		<violent>false</violent>
      </li>
    </verbs>
	<comps>
		<li Class="CompProperties_Reloadable">
			<maxCharges>5</maxCharges>
			<destroyOnEmpty>true</destroyOnEmpty>
			<hotKey>Misc4</hotKey>
			<chargeNoun>usage</chargeNoun>
			<displayGizmoWhileUndrafted>false</displayGizmoWhileUndrafted>
		</li>
    </comps>
  </ThingDef>
  
  <ThingDef ParentName="guy762_UtilityItemBase">
    <defName>guy762_energyshield_echaniHvy</defName>
    <label>Echani dueling shield</label>
    <description>Far more powerful than most forearm shields, when activated this unit absorbs some of the incoming energy to provide good protection without the need for bulky generators. The unit must still be replaced after repeated use, however.</description>
    <graphicData>
      <texPath>Items/shield_echani2</texPath>
      <graphicClass>Graphic_Single</graphicClass>
    </graphicData>
    <techLevel>Spacer</techLevel>
    <statBases>
      <Mass>0.5</Mass>
      <EquipDelay>2</EquipDelay>
      <MarketValue>1680</MarketValue>
      <MaxHitPoints>80</MaxHitPoints>
    </statBases>
    <apparel>
      <countsAsClothingForNudity>false</countsAsClothingForNudity>
      <careIfWornByCorpse>false</careIfWornByCorpse>
      <careIfDamaged>false</careIfDamaged>
      <ignoredByNonViolent>true</ignoredByNonViolent>
      <wearPerDay>0</wearPerDay>
      <bodyPartGroups>
        <li>Arms</li>
      </bodyPartGroups>
      <layers>
        <li>Belt</li>
      </layers>
	  <tags>
		<li>KotORShield_strong</li>
		<li>KotORShield_echani</li>
		<li>KotORHeroAccessories_handmaiden</li>
	  </tags>
    </apparel>
	<tradeTags>
      <li>guy762TT_KotOREquipment_consumables</li>
	</tradeTags>
	<thingSetMakerTags>
      <li>RewardStandardLowFreq</li>
    </thingSetMakerTags>
	<verbs>
      <li Class="SelfHediffVerb.VerbProperties_SelfHediff">
        <label>activate shield</label>
        
        <verbClass>SelfHediffVerb.Verb_SelfHediff</verbClass>
        <hediffDef>guy762_EShield_echani2</hediffDef>
        <inDanger>true</inDanger>
        <hasStandardCommand>true</hasStandardCommand>
        <targetable>false</targetable>
        <nonInterruptingSelfCast>true</nonInterruptingSelfCast>
        <onlyManualCast>True</onlyManualCast>
        <soundCast>kotorsound_shieldpowerup</soundCast>
		<violent>false</violent>
      </li>
    </verbs>
	<comps>
		<li Class="CompProperties_Reloadable">
			<maxCharges>5</maxCharges>
			<destroyOnEmpty>true</destroyOnEmpty>
			<hotKey>Misc4</hotKey>
			<chargeNoun>usage</chargeNoun>
			<displayGizmoWhileUndrafted>false</displayGizmoWhileUndrafted>
		</li>
    </comps>
  </ThingDef>
  
  
  
  <ThingDef ParentName="guy762_UtilityItemBase">
    <defName>guy762_energyshield_verpine</defName>
    <label>Verpine prototype shield</label>
    <description>Though manufactured by the Verpine, these forearm shields are based on highly modified Arkanian designs. They are must-have items for the professional soldier, though they have to be replaced when the maximum number of activations are expended.</description>
    <graphicData>
      <texPath>Items/shield_verpine</texPath>
      <graphicClass>Graphic_Single</graphicClass>
    </graphicData>
    <techLevel>Spacer</techLevel>
    <statBases>
      <Mass>0.5</Mass>
      <EquipDelay>2</EquipDelay>
      <MarketValue>2240</MarketValue>
      <MaxHitPoints>80</MaxHitPoints>
    </statBases>
    <apparel>
      <countsAsClothingForNudity>false</countsAsClothingForNudity>
      <careIfWornByCorpse>false</careIfWornByCorpse>
      <careIfDamaged>false</careIfDamaged>
      <ignoredByNonViolent>true</ignoredByNonViolent>
      <wearPerDay>0</wearPerDay>
      <bodyPartGroups>
        <li>Arms</li>
      </bodyPartGroups>
      <layers>
        <li>Belt</li>
      </layers>
	  <tags>
		<li>KotORShield_strong</li>
	  </tags>
    </apparel>
	<tradeTags>
      <li>guy762TT_KotORElite</li>
	</tradeTags>
	<thingSetMakerTags>
      <li>RewardStandardLowFreq</li>
    </thingSetMakerTags>
	<verbs>
      <li Class="SelfHediffVerb.VerbProperties_SelfHediff">
        <label>activate shield</label>
        
        <verbClass>SelfHediffVerb.Verb_SelfHediff</verbClass>
        <hediffDef>guy762_EShield_verpine</hediffDef>
        <inDanger>true</inDanger>
        <hasStandardCommand>true</hasStandardCommand>
        <targetable>false</targetable>
        <nonInterruptingSelfCast>true</nonInterruptingSelfCast>
        <onlyManualCast>True</onlyManualCast>
        <soundCast>kotorsound_shieldpowerup</soundCast>
		<violent>false</violent>
      </li>
    </verbs>
	<comps>
		<li Class="CompProperties_Reloadable">
			<maxCharges>5</maxCharges>
			<destroyOnEmpty>true</destroyOnEmpty>
			<hotKey>Misc4</hotKey>
			<chargeNoun>usage</chargeNoun>
			<displayGizmoWhileUndrafted>false</displayGizmoWhileUndrafted>
		</li>
    </comps>
  </ThingDef>
  
  
  
  
  
  
  <ThingDef ParentName="guy762_UtilityItemBase">
    <defName>guy762_energyshield_mandoLte</defName>
    <label>Mandalorian melee shield</label>
    <description>Mandalorians don't fear melee combat, but anything that absorbs physical damage brings them a step closer to victory, and these forearm shields are a favorite. The units are discarded once their maximum activations have been expended.</description>
    <graphicData>
      <texPath>Items/shield_mando1</texPath>
      <graphicClass>Graphic_Single</graphicClass>
    </graphicData>
    <techLevel>Spacer</techLevel>
    <statBases>
      <Mass>0.5</Mass>
      <EquipDelay>2</EquipDelay>
      <MarketValue>1120</MarketValue>
      <MaxHitPoints>80</MaxHitPoints>
    </statBases>
    <apparel>
      <countsAsClothingForNudity>false</countsAsClothingForNudity>
      <careIfWornByCorpse>false</careIfWornByCorpse>
      <careIfDamaged>false</careIfDamaged>
      <ignoredByNonViolent>true</ignoredByNonViolent>
      <wearPerDay>0</wearPerDay>
      <bodyPartGroups>
        <li>Arms</li>
      </bodyPartGroups>
      <layers>
        <li>Belt</li>
      </layers>
	  <tags>
		<li>KotORShield_mid</li>
		<li>KotORShield_mando</li>
	  </tags>
    </apparel>
	<tradeTags>
	  <li>guy762TT_MNCArmor</li>
      <li>guy762TT_KotOREquipment_consumables</li>
	</tradeTags>
	<thingSetMakerTags>
      <li>RewardStandardHighFreq</li>
    </thingSetMakerTags>
	<verbs>
      <li Class="SelfHediffVerb.VerbProperties_SelfHediff">
        <label>activate shield</label>
        
        <verbClass>SelfHediffVerb.Verb_SelfHediff</verbClass>
        <hediffDef>guy762_EShield_mando1</hediffDef>
        <inDanger>true</inDanger>
        <hasStandardCommand>true</hasStandardCommand>
        <targetable>false</targetable>
        <nonInterruptingSelfCast>true</nonInterruptingSelfCast>
        <onlyManualCast>True</onlyManualCast>
        <soundCast>kotorsound_shieldpowerup</soundCast>
		<violent>false</violent>
      </li>
    </verbs>
	<comps>
		<li Class="CompProperties_Reloadable">
			<maxCharges>5</maxCharges>
			<destroyOnEmpty>true</destroyOnEmpty>
			<hotKey>Misc4</hotKey>
			<chargeNoun>usage</chargeNoun>
			<displayGizmoWhileUndrafted>false</displayGizmoWhileUndrafted>
		</li>
    </comps>
  </ThingDef>
  
  <ThingDef ParentName="guy762_UtilityItemBase">
    <defName>guy762_energyshield_mandoHvy</defName>
    <label>Mandalorian power shield</label>
    <description>An improvement by the Mandalorians on their basic forearm shield, this variant proved decisive in several battles with the Republic. The units are discarded once their maximum number of activations have been expended.</description>
    <graphicData>
      <texPath>Items/shield_mando2</texPath>
      <graphicClass>Graphic_Single</graphicClass>
    </graphicData>
    <techLevel>Spacer</techLevel>
    <statBases>
      <Mass>0.5</Mass>
      <EquipDelay>2</EquipDelay>
      <MarketValue>1400</MarketValue>
      <MaxHitPoints>80</MaxHitPoints>
    </statBases>
    <apparel>
      <countsAsClothingForNudity>false</countsAsClothingForNudity>
      <careIfWornByCorpse>false</careIfWornByCorpse>
      <careIfDamaged>false</careIfDamaged>
      <ignoredByNonViolent>true</ignoredByNonViolent>
      <wearPerDay>0</wearPerDay>
      <bodyPartGroups>
        <li>Arms</li>
      </bodyPartGroups>
      <layers>
        <li>Belt</li>
      </layers>
	  <tags>
		<li>KotORShield_strong</li>
		<li>KotORShield_mando</li>
		<li>KotORHeroAccessories_visas</li>
		<li>KotORHeroAccessories_canderous</li>
	  </tags>
    </apparel>
	<tradeTags>
	  <li>guy762TT_MNCArmor</li>
      <li>guy762TT_KotORElite</li>
	</tradeTags>
	<thingSetMakerTags>
      <li>RewardStandardLowFreq</li>
    </thingSetMakerTags>
	<verbs>
      <li Class="SelfHediffVerb.VerbProperties_SelfHediff">
        <label>activate shield</label>
        
        <verbClass>SelfHediffVerb.Verb_SelfHediff</verbClass>
        <hediffDef>guy762_EShield_mando2</hediffDef>
        <inDanger>true</inDanger>
        <hasStandardCommand>true</hasStandardCommand>
        <targetable>false</targetable>
        <nonInterruptingSelfCast>true</nonInterruptingSelfCast>
        <onlyManualCast>True</onlyManualCast>
        <soundCast>kotorsound_shieldpowerup</soundCast>
		<violent>false</violent>
      </li>
    </verbs>
	<comps>
		<li Class="CompProperties_Reloadable">
			<maxCharges>5</maxCharges>
			<destroyOnEmpty>true</destroyOnEmpty>
			<hotKey>Misc4</hotKey>
			<chargeNoun>usage</chargeNoun>
			<displayGizmoWhileUndrafted>false</displayGizmoWhileUndrafted>
		</li>
    </comps>
  </ThingDef>
  
  
  
  <ThingDef ParentName="guy762_UtilityItemBase">
    <defName>guy762_energyshield_hapan</defName>
    <label>Hapan power shield</label>
    <description>Considered a miracle in energy shield miniaturization, this highly advanced device developed by the Hapes Consortium can absorb nearly all forms of damage, kinetic and energy alike. However, like all other energy shields, it cannot defend against disruptor or ion weaponry, and must be replaced often due to burnout.</description>
    <graphicData>
      <texPath>Items/shield_hapan</texPath>
      <graphicClass>Graphic_Single</graphicClass>
    </graphicData>
    <techLevel>Ultra</techLevel>
    <statBases>
      <Mass>0.5</Mass>
      <EquipDelay>2</EquipDelay>
      <MarketValue>10000</MarketValue>
      <MaxHitPoints>80</MaxHitPoints>
    </statBases>
    <apparel>
      <countsAsClothingForNudity>false</countsAsClothingForNudity>
      <careIfWornByCorpse>false</careIfWornByCorpse>
      <careIfDamaged>false</careIfDamaged>
      <ignoredByNonViolent>true</ignoredByNonViolent>
      <wearPerDay>0</wearPerDay>
      <bodyPartGroups>
        <li>Arms</li>
      </bodyPartGroups>
      <layers>
        <li>Belt</li>
      </layers>
	  <tags>
		<li>KotORShield_hapan</li>
	  </tags>
    </apparel>
	<tradeTags>
	  <li>guy762TT_KotORElite</li>
	</tradeTags>
    <verbs>
      <li Class="SelfHediffVerb.VerbProperties_SelfHediff">
        <label>activate shield</label>
        
        <verbClass>SelfHediffVerb.Verb_SelfHediff</verbClass>
        <hediffDef>guy762_EShield_hapan</hediffDef>
        <inDanger>true</inDanger>
        <hasStandardCommand>true</hasStandardCommand>
        <targetable>false</targetable>
        <nonInterruptingSelfCast>true</nonInterruptingSelfCast>
        <onlyManualCast>True</onlyManualCast>
        <soundCast>kotorsound_shieldpowerup</soundCast>
		<violent>false</violent>
      </li>
    </verbs>
	<comps>
		<li Class="CompProperties_Reloadable">
			<maxCharges>5</maxCharges>
			<destroyOnEmpty>true</destroyOnEmpty>
			<hotKey>Misc4</hotKey>
			<chargeNoun>usage</chargeNoun>
			<displayGizmoWhileUndrafted>false</displayGizmoWhileUndrafted>
		</li>
    </comps>
  </ThingDef>
  
  
  
</Defs>
