<Defs>
  <GeneDef Name="BS_AbstractDiet" Abstract="True">
    <exclusionTags>
      <li>BS_Diet</li>
      <li>Diet</li>
    </exclusionTags>
    <displayCategory>ResistanceAndWeakness</displayCategory>
    <biostatCpx>0</biostatCpx>
    <!--modExtensions>
			<li MayRequire="OskarPotocki.VanillaFactionsExpanded.Core" Class="VanillaGenesExpanded.GeneExtension">
				<backgroundPathEndogenes>GeneIcons/BS_BackEndogene</backgroundPathEndogenes>
				<backgroundPathXenogenes>GeneIcons/BS_BackXenogene</backgroundPathXenogenes>
			</li>
		</modExtensions-->
  </GeneDef>

  <GeneDef ParentName="BS_AbstractDiet">
    <defName>BS_Diet_Carnivore</defName>
    <label>Carnivore</label>
    <description>Carriers of this gene can only eat carnivore food. They will not automatically eat vegetarian food, and will vomit if they are forced.</description>
    <iconPath>BS_GeneIcons/BS_Carnivore</iconPath>
    <biostatMet>2</biostatMet>
  </GeneDef>

  <GeneDef ParentName="BS_AbstractDiet">
    <defName>BS_Diet_Herbivore</defName>
    <label>Herbivore</label>
    <description>Carriers of this gene can only eat vegetarian food. They will not automatically eat carnivore food, and will vomit if they are forced.</description>
    <iconPath>BS_GeneIcons/BS_Vegetartian</iconPath>
    <biostatMet>1</biostatMet>
    <exclusionTags>
      <li>BS_Cannibal</li>
      <li>Diet</li>
    </exclusionTags>
  </GeneDef>
</Defs>