<?xml version="1.0" encoding="utf-8" ?>
<Defs>

	<ThingDef ParentName="KotORRangedMakeable_TwoHand">
		<defName>guy762_hvyrepeater</defName>
		<label>heavy repeating blaster</label>
		<description>This weapon again increases the firepower available to the foot soldier or mercenary, but it is not for the lightly armored who wish to be quick on their feet.</description>
		<techLevel>Spacer</techLevel>
		<graphicData>
			<texPath>kotorhvyrepeater</texPath>
			<graphicClass>Graphic_Single</graphicClass>
		</graphicData>
		<equippedAngleOffset>45</equippedAngleOffset>
		<soundInteract>kotorsound_select_hvyrep</soundInteract>
		<statBases>
			<MarketValue>1500</MarketValue>
			<WorkToMake>80000</WorkToMake>
			<Mass>9</Mass>
			<AccuracyTouch>0.25</AccuracyTouch>
			<AccuracyShort>0.35</AccuracyShort>
			<AccuracyMedium>0.35</AccuracyMedium>
			<AccuracyLong>0.30</AccuracyLong>
			<RangedWeapon_Cooldown>4</RangedWeapon_Cooldown>
			<RangedWeapon_DamageMultiplier>1.2</RangedWeapon_DamageMultiplier>
		</statBases>
		<equippedStatOffsets>
			<MoveSpeed>-0.2</MoveSpeed>
		</equippedStatOffsets>
		<recipeMaker>
			<researchPrerequisite>guy762_ResearchKotOR_hvyblasters</researchPrerequisite>
			<skillRequirements>
				<Crafting>10</Crafting>
			</skillRequirements>
		</recipeMaker>
		<costList>
			<Plasteel>70</Plasteel>
			<Steel>50</Steel>
			<Chemfuel>100</Chemfuel>
			<ComponentSpacer>8</ComponentSpacer>
		</costList>
		<weaponTags>
			<li>SpacerGun</li>
			<li>KotORRanged_strong</li>
			<li>OR_heavy</li>
			<li>OR_commando</li>
			<li>SE_heavy</li>
			<li>SE_elitetrooper</li>
			<li>SE_raiderveteran</li>
			<li>SaV_heavy</li>
			<li>SaV_gangboss</li>
		</weaponTags>
		<tradeTags Inherit="False">
			<li>guy762TT_KotORGeneric_rare</li>
			<li>guy762TT_KotORRanged</li>
		</tradeTags>
		<verbs>
			<li>
				<verbClass>Verb_Shoot</verbClass>
				<hasStandardCommand>true</hasStandardCommand>
				<defaultProjectile>KotORBlasterBolt_default</defaultProjectile>
				<warmupTime>2.75</warmupTime>
				<range>28</range>
				<ticksBetweenBurstShots>9</ticksBetweenBurstShots>
				<burstShotCount>9</burstShotCount>
				<soundCast>kotorsound_heavy1</soundCast>
				<soundCastTail>GunTail_Medium</soundCastTail>
				<muzzleFlashScale>9</muzzleFlashScale>
			</li>
		</verbs>
		<tools>
			<li>
				<label>stock</label>
				<capacities>
					<li>Blunt</li>
				</capacities>
				<power>14</power>
				<cooldownTime>2</cooldownTime>
			</li>
			<li>
				<label>barrel</label>
				<capacities>
					<li>Blunt</li>
					<li>Poke</li>
				</capacities>
				<power>9</power>
				<cooldownTime>2</cooldownTime>
			</li>
		</tools>
		<thingSetMakerTags>
		  <li>RewardStandardLowFreq</li>
		  <li>RewardStandardQualitySuper</li>
		</thingSetMakerTags>
		<comps>
			<!--li Class="CompOversizedWeapon.CompProperties_OversizedWeapon">
			  <eastOffset>0.1,0,-0.1</eastOffset>
			  <westOffset>-0.1,0,-0.1</westOffset>
			  <southOffset>0,0,-0.1</southOffset>
			</li-->
		</comps>
	</ThingDef>
	
	
	
	<!--damage tier +1-->
	
	
	<ThingDef ParentName="KotORRangedModdable_TwoHand">
		<defName>guy762_hvyrepeater_mando</defName>
		<label>Mandalorian Heavy Repeater</label>
		<description>With this weapon, the Mandalorians again demonstrate a complete lack of subtlety. The only thing better than a big blaster, apparently, is one that shoots faster.</description>
		<techLevel>Spacer</techLevel>
		<graphicData>
			<texPath>kotorhvyrepeater_mando</texPath>
			<graphicClass>ModularWeapons.Graphic_Modular</graphicClass>
		</graphicData>
		<equippedAngleOffset>45</equippedAngleOffset>
		<soundInteract>kotorsound_select_hvyrep</soundInteract>
		<statBases>
			<MarketValue>8100</MarketValue>
			<Mass>9</Mass>
			<AccuracyTouch>0.30</AccuracyTouch>
			<AccuracyShort>0.40</AccuracyShort>
			<AccuracyMedium>0.40</AccuracyMedium>
			<AccuracyLong>0.35</AccuracyLong>
			<RangedWeapon_Cooldown>4</RangedWeapon_Cooldown>
			<RangedWeapon_DamageMultiplier>1.2</RangedWeapon_DamageMultiplier>
		</statBases>
		<equippedStatOffsets>
			<MoveSpeed>-0.2</MoveSpeed>
		</equippedStatOffsets>
		<weaponTags Inherit="False">
			<li>MNC_heavy</li>
			<li>MNC_champion</li>
			<li>SaV_bountyhunter_star</li>
		</weaponTags>
		<tradeTags Inherit="False">
			<li>guy762TT_KotORRanged</li>
			<li>guy762TT_MNCWeapons</li>
		</tradeTags>
		<verbs>
			<li>
				<verbClass>Verb_Shoot</verbClass>
				<hasStandardCommand>true</hasStandardCommand>
				<defaultProjectile>KotORBlasterBolt_default</defaultProjectile>
				<warmupTime>2.75</warmupTime>
				<range>28</range>
				<ticksBetweenBurstShots>9</ticksBetweenBurstShots>
				<burstShotCount>9</burstShotCount>
				<soundCast>kotorsound_heavy1</soundCast>
				<soundCastTail>GunTail_Medium</soundCastTail>
				<muzzleFlashScale>9</muzzleFlashScale>
			</li>
		</verbs>
		<tools>
			<li>
				<label>stock</label>
				<capacities>
					<li>Blunt</li>
				</capacities>
				<power>14</power>
				<cooldownTime>2</cooldownTime>
			</li>
			<li>
				<label>barrel</label>
				<capacities>
					<li>Blunt</li>
					<li>Poke</li>
				</capacities>
				<power>9</power>
				<cooldownTime>2</cooldownTime>
			</li>
		</tools>
		<thingSetMakerTags>
		  <li>RewardStandardLowFreq</li>
		</thingSetMakerTags>
		<comps>
			<!--li Class="CompOversizedWeapon.CompProperties_OversizedWeapon">
			  <eastOffset>0.1,0,-0.1</eastOffset>
			  <westOffset>-0.1,0,-0.1</westOffset>
			  <southOffset>0,0,-0.1</southOffset>
			</li-->
			<li Class="ModularWeapons.CompProperties_ModularParts">
				<compClass>ModularWeapons.CompModularParts</compClass>
				<bundlePackageId>guy762.KotORWeaponsArmor</bundlePackageId>
				<partKinds>
					<li>guy762_slot_chamber</li>
					<li>guy762_slot_trigger_hvyrep</li>
				</partKinds>
			</li>
		</comps>
	</ThingDef>
	
	
	<!--damage tier +2-->
	
	
	<ThingDef ParentName="KotORRangedWeapon_TwoHand">
		<defName>guy762_hvyrepeater_massdriver</defName>
		<label>Trandoshan Mass Driver</label>
		<description>While obnoxiously heavy, this Arakyd Industries weapon remains the top choice for metallic projectile-based repeaters.</description>
		<techLevel>Spacer</techLevel>
		<graphicData>
			<texPath>kotorhvyrepeater_massdriver</texPath>
			<graphicClass>Graphic_Single</graphicClass>
		</graphicData>
		<equippedAngleOffset>45</equippedAngleOffset>
		<soundInteract>kotorsound_select_hvyrep</soundInteract>
		<statBases>
			<MarketValue>12000</MarketValue>
			<Mass>14</Mass>
			<AccuracyTouch>0.25</AccuracyTouch>
			<AccuracyShort>0.35</AccuracyShort>
			<AccuracyMedium>0.35</AccuracyMedium>
			<AccuracyLong>0.30</AccuracyLong>
			<RangedWeapon_Cooldown>4</RangedWeapon_Cooldown>
			<RangedWeapon_DamageMultiplier>1.3</RangedWeapon_DamageMultiplier>
		</statBases>
		<equippedStatOffsets>
			<MoveSpeed>-0.4</MoveSpeed>
		</equippedStatOffsets>
		<weaponTags Inherit="False">
			<li>SaV_trando_ham</li>
		</weaponTags>
		<tradeTags Inherit="False">
			<li>guy762TT_KotORElite</li>
		</tradeTags>
		<verbs>
			<li>
				<verbClass>Verb_Shoot</verbClass>
				<hasStandardCommand>true</hasStandardCommand>
				<defaultProjectile>KotORSlugBolt</defaultProjectile>
				<warmupTime>2.75</warmupTime>
				<range>28</range>
				<ticksBetweenBurstShots>9</ticksBetweenBurstShots>
				<burstShotCount>9</burstShotCount>
				<soundCast>kotorsound_massdrivergun</soundCast>
				<soundCastTail>GunTail_Medium</soundCastTail>
				<muzzleFlashScale>9</muzzleFlashScale>
			</li>
			<li>
				<label>master rapid shot</label>
				<!--description>Fire extra bolts with reduced accuracy.</description>
				<iconPath>UI/Master_Rapid_Shot</iconPath-->
				<commandIcon>UI/Master_Rapid_Shot</commandIcon>
				<verbClass>Verb_Shoot</verbClass>
				<hasStandardCommand>true</hasStandardCommand>
				<defaultProjectile>KotORSlugBolt</defaultProjectile>
				<warmupTime>4.25</warmupTime>
				<defaultCooldownTime>5</defaultCooldownTime>
				<range>23</range>
				<ticksBetweenBurstShots>6</ticksBetweenBurstShots>
				<burstShotCount>21</burstShotCount>
				<forcedMissRadius>2.25</forcedMissRadius>
				<soundCast>kotorsound_massdrivergun</soundCast>
				<soundCastTail>GunTail_Medium</soundCastTail>
				<muzzleFlashScale>9</muzzleFlashScale>
				<ai_IsWeapon>true</ai_IsWeapon>
			</li>
		</verbs>
		<tools>
			<li>
				<label>stock</label>
				<capacities>
					<li>Blunt</li>
				</capacities>
				<power>14</power>
				<cooldownTime>2</cooldownTime>
			</li>
			<li>
				<label>barrel</label>
				<capacities>
					<li>Blunt</li>
					<li>Poke</li>
				</capacities>
				<power>9</power>
				<cooldownTime>2</cooldownTime>
			</li>
		</tools>
		<thingSetMakerTags>
		  <li>RewardStandardLowFreq</li>
		</thingSetMakerTags>
	</ThingDef>
	

	<!--damage tier +3-->
	
	
	<ThingDef ParentName="KotORRangedModdable_TwoHand">
		<defName>guy762_hvyrepeater_baragwin</defName>
		<label>Baragwin Heavy Repeating Blaster</label>
		<description>A heavier version of the Baragwin Assault Gun, this weapon features similar improvements over its more common version. The incredible amounts of energy contained in the beam can be upgraded even further to produce a blast capable of setting even durasteel on fire for brief periods.</description>
		<techLevel>Spacer</techLevel>
		<graphicData>
			<texPath>kotorhvyrepeater_baragwin</texPath>
			<graphicClass>ModularWeapons.Graphic_Modular</graphicClass>
		</graphicData>
		<equippedAngleOffset>45</equippedAngleOffset>
		<soundInteract>kotorsound_select_hvyrep</soundInteract>
		<statBases>
			<MarketValue>19000</MarketValue>
			<Mass>9</Mass>
			<AccuracyTouch>0.25</AccuracyTouch>
			<AccuracyShort>0.35</AccuracyShort>
			<AccuracyMedium>0.35</AccuracyMedium>
			<AccuracyLong>0.30</AccuracyLong>
			<RangedWeapon_Cooldown>4</RangedWeapon_Cooldown>
			<RangedWeapon_DamageMultiplier>1.5</RangedWeapon_DamageMultiplier>
		</statBases>
		<equippedStatOffsets>
			<MoveSpeed>-0.2</MoveSpeed>
		</equippedStatOffsets>
		<weaponTags Inherit="False">
			<li>MNC_champion</li>
			<li>SaV_bountyhunter_star</li>
		</weaponTags>
		<tradeTags Inherit="False">
			<li>guy762TT_Baragwin</li>
			<li>guy762TT_KotORLegendary</li>
		</tradeTags>
		<verbs>
			<li>
				<verbClass>Verb_Shoot</verbClass>
				<hasStandardCommand>true</hasStandardCommand>
				<defaultProjectile>KotORBlasterBolt_default</defaultProjectile>
				<warmupTime>2.75</warmupTime>
				<range>28</range>
				<ticksBetweenBurstShots>9</ticksBetweenBurstShots>
				<burstShotCount>9</burstShotCount>
				<soundCast>kotorsound_heavy1</soundCast>
				<soundCastTail>GunTail_Medium</soundCastTail>
				<muzzleFlashScale>9</muzzleFlashScale>
			</li>
		</verbs>
		<tools>
			<li>
				<label>stock</label>
				<capacities>
					<li>Blunt</li>
				</capacities>
				<power>14</power>
				<cooldownTime>2</cooldownTime>
			</li>
			<li>
				<label>barrel</label>
				<capacities>
					<li>Blunt</li>
					<li>Poke</li>
				</capacities>
				<power>9</power>
				<cooldownTime>2</cooldownTime>
			</li>
		</tools>
		<comps>
			<!--li Class="CompOversizedWeapon.CompProperties_OversizedWeapon">
			  <eastOffset>0.1,0,-0.1</eastOffset>
			  <westOffset>-0.1,0,-0.1</westOffset>
			  <southOffset>0,0,-0.1</southOffset>
			</li-->
			<li Class="ModularWeapons.CompProperties_ModularParts">
				<compClass>ModularWeapons.CompModularParts</compClass>
				<bundlePackageId>guy762.KotORWeaponsArmor</bundlePackageId>
				<partKinds>
					<li>guy762_slot_chamber</li>
					<li>guy762_slot_trigger_hvyrep</li>
					<li>guy762_slot_beam_hvyrep</li>
				</partKinds>
			</li>
		</comps>
	</ThingDef>
	
	
	<!--legendaries-->
	
	
	<ThingDef ParentName="KotORRangedModdable_TwoHand">
		<defName>guy762_hvyrepeater_ordo</defName>
		<label>Ordo's Repeating Blaster</label>
		<description>This prototype heavy repeater was developed during the latter part of the Mandalorian War and never saw general production.</description>
		<techLevel>Spacer</techLevel>
		<graphicData>
			<texPath>kotorhvyrepeater_ordo</texPath>
			<graphicClass>ModularWeapons.Graphic_Modular</graphicClass>
		</graphicData>
		<equippedAngleOffset>45</equippedAngleOffset>
		<soundInteract>kotorsound_select_hvyrep</soundInteract>
		<statBases>
			<MarketValue>25950</MarketValue>
			<Mass>9</Mass>
			<AccuracyTouch>0.30</AccuracyTouch>
			<AccuracyShort>0.40</AccuracyShort>
			<AccuracyMedium>0.40</AccuracyMedium>
			<AccuracyLong>0.35</AccuracyLong>
			<RangedWeapon_Cooldown>4</RangedWeapon_Cooldown>
			<RangedWeapon_DamageMultiplier>1.5</RangedWeapon_DamageMultiplier>
		</statBases>
		<equippedStatOffsets>
			<MoveSpeed>-0.2</MoveSpeed>
		</equippedStatOffsets>
		<weaponTags Inherit="False">
			<li>KotORRanged_legendary</li>
			<li>MNC_supremecommander</li>
			<li>MNC_canderous</li>
		</weaponTags>
		<tradeTags Inherit="False">
			<li>guy762TT_KotORLegendary</li>
		</tradeTags>
		<verbs>
			<li>
				<verbClass>Verb_Shoot</verbClass>
				<hasStandardCommand>true</hasStandardCommand>
				<defaultProjectile>KotORBlasterBolt_default</defaultProjectile>
				<warmupTime>2.75</warmupTime>
				<range>28</range>
				<ticksBetweenBurstShots>9</ticksBetweenBurstShots>
				<burstShotCount>9</burstShotCount>
				<soundCast>kotorsound_heavy1</soundCast>
				<soundCastTail>GunTail_Medium</soundCastTail>
				<muzzleFlashScale>9</muzzleFlashScale>
			</li>
		</verbs>
		<tools>
			<li>
				<label>stock</label>
				<capacities>
					<li>Blunt</li>
				</capacities>
				<power>14</power>
				<cooldownTime>2</cooldownTime>
			</li>
			<li>
				<label>barrel</label>
				<capacities>
					<li>Blunt</li>
					<li>Poke</li>
				</capacities>
				<power>9</power>
				<cooldownTime>2</cooldownTime>
			</li>
		</tools>
		<comps>
			<!--li Class="CompOversizedWeapon.CompProperties_OversizedWeapon">
			  <eastOffset>0.1,0,-0.1</eastOffset>
			  <westOffset>-0.1,0,-0.1</westOffset>
			  <southOffset>0,0,-0.1</southOffset>
			</li-->
			<li Class="ModularWeapons.CompProperties_ModularParts">
				<compClass>ModularWeapons.CompModularParts</compClass>
				<bundlePackageId>guy762.KotORWeaponsArmor</bundlePackageId>
				<partKinds>
					<li>guy762_slot_scope</li>
					<li>guy762_slot_power</li>
					<li>guy762_slot_chamber</li>
					<li>guy762_slot_trigger_hvyrep</li>
				</partKinds>
			</li>
		</comps>
	</ThingDef>
	
	

</Defs>