<?xml version="1.0" encoding="utf-8" ?>
<Defs>

	<ThingDef ParentName="KotORMeleeMakeable_TwoHand">
		<defName>guy762_vaxe</defName>
		<label>Vibroaxe</label>
		<description>These ultrasonic-powered axes are weighted to deliver strong blows while keeping an opponent at bay. The added vibrations help the blade cleave through armor when a strike lands, and the heavy counterbalance on the opposite end easily knocks the target off balance.</description>
		<soundInteract>kotorsound_swordinteract</soundInteract>
		<meleeHitSound>kotorsound_blade_hitsoft</meleeHitSound>
		<graphicData>
			<texPath>vibroaxe</texPath>
			<graphicClass>Graphic_Single</graphicClass>
			<shaderType>Cutout</shaderType>
			<drawSize>1.5</drawSize>
		</graphicData>
		<equippedAngleOffset>-30</equippedAngleOffset>
		<techLevel>Spacer</techLevel>
		<weaponClasses><li>MeleePiercer</li></weaponClasses>
		<statBases>
			<MarketValue>725</MarketValue>
			<WorkToMake>8000</WorkToMake>
			<Mass>6.5</Mass>
		</statBases>
		
		<recipeMaker>
			<researchPrerequisite>guy762_ResearchKotOR_vibroweapons</researchPrerequisite>
			<skillRequirements>
				<Crafting>6</Crafting>
			</skillRequirements>
		</recipeMaker>
		<costList>
			<Steel>50</Steel>
			<ComponentSpacer>3</ComponentSpacer>
		</costList>
		
		<comps>
		  <li Class="CompExtraSounds.CompProperties_ExtraSounds">
			<compClass>CompExtraSounds.CompExtraSounds</compClass>
			<soundMiss>kotorsound_blade_swing</soundMiss>
			<soundHitPawn>kotorsound_blade_hitsoft</soundHitPawn>
			<soundHitBuilding>kotorsound_blade_hithard</soundHitBuilding>
		  </li>
		</comps>
		<tools>
			<li>
				<label>handle</label>
				<capacities>
					<li>Blunt</li>
				</capacities>
				<!---->
				<power>12</power>
				<chanceFactor>0.25</chanceFactor>
				<cooldownTime>2.5</cooldownTime>
				<extraMeleeDamages>
				  <li>
					<def>Stun</def>
					<amount>2</amount>
				  </li>
				</extraMeleeDamages>
			</li>
			<li>
				<label>edge</label>
				<capacities>
					<li>Cut</li>
				</capacities>
				<!---->
				<power>30</power>
				<armorPenetration>0.25</armorPenetration>
				<chanceFactor>1</chanceFactor>
				<cooldownTime>4.5</cooldownTime>
			</li>
		</tools>
		<weaponTags Inherit="False">
			<li>Vibroweapon</li>
			<li>KotORMelee_mid</li>
			<li>HC_enforcer</li>
			<li>HC_gamorrean_melee</li>
			<li>SaV_gladiator</li>
			<li>SaV_mercslasher</li>
			<li>SaV_wookieebrawler</li>
		</weaponTags>
		<tradeTags Inherit="False">
			<li>guy762TT_KotORMelee</li>
			<li>guy762TT_KotORGeneric_adv</li>
		</tradeTags>
		<thingSetMakerTags>
		  <li>RewardStandardLowFreq</li>
		  <li>RewardStandardQualitySuper</li>
		</thingSetMakerTags>
	</ThingDef>
	
	
	
	
	
	
	<ThingDef ParentName="KotORMeleeModdable_TwoHand">
		<defName>guy762_vaxe_hutt</defName>
		<label>Kajidic Soldier's Axe</label>
		<description>The underlings of the Hutt clans have wielded these weapons for many millenia, though as the military involvement of the Hutts has decreased since the Xim wars, these are mostly just used to indimidate outlanders who do business with the Kajidics.</description>
		<soundInteract>kotorsound_swordinteract</soundInteract>
		<meleeHitSound>kotorsound_blade_hitsoft</meleeHitSound>
		<graphicData>
			<texPath>vibroaxe_hutt</texPath>
			<graphicClass>ModularWeapons.Graphic_Modular</graphicClass>
			<drawSize>1.5</drawSize>
		</graphicData>
		<equippedAngleOffset>-30</equippedAngleOffset>
		<techLevel>Spacer</techLevel>
		<weaponClasses><li>MeleePiercer</li></weaponClasses>
		<statBases>
			<MarketValue>1283</MarketValue>
			<Mass>7</Mass>
		</statBases>
		<tools>
			<li>
				<label>handle</label>
				<capacities>
					<li>Blunt</li>
				</capacities>
				<!---->
				<power>12</power>
				<chanceFactor>0.25</chanceFactor>
				<cooldownTime>2.5</cooldownTime>
				<extraMeleeDamages>
				  <li>
					<def>Stun</def>
					<amount>2</amount>
				  </li>
				</extraMeleeDamages>
			</li>
			<li>
				<label>edge</label>
				<capacities>
					<li>Cut</li>
				</capacities>
				<!---->
				<power>30</power>
				<armorPenetration>0.25</armorPenetration>
				<chanceFactor>1</chanceFactor>
				<cooldownTime>4.5</cooldownTime>
			</li>
		</tools>
		<weaponTags Inherit="False">
			<li>KotORMelee_mid</li>
			<li>HC_enforcer</li>
			<li>HC_gamorrean_melee</li>
			<li>SaV_gladiator</li>
			<li>SaV_wookieebrawler</li>
		</weaponTags>
		<tradeTags Inherit="False">
			<li>guy762TT_KotORMelee</li>
		</tradeTags>
		<comps>
			<li Class="CompExtraSounds.CompProperties_ExtraSounds">
				<compClass>CompExtraSounds.CompExtraSounds</compClass>
				<soundMiss>kotorsound_blade_swing</soundMiss>
				<soundHitPawn>kotorsound_blade_hitsoft</soundHitPawn>
				<soundHitBuilding>kotorsound_blade_hithard</soundHitBuilding>
			</li>
			<li Class="ModularWeapons.CompProperties_ModularParts">
				<compClass>ModularWeapons.CompModularParts</compClass>
				<bundlePackageId>guy762.KotORWeaponsArmor</bundlePackageId>
				<partKinds>
					<li>guy762_slot_edge</li>
					<li>guy762_slot_cell_vaxe</li>
				</partKinds>
			</li>
		</comps>
	</ThingDef>
	
	<ThingDef ParentName="KotORMeleeModdable_TwoHand">
		<defName>guy762_vaxe_sith</defName>
		<label>Sith Executioner Axe</label>
		<description>Unlike most vibroweapons developed by the Sith, these axes were mostly ceremonial in nature. The Sith under Darth Malak reveled in the messy, public executions of political dissidents, and many Republic officers met their fate under these energy-tipped axes.</description>
		<soundInteract>kotorsound_swordinteract</soundInteract>
		<meleeHitSound>kotorsound_blade_hitsoft</meleeHitSound>
		<graphicData>
			<texPath>vibroaxe_sith</texPath>
			<graphicClass>ModularWeapons.Graphic_Modular</graphicClass>
			<drawSize>1.5</drawSize>
		</graphicData>
		<equippedAngleOffset>-30</equippedAngleOffset>
		<techLevel>Spacer</techLevel>
		<weaponClasses><li>MeleePiercer</li></weaponClasses>
		<statBases>
			<MarketValue>6480</MarketValue>
			<Mass>7</Mass>
		</statBases>
		<equippedStatOffsets>
		  <MeleeHitChance>0.2</MeleeHitChance>
		  <MeleeWeapon_DamageMultiplier>1.2</MeleeWeapon_DamageMultiplier>
		</equippedStatOffsets>
		<tools>
			<li>
				<label>handle</label>
				<capacities>
					<li>Blunt</li>
				</capacities>
				<!---->
				<power>12</power>
				<chanceFactor>0.25</chanceFactor>
				<cooldownTime>2.5</cooldownTime>
				<extraMeleeDamages>
				  <li>
					<def>Stun</def>
					<amount>2</amount>
				  </li>
				</extraMeleeDamages>
			</li>
			<li>
				<label>edge</label>
				<capacities>
					<li>Cut</li>
				</capacities>
				<!---->
				<power>30</power>
				<armorPenetration>0.25</armorPenetration>
				<chanceFactor>1</chanceFactor>
				<cooldownTime>4.5</cooldownTime>
				<extraMeleeDamages>
				  <li>
					<def>guy762_MeleeDamage_energy</def>
					<amount>5</amount>
				  </li>
				</extraMeleeDamages>
			</li>
		</tools>
		<weaponTags Inherit="False">
			<li>SE_elitemelee</li>
		</weaponTags>
		<tradeTags Inherit="False">
			<li>guy762TT_KotORElite</li>
			<li>guy762TT_SEWeapons</li>
		</tradeTags>
		<thingSetMakerTags>
		  <li>RewardStandardLowFreq</li>
		</thingSetMakerTags>
		<comps>
			<li Class="CompExtraSounds.CompProperties_ExtraSounds">
				<compClass>CompExtraSounds.CompExtraSounds</compClass>
				<soundMiss>kotorsound_blade_swing</soundMiss>
				<soundHitPawn>kotorsound_blade_hitsoft</soundHitPawn>
				<soundHitBuilding>kotorsound_blade_hithard</soundHitBuilding>
			</li>
			<li Class="ModularWeapons.CompProperties_ModularParts">
				<compClass>ModularWeapons.CompModularParts</compClass>
				<bundlePackageId>guy762.KotORWeaponsArmor</bundlePackageId>
				<partKinds>
					<li>guy762_slot_edge</li>
					<li>guy762_slot_cell_vaxe</li>
				</partKinds>
			</li>
		</comps>
	</ThingDef>

</Defs>