<?xml version="1.0" encoding="utf-8" ?>
<Defs>

	<ThingDef ParentName="KotORMeleeMakeable_TwoHand">
		<defName>guy762_vglaive</defName>
		<label>Vibroglaive</label>
		<description>Powered by ultrasonic generators, this polearm weapon is devastating in the hands of a skilled warrior. Vibroglaives are capable of rapid, thrusting attacks that leave enough space between wielder and foe to dodge any counterattack.</description>
		<soundInteract>kotorsound_swordinteract</soundInteract>
		<meleeHitSound>kotorsound_blade_hitsoft</meleeHitSound>
		<graphicData>
			<texPath>Weapons/Melee_Sovereign/vibroglaive</texPath>
			<graphicClass>Graphic_Single</graphicClass>
			<shaderType>Cutout</shaderType>
			<drawSize>1.5</drawSize>
		</graphicData>
		<equippedAngleOffset>-30</equippedAngleOffset>
		<techLevel>Spacer</techLevel>
		<weaponClasses><li>MeleePiercer</li></weaponClasses>
		<statBases>
			<MarketValue>800</MarketValue>
			<WorkToMake>9000</WorkToMake>
			<Mass>7</Mass>
		</statBases>
		<equippedStatOffsets>
		  <MeleeDodgeChance>0.2</MeleeDodgeChance>
		</equippedStatOffsets>
		
		<recipeMaker>
			<researchPrerequisite>guy762_ResearchKotOR_vibroweapons</researchPrerequisite>
			<skillRequirements>
				<Crafting>7</Crafting>
			</skillRequirements>
		</recipeMaker>
		<costList>
			<Steel>60</Steel>
			<ComponentSpacer>4</ComponentSpacer>
		</costList>
		
		<comps>
		  <li Class="CompExtraSounds.CompProperties_ExtraSounds">
			<compClass>CompExtraSounds.CompExtraSounds</compClass>
			<soundMiss>kotorsound_blade_swing</soundMiss>
			<soundHitPawn>kotorsound_blade_hitsoft</soundHitPawn>
			<soundHitBuilding>kotorsound_blade_hithard</soundHitBuilding>
		  </li>
		</comps>
		<tools>
			<li>
				<label>handle</label>
				<capacities>
					<li>Blunt</li>
				</capacities>
				<!---->
				<power>8</power>
				<chanceFactor>0.1</chanceFactor>
				<cooldownTime>4</cooldownTime>
			</li>
			<li>
				<label>point</label>
				<capacities>
					<li>Stab</li>
				</capacities>
				<!---->
				<power>24</power>
				<armorPenetration>0.25</armorPenetration>
				<chanceFactor>1.5</chanceFactor>
				<cooldownTime>1</cooldownTime>
			</li>
			<li>
				<label>edge</label>
				<capacities>
					<li>Cut</li>
				</capacities>
				<!---->
				<power>20</power>
				<armorPenetration>0.25</armorPenetration>
				<chanceFactor>1</chanceFactor>
				<cooldownTime>3</cooldownTime>
			</li>
		</tools>
		<weaponTags Inherit="False">
			<li>Vibroweapon</li>
			<li>KotORMelee_strong</li>
			<li>HC_enforcer</li>
			<li>HC_gamorrean_melee</li>
			<li>SaV_wookieebrawler</li>
		</weaponTags>
		<tradeTags Inherit="False">
			<li>guy762TT_KotORMelee</li>
			<li>guy762TT_KotORGeneric_rare</li>
		</tradeTags>
		<thingSetMakerTags>
		  <li>RewardStandardLowFreq</li>
		  <li>RewardStandardQualitySuper</li>
		</thingSetMakerTags>
	</ThingDef>
	
	
	
	
	
	
	<ThingDef ParentName="KotORMeleeModdable_TwoHand">
		<defName>guy762_vglaive_krath</defName>
		<label>Krath War Lance</label>
		<description>Twisted by the dark side, the Krath favored weapons of fearsome appearance requiring brute strength to wield, and the blade of this weapon is certainly effective, if not elegant.</description>
		<soundInteract>kotorsound_swordinteract</soundInteract>
		<meleeHitSound>kotorsound_blade_hitsoft</meleeHitSound>
		<graphicData>
			<texPath>vibroglaive_krath</texPath>
			<graphicClass>ModularWeapons.Graphic_Modular</graphicClass>
			<drawSize>1.5</drawSize>
		</graphicData>
		<equippedAngleOffset>-30</equippedAngleOffset>
		<techLevel>Spacer</techLevel>
		<weaponClasses><li>MeleePiercer</li></weaponClasses>
		<statBases>
			<MarketValue>3980</MarketValue>
			<Mass>7</Mass>
		</statBases>
		<equippedStatOffsets>
		  <MeleeDodgeChance>0.2</MeleeDodgeChance>
		  <MeleeHitChance>0.2</MeleeHitChance>
		  <MeleeWeapon_DamageMultiplier>1.2</MeleeWeapon_DamageMultiplier>
		</equippedStatOffsets>
		<tools>
			<li>
				<label>handle</label>
				<capacities>
					<li>Blunt</li>
				</capacities>
				<!---->
				<power>8</power>
				<chanceFactor>0.1</chanceFactor>
				<cooldownTime>4</cooldownTime>
			</li>
			<li>
				<label>point</label>
				<capacities>
					<li>Stab</li>
				</capacities>
				<!---->
				<power>24</power>
				<armorPenetration>0.25</armorPenetration>
				<chanceFactor>1.5</chanceFactor>
				<cooldownTime>1</cooldownTime>
				<extraMeleeDamages>
				  <li>
					<def>Frostbite</def>
					<amount>2</amount>
				  </li>
				</extraMeleeDamages>
			</li>
			<li>
				<label>edge</label>
				<capacities>
					<li>Cut</li>
				</capacities>
				<!---->
				<power>20</power>
				<armorPenetration>0.25</armorPenetration>
				<chanceFactor>1</chanceFactor>
				<cooldownTime>3</cooldownTime>
				<extraMeleeDamages>
				  <li>
					<def>Frostbite</def>
					<amount>2</amount>
				  </li>
				</extraMeleeDamages>
			</li>
		</tools>
		<weaponTags Inherit="False">
			<li>KotORMelee_strong</li>
			<li>MNC_marauder</li>
			<li>SE_raiderveteran</li>
		</weaponTags>
		<tradeTags Inherit="False">
			<li>guy762TT_KotORElite</li>
			<li>guy762TT_SEWeapons</li>
			<li>guy762TT_KotORAntique</li>
		</tradeTags>
		<comps>
			<li Class="CompExtraSounds.CompProperties_ExtraSounds">
				<compClass>CompExtraSounds.CompExtraSounds</compClass>
				<soundMiss>kotorsound_blade_swing</soundMiss>
				<soundHitPawn>kotorsound_blade_hitsoft</soundHitPawn>
				<soundHitBuilding>kotorsound_blade_hithard</soundHitBuilding>
			</li>
			<li Class="ModularWeapons.CompProperties_ModularParts">
				<compClass>ModularWeapons.CompModularParts</compClass>
				<bundlePackageId>guy762.KotORWeaponsArmor</bundlePackageId>
				<partKinds>
					<li>guy762_slot_edge</li>
					<li>guy762_slot_cell_vglaive</li>
				</partKinds>
			</li>
		</comps>
	</ThingDef>
	
	<ThingDef ParentName="KotORMeleeModdable_TwoHand">
		<defName>guy762_vglaive_echani</defName>
		<label>Echani Vibroglaive</label>
		<description>Possessing a rare cortosis weave, this vibroglaive is one of the deadliest Echani weapons ever created.</description>
		<soundInteract>kotorsound_swordinteract</soundInteract>
		<meleeHitSound>kotorsound_blade_hitsoft</meleeHitSound>
		<graphicData>
			<texPath>vibroglaive_echani</texPath>
			<graphicClass>ModularWeapons.Graphic_Modular</graphicClass>
			<drawSize>1.5</drawSize>
		</graphicData>
		<equippedAngleOffset>-30</equippedAngleOffset>
		<techLevel>Spacer</techLevel>
		<weaponClasses><li>MeleePiercer</li></weaponClasses>
		<statBases>
			<MarketValue>8000</MarketValue>
			<Mass>7</Mass>
		</statBases>
		<equippedStatOffsets>
		  <MeleeDodgeChance>0.2</MeleeDodgeChance>
		  <MeleeHitChance>0.3</MeleeHitChance>
		  <MeleeWeapon_DamageMultiplier>1.3</MeleeWeapon_DamageMultiplier>
		</equippedStatOffsets>
		<tools>
			<li>
				<label>handle</label>
				<capacities>
					<li>Blunt</li>
				</capacities>
				<!---->
				<power>8</power>
				<chanceFactor>0.1</chanceFactor>
				<cooldownTime>4</cooldownTime>
			</li>
			<li>
				<label>point</label>
				<capacities>
					<li>Stab</li>
				</capacities>
				<!---->
				<power>24</power>
				<armorPenetration>0.25</armorPenetration>
				<chanceFactor>1.5</chanceFactor>
				<cooldownTime>1</cooldownTime>
			</li>
			<li>
				<label>edge</label>
				<capacities>
					<li>Cut</li>
				</capacities>
				<!---->
				<power>20</power>
				<armorPenetration>0.25</armorPenetration>
				<chanceFactor>1</chanceFactor>
				<cooldownTime>3</cooldownTime>
			</li>
		</tools>
		<weaponTags Inherit="False">
			<li>KotORMelee_strong</li>
			<li>SaV_echaniheavy</li>
			<li>MNC_champion</li>
		</weaponTags>
		<tradeTags Inherit="False">
			<li>guy762TT_KotORElite</li>
		</tradeTags>
		<thingSetMakerTags>
		  <li>RewardStandardLowFreq</li>
		</thingSetMakerTags>
		<comps>
			<li Class="CompExtraSounds.CompProperties_ExtraSounds">
				<compClass>CompExtraSounds.CompExtraSounds</compClass>
				<soundMiss>kotorsound_blade_swing</soundMiss>
				<soundHitPawn>kotorsound_blade_hitsoft</soundHitPawn>
				<soundHitBuilding>kotorsound_blade_hithard</soundHitBuilding>
			</li>
			<li Class="ModularWeapons.CompProperties_ModularParts">
				<compClass>ModularWeapons.CompModularParts</compClass>
				<bundlePackageId>guy762.KotORWeaponsArmor</bundlePackageId>
				<partKinds>
					<li>guy762_slot_edge</li>
					<li>guy762_slot_cell_vglaive</li>
				</partKinds>
			</li>
		</comps>
	</ThingDef>

</Defs>