<?xml version="1.0" encoding="utf-8" ?>
<Defs>

	<ThingDef ParentName="KotORRangedMakeable_OffHand">
		<defName>guy762_holdout</defName>
		<label>hold out blaster</label>
		<description>Sometimes called a "sleeper," the hold out blaster is the preferred method of temporarily incapacitating an enemy.</description>
		<techLevel>Spacer</techLevel>
		<graphicData>
			<texPath>kotorholdout</texPath>
			<graphicClass>Graphic_Single</graphicClass>
			<drawSize>0.8</drawSize>
		</graphicData>
		<soundInteract>kotorsound_select_pistol</soundInteract>
		<statBases>
			<MarketValue>60</MarketValue>
			<WorkToMake>17500</WorkToMake>
			<Mass>1.0</Mass>
			<AccuracyTouch>0.60</AccuracyTouch>
			<AccuracyShort>0.50</AccuracyShort>
			<AccuracyMedium>0.30</AccuracyMedium>
			<AccuracyLong>0.20</AccuracyLong>
			<RangedWeapon_Cooldown>1.5</RangedWeapon_Cooldown>
			<RangedWeapon_DamageMultiplier>0.8</RangedWeapon_DamageMultiplier>
		</statBases>
		<recipeMaker>
			<researchPrerequisite>guy762_ResearchKotOR_blasters</researchPrerequisite>
			<skillRequirements>
				<Crafting>4</Crafting>
			</skillRequirements>
		</recipeMaker>
		<costList>
			<Plasteel>15</Plasteel>
			<Steel>5</Steel>
			<Chemfuel>10</Chemfuel>
			<ComponentSpacer>1</ComponentSpacer>
		</costList>
		<weaponTags>
			<li>KotORRanged_weak</li>
			<li>KotORRanged_offhand</li>
			<li>SpacerGun</li>
			<li>PM_spacer</li>
			<li>SaV_thug</li>
			<li>EXC_agent</li>
			<li>KotORWeapon_civilian</li>
		</weaponTags>
		<tradeTags Inherit="False">
			<li>guy762TT_KotORGeneric_basic</li>
			<li>guy762TT_KotORRanged</li>
		</tradeTags>
		<verbs>
			<li>
				<verbClass>Verb_Shoot</verbClass>
				<hasStandardCommand>true</hasStandardCommand>
				<defaultProjectile>KotORStunBolt_default</defaultProjectile>
				<warmupTime>1</warmupTime>
				<range>17</range>
				<ticksBetweenBurstShots>15</ticksBetweenBurstShots>
				<burstShotCount>1</burstShotCount>
				<soundCast>kotorsound_pistol</soundCast>
				<soundCastTail>GunTail_Medium</soundCastTail>
				<muzzleFlashScale>9</muzzleFlashScale>
			</li>
		</verbs>
		<tools>
			<li>
				<label>stock</label>
				<capacities>
					<li>Blunt</li>
				</capacities>
				<power>4</power>
				<cooldownTime>2</cooldownTime>
			</li>
			<li>
				<label>barrel</label>
				<capacities>
					<li>Blunt</li>
					<li>Poke</li>
				</capacities>
				<power>4</power>
				<cooldownTime>2</cooldownTime>
			</li>
		</tools>
		<thingSetMakerTags>
		  <li>RewardStandardLowFreq</li>
		  <li>RewardStandardQualitySuper</li>
		</thingSetMakerTags>
	</ThingDef>
	
	
	
		<!--damage tier +1-->
		
		
	<ThingDef ParentName="KotORRangedModdable_OffHand">
		<defName>guy762_holdout_quickdraw</defName>
		<label>Bothan Quick Draw</label>
		<description>An unconscious opponent is a quiet opponent. This weapon is a Bothan favorite, designed to "create opportunities."</description>
		<techLevel>Spacer</techLevel>
		<graphicData>
			<texPath>kotorholdout_quickdraw</texPath>
			<graphicClass>ModularWeapons.Graphic_Modular</graphicClass>
			<drawSize>0.8</drawSize>
		</graphicData>
		<soundInteract>kotorsound_select_pistol</soundInteract>
		<statBases>
			<MarketValue>500</MarketValue>
			<Mass>1.0</Mass>
			<AccuracyTouch>0.65</AccuracyTouch>
			<AccuracyShort>0.55</AccuracyShort>
			<AccuracyMedium>0.35</AccuracyMedium>
			<AccuracyLong>0.25</AccuracyLong>
			<RangedWeapon_Cooldown>1.5</RangedWeapon_Cooldown>
			<RangedWeapon_DamageMultiplier>0.9</RangedWeapon_DamageMultiplier>
		</statBases>
		<weaponTags>
			<li>KotORRanged_weak</li>
			<li>KotORRanged_offhand</li>
			<li>SaV_assassin</li>
			<li>SaV_bountyhunter</li>
			<li>SaV_roguetrader</li>
			<li>SaV_bothanspy</li>
		</weaponTags>
		<tradeTags Inherit="False">
			<li>guy762TT_KotORRanged</li>
		</tradeTags>
		<verbs>
			<li>
				<verbClass>Verb_Shoot</verbClass>
				<hasStandardCommand>true</hasStandardCommand>
				<defaultProjectile>KotORStunBolt_default</defaultProjectile>
				<warmupTime>1</warmupTime>
				<range>17</range>
				<ticksBetweenBurstShots>15</ticksBetweenBurstShots>
				<burstShotCount>1</burstShotCount>
				<soundCast>kotorsound_pistol</soundCast>
				<soundCastTail>GunTail_Medium</soundCastTail>
				<muzzleFlashScale>9</muzzleFlashScale>
			</li>
		</verbs>
		<tools>
			<li>
				<label>stock</label>
				<capacities>
					<li>Blunt</li>
				</capacities>
				<power>4</power>
				<cooldownTime>2</cooldownTime>
			</li>
			<li>
				<label>barrel</label>
				<capacities>
					<li>Blunt</li>
					<li>Poke</li>
				</capacities>
				<power>4</power>
				<cooldownTime>2</cooldownTime>
			</li>
		</tools>
		<comps>
			<li Class="ModularWeapons.CompProperties_ModularParts">
				<compClass>ModularWeapons.CompModularParts</compClass>
				<bundlePackageId>guy762.KotORWeaponsArmor</bundlePackageId>
				<partKinds>
					<li>guy762_slot_chamber</li>
					<li>guy762_slot_trigger_stun</li>
				</partKinds>
			</li>
		</comps>
	</ThingDef>

	
		<!--damage tier +2-->
		
	
	<ThingDef ParentName="KotORRangedModdable_OffHand">
		<defName>guy762_holdout_sith</defName>
		<label>Sith Assassin Pistol</label>
		<description>These weapons are designed to incapacitate so death may be quick or lingered upon as desired. Droids are simply dispatched, as cruelty is best rationed among the living.</description>
		<techLevel>Spacer</techLevel>
		<graphicData>
			<texPath>kotorholdout_sith</texPath>
			<graphicClass>ModularWeapons.Graphic_Modular</graphicClass>
			<drawSize>0.8</drawSize>
		</graphicData>
		<soundInteract>kotorsound_select_pistol</soundInteract>
		<statBases>
			<MarketValue>1000</MarketValue>
			<Mass>1.0</Mass>
			<AccuracyTouch>0.70</AccuracyTouch>
			<AccuracyShort>0.60</AccuracyShort>
			<AccuracyMedium>0.40</AccuracyMedium>
			<AccuracyLong>0.30</AccuracyLong>
			<RangedWeapon_Cooldown>1.5</RangedWeapon_Cooldown>
			<RangedWeapon_DamageMultiplier>1</RangedWeapon_DamageMultiplier>
		</statBases>
		<weaponTags Inherit="False">
			<li>SE_assassin</li>
			<li>SE_officer</li>
			<li>KotORWeapon_SithAsnPistol</li>
			<li>SaV_roguetrader</li>
		</weaponTags>
		<tradeTags Inherit="False">
			<li>guy762TT_KotORRanged</li>
			<li>guy762TT_SEWeapons</li>
		</tradeTags>
		<verbs>
			<li>
				<verbClass>Verb_Shoot</verbClass>
				<hasStandardCommand>true</hasStandardCommand>
				<defaultProjectile>KotORStunBolt_default</defaultProjectile>
				<warmupTime>1</warmupTime>
				<range>17</range>
				<ticksBetweenBurstShots>15</ticksBetweenBurstShots>
				<burstShotCount>1</burstShotCount>
				<soundCast>kotorsound_pistol</soundCast>
				<soundCastTail>GunTail_Medium</soundCastTail>
				<muzzleFlashScale>9</muzzleFlashScale>
			</li>
		</verbs>
		<tools>
			<li>
				<label>stock</label>
				<capacities>
					<li>Blunt</li>
				</capacities>
				<power>4</power>
				<cooldownTime>2</cooldownTime>
			</li>
			<li>
				<label>barrel</label>
				<capacities>
					<li>Blunt</li>
					<li>Poke</li>
				</capacities>
				<power>4</power>
				<cooldownTime>2</cooldownTime>
			</li>
		</tools>
		<comps>
			<li Class="ModularWeapons.CompProperties_ModularParts">
				<compClass>ModularWeapons.CompModularParts</compClass>
				<bundlePackageId>guy762.KotORWeaponsArmor</bundlePackageId>
				<partKinds>
					<li>guy762_slot_chamber</li>
					<li>guy762_slot_beam_stun</li>
				</partKinds>
			</li>
		</comps>
	</ThingDef>
	
	<ThingDef ParentName="KotORRangedModdable_OffHand">
		<defName>guy762_holdout_needler</defName>
		<label>Bothan Needler</label>
		<description>For serious espionage, this is the weapon of choice. Simple ownership can get you arrested in some systems, or invited to dine with royalty, depending on what it helped you learn.</description>
		<techLevel>Spacer</techLevel>
		<graphicData>
			<texPath>kotorholdout_needler</texPath>
			<graphicClass>ModularWeapons.Graphic_Modular</graphicClass>
			<drawSize>0.8</drawSize>
		</graphicData>
		<soundInteract>kotorsound_select_pistol</soundInteract>
		<statBases>
			<MarketValue>1750</MarketValue>
			<Mass>1.0</Mass>
			<AccuracyTouch>0.70</AccuracyTouch>
			<AccuracyShort>0.60</AccuracyShort>
			<AccuracyMedium>0.40</AccuracyMedium>
			<AccuracyLong>0.30</AccuracyLong>
			<RangedWeapon_Cooldown>1.5</RangedWeapon_Cooldown>
			<RangedWeapon_DamageMultiplier>1</RangedWeapon_DamageMultiplier>
		</statBases>
		<weaponTags>
			<li>KotORRanged_offhand</li>
			<li>SaV_assassin</li>
			<li>SaV_roguetrader</li>
			<li>SaV_bothanspy</li>
		</weaponTags>
		<tradeTags Inherit="False">
			<li>guy762TT_KotORRanged</li>
		</tradeTags>
		<verbs>
			<li>
				<verbClass>Verb_Shoot</verbClass>
				<hasStandardCommand>true</hasStandardCommand>
				<defaultProjectile>KotORStunBolt_default</defaultProjectile>
				<warmupTime>1</warmupTime>
				<range>17</range>
				<ticksBetweenBurstShots>15</ticksBetweenBurstShots>
				<burstShotCount>1</burstShotCount>
				<soundCast>kotorsound_pistol</soundCast>
				<soundCastTail>GunTail_Medium</soundCastTail>
				<muzzleFlashScale>9</muzzleFlashScale>
			</li>
		</verbs>
		<tools>
			<li>
				<label>stock</label>
				<capacities>
					<li>Blunt</li>
				</capacities>
				<power>4</power>
				<cooldownTime>2</cooldownTime>
			</li>
			<li>
				<label>barrel</label>
				<capacities>
					<li>Blunt</li>
					<li>Poke</li>
				</capacities>
				<power>4</power>
				<cooldownTime>2</cooldownTime>
			</li>
		</tools>
		<comps>
			<li Class="ModularWeapons.CompProperties_ModularParts">
				<compClass>ModularWeapons.CompModularParts</compClass>
				<bundlePackageId>guy762.KotORWeaponsArmor</bundlePackageId>
				<partKinds>
					<li>guy762_slot_power_stun</li>
					<li>guy762_slot_chamber</li>
					<li>guy762_slot_beam_stun</li>
				</partKinds>
			</li>
		</comps>
		<thingSetMakerTags>
		  <li>RewardStandardLowFreq</li>
		</thingSetMakerTags>
	</ThingDef>
	
	
	
		<!--damage tier +5-->
	
	
	<ThingDef ParentName="KotORRangedModdable_OffHand">
		<defName>guy762_holdout_sithofficer</defName>
		<label>Sith Officer Pistol</label>
		<description>These weapons are designed to incapacitate so death may be quick or lingered upon as desired. Droids are simply dispatched, as cruelty is best rationed among the living. This is a special upgraded model, offered only to the highest-ranking Sith.</description>
		<techLevel>Spacer</techLevel>
		<graphicData>
			<texPath>kotorholdout_karath</texPath>
			<graphicClass>ModularWeapons.Graphic_Modular</graphicClass>
			<drawSize>0.8</drawSize>
		</graphicData>
		<soundInteract>kotorsound_select_pistol</soundInteract>
		<statBases>
			<MarketValue>23600</MarketValue>
			<Mass>1.5</Mass>
			<AccuracyTouch>0.85</AccuracyTouch>
			<AccuracyShort>0.75</AccuracyShort>
			<AccuracyMedium>0.55</AccuracyMedium>
			<AccuracyLong>0.45</AccuracyLong>
			<RangedWeapon_Cooldown>1.5</RangedWeapon_Cooldown>
			<RangedWeapon_DamageMultiplier>1.3</RangedWeapon_DamageMultiplier>
		</statBases>
		<weaponTags Inherit="False">
			<li>SE_officer</li>
			<li>SE_admiral</li>
		</weaponTags>
		<tradeTags Inherit="False">
			<li>guy762TT_KotORLegendary</li>
		</tradeTags>
		<verbs>
			<li>
				<verbClass>Verb_Shoot</verbClass>
				<hasStandardCommand>true</hasStandardCommand>
				<defaultProjectile>KotORStunBolt_default</defaultProjectile>
				<warmupTime>1</warmupTime>
				<range>23</range>
				<ticksBetweenBurstShots>15</ticksBetweenBurstShots>
				<burstShotCount>3</burstShotCount>
				<soundCast>kotorsound_pistol</soundCast>
				<soundCastTail>GunTail_Medium</soundCastTail>
				<muzzleFlashScale>9</muzzleFlashScale>
			</li>
		</verbs>
		<tools>
			<li>
				<label>stock</label>
				<capacities>
					<li>Blunt</li>
				</capacities>
				<power>4</power>
				<cooldownTime>2</cooldownTime>
			</li>
			<li>
				<label>barrel</label>
				<capacities>
					<li>Blunt</li>
					<li>Poke</li>
				</capacities>
				<power>6</power>
				<cooldownTime>2</cooldownTime>
			</li>
		</tools>
		<comps>
			<li Class="ModularWeapons.CompProperties_ModularParts">
				<compClass>ModularWeapons.CompModularParts</compClass>
				<bundlePackageId>guy762.KotORWeaponsArmor</bundlePackageId>
				<partKinds>
					<li>guy762_slot_scope</li>
					<li>guy762_slot_power_stun</li>
					<li>guy762_slot_chamber</li>
					<li>guy762_slot_beam_stun</li>
				</partKinds>
			</li>
		</comps>
	</ThingDef>


















		<!--special-->
	
	<ThingDef ParentName="KotORRangedModMakeable_OffHand">
		<defName>guy762_holdout_jawa</defName>
		<label>Jawa Ion Striker</label>
		<description>Small but dangerous, these ion pistols are a true testament to the ingenuity of Jawas. Excessively modular, each one is hand crafted by a professional Jawa weaponsmith, resulting in a truly unique blaster.</description>
		<techLevel>Spacer</techLevel>
		<graphicData>
			<texPath>kotorholdout_jawa</texPath>
			<graphicClass>ModularWeapons.Graphic_Modular</graphicClass>
			<drawSize>0.8</drawSize>
		</graphicData>
		<soundInteract>kotorsound_select_pistol</soundInteract>
		<statBases>
			<MarketValue>1977</MarketValue>
			<WorkToMake>17500</WorkToMake>
			<Mass>2</Mass>
			<AccuracyTouch>0.60</AccuracyTouch>
			<AccuracyShort>0.50</AccuracyShort>
			<AccuracyMedium>0.30</AccuracyMedium>
			<AccuracyLong>0.20</AccuracyLong>
			<RangedWeapon_Cooldown>1.5</RangedWeapon_Cooldown>
			<RangedWeapon_DamageMultiplier>0.8</RangedWeapon_DamageMultiplier>
		</statBases>
		<recipeMaker>
			<researchPrerequisite>guy762_ResearchKotOR_ion</researchPrerequisite>
			<skillRequirements>
				<Crafting>8</Crafting>
			</skillRequirements>
		</recipeMaker>
		<costList>
			<Plasteel>15</Plasteel>
			<Steel>5</Steel>
			<Chemfuel>10</Chemfuel>
			<ComponentSpacer>1</ComponentSpacer>
		</costList>
		<weaponTags>
			<li>SaV_jawa</li>
		</weaponTags>
		<tradeTags Inherit="False">
			<li>guy762TT_KotORElite</li>
			<li>guy762TT_Jawa</li>
		</tradeTags>
		<verbs>
			<li>
				<verbClass>Verb_Shoot</verbClass>
				<hasStandardCommand>true</hasStandardCommand>
				<defaultProjectile>KotORIonBolt_default</defaultProjectile>
				<warmupTime>1</warmupTime>
				<range>17</range>
				<ticksBetweenBurstShots>15</ticksBetweenBurstShots>
				<burstShotCount>3</burstShotCount>
				<soundCast>kotorsound_pistol</soundCast>
				<soundCastTail>GunTail_Medium</soundCastTail>
				<muzzleFlashScale>9</muzzleFlashScale>
			</li>
			<li>
				<label>ion blast</label>
				<commandIcon>UI/Ion_Power_Blast</commandIcon>
				<verbClass>Verb_Shoot</verbClass>
				<hasStandardCommand>true</hasStandardCommand>
				<defaultProjectile>KotORIonBolt_heavy</defaultProjectile>
				<warmupTime>3</warmupTime>
				<defaultCooldownTime>3</defaultCooldownTime>
				<range>25</range>
				<ticksBetweenBurstShots>18</ticksBetweenBurstShots>
				<burstShotCount>1</burstShotCount>
				<soundAiming>kotorsound_powercharge</soundAiming>
				<soundCast>kotorsound_ionjawa</soundCast>
				<soundCastTail>GunTail_Medium</soundCastTail>
				<muzzleFlashScale>9</muzzleFlashScale>
				<ai_IsWeapon>true</ai_IsWeapon>
			</li>
		</verbs>
		<tools>
			<li>
				<label>stock</label>
				<capacities>
					<li>Blunt</li>
				</capacities>
				<power>4</power>
				<cooldownTime>2</cooldownTime>
			</li>
			<li>
				<label>barrel</label>
				<capacities>
					<li>Blunt</li>
					<li>Poke</li>
				</capacities>
				<power>4</power>
				<cooldownTime>2</cooldownTime>
			</li>
		</tools>
		<thingSetMakerTags>
		  <li>RewardStandardLowFreq</li>
		  <li>RewardStandardQualitySuper</li>
		</thingSetMakerTags>
		<comps>
			<li Class="ModularWeapons.CompProperties_ModularParts">
				<compClass>ModularWeapons.CompModularParts</compClass>
				<bundlePackageId>guy762.KotORWeaponsArmor</bundlePackageId>
				<partKinds>
					<li>guy762_slot_power_NoVerb</li>
					<li>guy762_slot_chamber</li>
					<li>guy762_slot_beam_NoVerb</li>
					<li>guy762_slot_trigger_NoVerb</li>
				</partKinds>
			</li>
		</comps>
	</ThingDef>
	
	

</Defs>