<?xml version="1.0" encoding="utf-8" ?>
<Defs>

	<ThingDef ParentName="KotORRangedMakeable_OffHand">
		<defName>guy762_sonpistol</defName>
		<label>sonic pistol</label>
		<description>Sometimes referred to as "squealers", these weapons deliver a high-frequency jolt to the senses that can damage and potentially disorient an opponent.</description>
		<techLevel>Spacer</techLevel>
		<graphicData>
			<texPath>kotorsonpistol</texPath>
			<graphicClass>Graphic_Single</graphicClass>
			<drawSize>0.8</drawSize>
		</graphicData>
		<soundInteract>kotorsound_select_pistol</soundInteract>
		<statBases>
			<MarketValue>220</MarketValue>
			<WorkToMake>20000</WorkToMake>
			<Mass>2.0</Mass>
			<AccuracyTouch>0.80</AccuracyTouch>
			<AccuracyShort>0.70</AccuracyShort>
			<AccuracyMedium>0.50</AccuracyMedium>
			<AccuracyLong>0.40</AccuracyLong>
			<RangedWeapon_Cooldown>1.5</RangedWeapon_Cooldown>
			<RangedWeapon_DamageMultiplier>0.8</RangedWeapon_DamageMultiplier>
		</statBases>
		<recipeMaker>
			<researchPrerequisite>guy762_ResearchKotOR_sonic</researchPrerequisite>
			<skillRequirements>
				<Crafting>5</Crafting>
			</skillRequirements>
		</recipeMaker>
		<costList>
			<Plasteel>15</Plasteel>
			<Steel>10</Steel>
			<ComponentSpacer>3</ComponentSpacer>
		</costList>
		<weaponTags>
			<li>KotORRanged_sonic</li>
			<li>KotORRanged_weak</li>
			<li>KotORRanged_offhand</li>
			<li>SpacerGun</li>
			<li>HC_soldier</li>
		</weaponTags>
		<tradeTags Inherit="False">
			<li>guy762TT_KotORGeneric_adv</li>
			<li>guy762TT_KotORRanged</li>
		</tradeTags>
		<verbs>
			<li>
				<verbClass>Verb_Shoot</verbClass>
				<hasStandardCommand>true</hasStandardCommand>
				<defaultProjectile>KotORSonicWave_default</defaultProjectile>
				<warmupTime>1</warmupTime>
				<range>17</range>
				<ticksBetweenBurstShots>18</ticksBetweenBurstShots>
				<burstShotCount>3</burstShotCount>
				<soundCast>kotorsound_bowcaster1</soundCast>
				<soundCastTail>GunTail_Medium</soundCastTail>
				<muzzleFlashScale>9</muzzleFlashScale>
				<ai_IsBuildingDestroyer>true</ai_IsBuildingDestroyer>
			</li>
		</verbs>
		<tools>
			<li>
				<label>stock</label>
				<capacities>
					<li>Blunt</li>
				</capacities>
				<power>6</power>
				<cooldownTime>2</cooldownTime>
			</li>
			<li>
				<label>barrel</label>
				<capacities>
					<li>Blunt</li>
					<li>Poke</li>
				</capacities>
				<power>6</power>
				<cooldownTime>2</cooldownTime>
			</li>
		</tools>
		<thingSetMakerTags>
		  <li>RewardStandardLowFreq</li>
		  <li>RewardStandardQualitySuper</li>
		</thingSetMakerTags>
	</ThingDef>
	
	
	
	
		<!--damage tier +1-->

	
	<ThingDef ParentName="KotORRangedModdable_OffHand">
		<defName>guy762_sonpistol_bothan</defName>
		<label>Bothan Shrieker</label>
		<description>This is an improvement over the standard sonic pistol design that must seem doubly shrill to the large ears of the Bothans.</description>
		<techLevel>Spacer</techLevel>
		<graphicData>
			<texPath>kotorsonpistol_bothan</texPath>
			<graphicClass>ModularWeapons.Graphic_Modular</graphicClass>
			<drawSize>0.8</drawSize>
		</graphicData>
		<soundInteract>kotorsound_select_pistol</soundInteract>
		<statBases>
			<MarketValue>1250</MarketValue>
			<Mass>2.0</Mass>
			<AccuracyTouch>0.85</AccuracyTouch>
			<AccuracyShort>0.75</AccuracyShort>
			<AccuracyMedium>0.55</AccuracyMedium>
			<AccuracyLong>0.45</AccuracyLong>
			<RangedWeapon_Cooldown>1.5</RangedWeapon_Cooldown>
			<RangedWeapon_DamageMultiplier>0.9</RangedWeapon_DamageMultiplier>
		</statBases>
		<weaponTags>
			<li>KotORRanged_sonic</li>
			<li>KotORRanged_weak</li>
			<li>KotORRanged_offhand</li>
			<li>SaV_bountyhunter</li>
			<li>SaV_roguetrader</li>
			<li>MNC_sapper</li>
			<li>SaV_bothanspy</li>
		</weaponTags>
		<tradeTags Inherit="False">
			<li>guy762TT_KotORRanged</li>
		</tradeTags>
		<verbs>
			<li>
				<verbClass>Verb_Shoot</verbClass>
				<hasStandardCommand>true</hasStandardCommand>
				<defaultProjectile>KotORSonicWave_default</defaultProjectile>
				<warmupTime>1</warmupTime>
				<range>17</range>
				<ticksBetweenBurstShots>18</ticksBetweenBurstShots>
				<burstShotCount>3</burstShotCount>
				<soundCast>kotorsound_bowcaster1</soundCast>
				<soundCastTail>GunTail_Medium</soundCastTail>
				<muzzleFlashScale>9</muzzleFlashScale>
				<ai_IsBuildingDestroyer>true</ai_IsBuildingDestroyer>
			</li>
		</verbs>
		<tools>
			<li>
				<label>stock</label>
				<capacities>
					<li>Blunt</li>
				</capacities>
				<power>6</power>
				<cooldownTime>2</cooldownTime>
			</li>
			<li>
				<label>barrel</label>
				<capacities>
					<li>Blunt</li>
					<li>Poke</li>
				</capacities>
				<power>6</power>
				<cooldownTime>2</cooldownTime>
			</li>
		</tools>
		<thingSetMakerTags>
		  <li>RewardStandardHighFreq</li>
		</thingSetMakerTags>
		<comps>
			<li Class="ModularWeapons.CompProperties_ModularParts">
				<compClass>ModularWeapons.CompModularParts</compClass>
				<bundlePackageId>guy762.KotORWeaponsArmor</bundlePackageId>
				<partKinds>
					<li>guy762_slot_scope</li>
				</partKinds>
			</li>
		</comps>
	</ThingDef>
	
	<ThingDef ParentName="KotORRangedModdable_OffHand">
		<defName>guy762_sonpistol_heavy</defName>
		<label>Heavy Sonic Blaster</label>
		<description>This incredibly debilitating weapon is of unknown origin. Unlike most lesser models, it can be fitted with a chamber upgrade.</description>
		<techLevel>Spacer</techLevel>
		<graphicData>
			<texPath>kotorsonpistol_heavy</texPath>
			<graphicClass>ModularWeapons.Graphic_Modular</graphicClass>
			<drawSize>0.8</drawSize>
		</graphicData>
		<soundInteract>kotorsound_select_pistol</soundInteract>
		<statBases>
			<MarketValue>6100</MarketValue>
			<Mass>2.0</Mass>
			<AccuracyTouch>0.90</AccuracyTouch>
			<AccuracyShort>0.80</AccuracyShort>
			<AccuracyMedium>0.60</AccuracyMedium>
			<AccuracyLong>0.50</AccuracyLong>
			<RangedWeapon_Cooldown>1.5</RangedWeapon_Cooldown>
			<RangedWeapon_DamageMultiplier>0.9</RangedWeapon_DamageMultiplier>
		</statBases>
		<weaponTags>
			<li>KotORRanged_sonic</li>
			<li>KotORRanged_offhand</li>
			<li>MNC_sapper</li>
			<li>HC_elite</li>
			<li>SE_operative</li>
			<li>SaV_roguetrader</li>
		</weaponTags>
		<tradeTags Inherit="False">
			<li>guy762TT_KotORRanged</li>
		</tradeTags>
		<verbs>
			<li>
				<verbClass>Verb_Shoot</verbClass>
				<hasStandardCommand>true</hasStandardCommand>
				<defaultProjectile>KotORSonicWave_default</defaultProjectile>
				<warmupTime>1</warmupTime>
				<range>17</range>
				<ticksBetweenBurstShots>18</ticksBetweenBurstShots>
				<burstShotCount>3</burstShotCount>
				<soundCast>kotorsound_bowcaster1</soundCast>
				<soundCastTail>GunTail_Medium</soundCastTail>
				<muzzleFlashScale>9</muzzleFlashScale>
				<ai_IsBuildingDestroyer>true</ai_IsBuildingDestroyer>
			</li>
		</verbs>
		<tools>
			<li>
				<label>stock</label>
				<capacities>
					<li>Blunt</li>
				</capacities>
				<power>6</power>
				<cooldownTime>2</cooldownTime>
			</li>
			<li>
				<label>barrel</label>
				<capacities>
					<li>Blunt</li>
					<li>Poke</li>
				</capacities>
				<power>6</power>
				<cooldownTime>2</cooldownTime>
			</li>
		</tools>
		<thingSetMakerTags>
		  <li>RewardStandardLowFreq</li>
		</thingSetMakerTags>
		<comps>
			<li Class="ModularWeapons.CompProperties_ModularParts">
				<compClass>ModularWeapons.CompModularParts</compClass>
				<bundlePackageId>guy762.KotORWeaponsArmor</bundlePackageId>
				<partKinds>
					<li>guy762_slot_scope</li>
					<li>guy762_slot_chamber</li>
				</partKinds>
			</li>
		</comps>
	</ThingDef>
	
	
		<!--damage tier +2-->
		
	
	<ThingDef ParentName="KotORRangedWeapon_OffHand">
		<defName>guy762_sonpistol_arkanian</defName>
		<label>Arkanian Sonic Blaster</label>
		<description>This sonic pistol of Arkanian design is as potent as a normal blaster, but with the many benefits of dealing sonic damage.</description>
		<techLevel>Spacer</techLevel>
		<graphicData>
			<texPath>kotorsonpistol_arkanian</texPath>
			<graphicClass>Graphic_Single</graphicClass>
			<drawSize>0.8</drawSize>
		</graphicData>
		<soundInteract>kotorsound_select_pistol</soundInteract>
		<statBases>
			<MarketValue>2900</MarketValue>
			<Mass>2.0</Mass>
			<AccuracyTouch>0.85</AccuracyTouch>
			<AccuracyShort>0.75</AccuracyShort>
			<AccuracyMedium>0.55</AccuracyMedium>
			<AccuracyLong>0.45</AccuracyLong>
			<RangedWeapon_Cooldown>1.5</RangedWeapon_Cooldown>
			<RangedWeapon_DamageMultiplier>1</RangedWeapon_DamageMultiplier>
		</statBases>
		<weaponTags>
			<li>KotORRanged_sonic</li>
			<li>KotORRanged_offhand</li>
			<li>HC_elite</li>
			<li>SaV_bountyhunter</li>
			<li>SaV_roguetrader</li>
			<li>SaV_trando_slaver</li>
		</weaponTags>
		<tradeTags Inherit="False">
			<li>guy762TT_KotORRanged</li>
			<li>guy762TT_KotORAntique</li>
		</tradeTags>
		<verbs>
			<li>
				<verbClass>Verb_Shoot</verbClass>
				<hasStandardCommand>true</hasStandardCommand>
				<defaultProjectile>KotORSonicWave_default</defaultProjectile>
				<warmupTime>1</warmupTime>
				<range>17</range>
				<ticksBetweenBurstShots>18</ticksBetweenBurstShots>
				<burstShotCount>3</burstShotCount>
				<soundCast>kotorsound_bowcaster1</soundCast>
				<soundCastTail>GunTail_Medium</soundCastTail>
				<muzzleFlashScale>9</muzzleFlashScale>
				<ai_IsBuildingDestroyer>true</ai_IsBuildingDestroyer>
			</li>
		</verbs>
		<tools>
			<li>
				<label>stock</label>
				<capacities>
					<li>Blunt</li>
				</capacities>
				<power>6</power>
				<cooldownTime>2</cooldownTime>
			</li>
			<li>
				<label>barrel</label>
				<capacities>
					<li>Blunt</li>
					<li>Poke</li>
				</capacities>
				<power>6</power>
				<cooldownTime>2</cooldownTime>
			</li>
		</tools>
		<thingSetMakerTags>
		  <li>RewardStandardHighFreq</li>
		</thingSetMakerTags>
	</ThingDef>
	
	
	
		<!--special-->
	
	
	<ThingDef ParentName="KotORRangedModdable_OffHand">
		<defName>guy762_sonpistol_dashade</defName>
		<label>Dashade Sonic Disruptor</label>
		<description>The Dashade are a secretive and vicious species made infamous by their renowned assassins. Their weapons of choice are best known for the extreme pain they inflict. This improved model combines the best features of sonic and disruptor pistols.</description>
		<techLevel>Spacer</techLevel>
		<graphicData>
			<texPath>kotorsonpistol_dashade</texPath>
			<graphicClass>ModularWeapons.Graphic_Modular</graphicClass>
			<drawSize>0.8</drawSize>
		</graphicData>
		<soundInteract>kotorsound_select_pistol</soundInteract>
		<statBases>
			<MarketValue>16400</MarketValue>
			<Mass>2.0</Mass>
			<AccuracyTouch>0.85</AccuracyTouch>
			<AccuracyShort>0.75</AccuracyShort>
			<AccuracyMedium>0.55</AccuracyMedium>
			<AccuracyLong>0.45</AccuracyLong>
			<RangedWeapon_Cooldown>1.5</RangedWeapon_Cooldown>
			<RangedWeapon_DamageMultiplier>0.9</RangedWeapon_DamageMultiplier>
		</statBases>
		<weaponTags Inherit="False">
			<li>KotORRanged_rare</li>
			<li>KotORRanged_rareoffhand</li>
			<li>SaV_bountyhunter_mid</li>
			<li>MNC_sapper</li>
			<li>SaV_gangboss</li>
		</weaponTags>
		<tradeTags Inherit="False">
			<li>guy762TT_KotORElite</li>
			<li>guy762TT_KotORLegendary</li>
		</tradeTags>
		<verbs>
			<li>
				<verbClass>Verb_Shoot</verbClass>
				<hasStandardCommand>true</hasStandardCommand>
				<defaultProjectile>KotORSonicWave_disruptor</defaultProjectile>
				<warmupTime>1</warmupTime>
				<range>17</range>
				<ticksBetweenBurstShots>18</ticksBetweenBurstShots>
				<burstShotCount>3</burstShotCount>
				<soundCast>kotorsound_bowcaster1</soundCast>
				<soundCastTail>GunTail_Medium</soundCastTail>
				<muzzleFlashScale>9</muzzleFlashScale>
				<ai_IsBuildingDestroyer>true</ai_IsBuildingDestroyer>
			</li>
		</verbs>
		<tools>
			<li>
				<label>stock</label>
				<capacities>
					<li>Blunt</li>
				</capacities>
				<power>6</power>
				<cooldownTime>2</cooldownTime>
			</li>
			<li>
				<label>barrel</label>
				<capacities>
					<li>Blunt</li>
					<li>Poke</li>
				</capacities>
				<power>6</power>
				<cooldownTime>2</cooldownTime>
			</li>
		</tools>
		<thingSetMakerTags>
		  <li>RewardStandardLowFreq</li>
		</thingSetMakerTags>
		<comps>
			<li Class="ModularWeapons.CompProperties_ModularParts">
				<compClass>ModularWeapons.CompModularParts</compClass>
				<bundlePackageId>guy762.KotORWeaponsArmor</bundlePackageId>
				<partKinds>
					<li>guy762_slot_scope</li>
				</partKinds>
			</li>
		</comps>
	</ThingDef>
	
	
		

</Defs>