<?xml version="1.0" encoding="utf-8" ?>
<Defs>

	<ThingDef ParentName="KotORRangedMakeable_OffHand">
		<defName>guy762_bpistol</defName>
		<label>blaster pistol</label>
		<description>The most common ranged weapon in the galaxy is the basic blaster pistol, firing a bolt of intense coherent light powered by a replaceable power pack.</description>
		<techLevel>Spacer</techLevel>
		<graphicData>
			<texPath>kotorpistol</texPath>
			<graphicClass>Graphic_Single</graphicClass>
			<drawSize>0.8</drawSize>
		</graphicData>
		<soundInteract>kotorsound_select_pistol</soundInteract>
		<statBases>
			<MarketValue>100</MarketValue>
			<WorkToMake>20000</WorkToMake>
			<Mass>2.0</Mass>
			<AccuracyTouch>0.80</AccuracyTouch>
			<AccuracyShort>0.70</AccuracyShort>
			<AccuracyMedium>0.50</AccuracyMedium>
			<AccuracyLong>0.40</AccuracyLong>
			<RangedWeapon_Cooldown>1.5</RangedWeapon_Cooldown>
			<RangedWeapon_DamageMultiplier>1</RangedWeapon_DamageMultiplier>
		</statBases>
		<recipeMaker>
			<researchPrerequisite>guy762_ResearchKotOR_blasters</researchPrerequisite>
			<skillRequirements>
				<Crafting>5</Crafting>
			</skillRequirements>
		</recipeMaker>
		<costList>
			<Plasteel>20</Plasteel>
			<Steel>5</Steel>
			<Chemfuel>25</Chemfuel>
			<ComponentSpacer>2</ComponentSpacer>
		</costList>
		<weaponTags>
			<li>SpacerGun</li>
			<li>KotORRanged_weak</li>
			<li>MNC_scout</li>
			<li>SaV_thug</li>
			<li>SaV_soldier</li>
			<li>SaV_smuggler</li>
			<li>PM_closerange</li>
			<li>PM_spacer</li>
			<li>EXC_agent</li>
			<li>HC_soldier</li>
			<li>SE_raider</li>
			<li>SE_ensign</li>
			<li>KotORWeapon_civilian</li>
		</weaponTags>
		<tradeTags Inherit="False">
			<li>guy762TT_KotORGeneric_basic</li>
			<li>guy762TT_KotORRanged</li>
		</tradeTags>
		<verbs>
			<li>
				<verbClass>Verb_Shoot</verbClass>
				<hasStandardCommand>true</hasStandardCommand>
				<defaultProjectile>KotORBlasterBolt_default</defaultProjectile>
				<warmupTime>1</warmupTime>
				<range>23</range>
				<ticksBetweenBurstShots>15</ticksBetweenBurstShots>
				<burstShotCount>3</burstShotCount>
				<soundCast>kotorsound_pistol</soundCast>
				<soundCastTail>GunTail_Medium</soundCastTail>
				<muzzleFlashScale>9</muzzleFlashScale>
			</li>
		</verbs>
		<tools>
			<li>
				<label>stock</label>
				<capacities>
					<li>Blunt</li>
				</capacities>
				<power>9</power>
				<cooldownTime>2</cooldownTime>
			</li>
			<li>
				<label>barrel</label>
				<capacities>
					<li>Blunt</li>
					<li>Poke</li>
				</capacities>
				<power>9</power>
				<cooldownTime>2</cooldownTime>
			</li>
		</tools>
		<thingSetMakerTags>
		  <li>RewardStandardLowFreq</li>
		  <li>RewardStandardQualitySuper</li>
		</thingSetMakerTags>
	</ThingDef>
	
	<ThingDef ParentName="KotORRangedModdable_OffHand">
		<defName>guy762_bpistol_republic</defName>
		<label>Republic Blaster</label>
		<description>The Republic Blaster can be upgraded with firing chambers and targeting scopes.</description>
		<techLevel>Spacer</techLevel>
		<thingClass>ThingWithComps</thingClass>
		<graphicData>
			<texPath>kotorpistol_republic</texPath>
			<graphicClass>ModularWeapons.Graphic_Modular</graphicClass>
			<drawSize>0.8</drawSize>
		</graphicData>
		<soundInteract>kotorsound_select_pistol</soundInteract>
		<statBases>
			<MarketValue>575</MarketValue>
			<Mass>2.0</Mass>
			<AccuracyTouch>0.80</AccuracyTouch>
			<AccuracyShort>0.70</AccuracyShort>
			<AccuracyMedium>0.50</AccuracyMedium>
			<AccuracyLong>0.40</AccuracyLong>
			<RangedWeapon_Cooldown>1.5</RangedWeapon_Cooldown>
			<RangedWeapon_DamageMultiplier>1</RangedWeapon_DamageMultiplier>
		</statBases>
		<weaponTags>
			<li>OR_light</li>
			<li>OR_fleettrooper</li>
			<li>PM_veteran</li>
		</weaponTags>
		<tradeTags Inherit="False">
			<li>guy762TT_KotORRanged</li>
		</tradeTags>
		<verbs>
			<li>
				<verbClass>Verb_Shoot</verbClass>
				<hasStandardCommand>true</hasStandardCommand>
				<defaultProjectile>KotORBlasterBolt_default</defaultProjectile>
				<warmupTime>1</warmupTime>
				<range>23</range>
				<ticksBetweenBurstShots>15</ticksBetweenBurstShots>
				<burstShotCount>3</burstShotCount>
				<soundCast>kotorsound_pistol</soundCast>
				<soundCastTail>GunTail_Medium</soundCastTail>
				<muzzleFlashScale>9</muzzleFlashScale>
			</li>
		</verbs>
		<tools>
			<li>
				<label>stock</label>
				<capacities>
					<li>Blunt</li>
				</capacities>
				<power>9</power>
				<cooldownTime>2</cooldownTime>
			</li>
			<li>
				<label>barrel</label>
				<capacities>
					<li>Blunt</li>
					<li>Poke</li>
				</capacities>
				<power>9</power>
				<cooldownTime>2</cooldownTime>
			</li>
		</tools>
		<comps>
			<li Class="ModularWeapons.CompProperties_ModularParts">
				<compClass>ModularWeapons.CompModularParts</compClass>
				<bundlePackageId>guy762.KotORWeaponsArmor</bundlePackageId>
				<partKinds>
					<li>guy762_slot_scope</li>
					<li>guy762_slot_chamber</li>
				</partKinds>
			</li>
		</comps>
	</ThingDef>
	
	
	
	
	<!--damage tier +1-->
	
	
	
	<ThingDef ParentName="KotORRangedModdable_OffHand">
		<defName>guy762_bpistol_mandalorian</defName>
		<label>Mandalorian Blaster</label>
		<description>The Mandalorian Blaster is a slightly more powerful version of the basic pistol common throughout the galaxy.</description>
		<techLevel>Spacer</techLevel>
		<thingClass>ThingWithComps</thingClass>
		<graphicData>
			<texPath>kotorpistol_mandalorian</texPath>
			<graphicClass>ModularWeapons.Graphic_Modular</graphicClass>
			<drawSize>0.8</drawSize>
		</graphicData>
		<soundInteract>kotorsound_select_pistol</soundInteract>
		<statBases>
			<MarketValue>850</MarketValue>
			<Mass>2.0</Mass>
			<AccuracyTouch>0.85</AccuracyTouch>
			<AccuracyShort>0.75</AccuracyShort>
			<AccuracyMedium>0.55</AccuracyMedium>
			<AccuracyLong>0.45</AccuracyLong>
			<RangedWeapon_Cooldown>1.5</RangedWeapon_Cooldown>
			<RangedWeapon_DamageMultiplier>1.1</RangedWeapon_DamageMultiplier>
		</statBases>
		<weaponTags>
			<li>MNC_scout</li>
			<li>MNC_trooper</li>
			<li>SaV_gangboss</li>
			<li>SaV_roguetrader</li>
			<li>SaV_bountyhunter</li>
		</weaponTags>
		<tradeTags Inherit="False">
			<li>guy762TT_KotORRanged</li>
			<li>guy762TT_MNCWeapons</li>
		</tradeTags>
		<verbs>
			<li>
				<verbClass>Verb_Shoot</verbClass>
				<hasStandardCommand>true</hasStandardCommand>
				<defaultProjectile>KotORBlasterBolt_default</defaultProjectile>
				<warmupTime>1</warmupTime>
				<range>23</range>
				<ticksBetweenBurstShots>15</ticksBetweenBurstShots>
				<burstShotCount>3</burstShotCount>
				<soundCast>kotorsound_pistol</soundCast>
				<soundCastTail>GunTail_Medium</soundCastTail>
				<muzzleFlashScale>9</muzzleFlashScale>
			</li>
		</verbs>
		<tools>
			<li>
				<label>stock</label>
				<capacities>
					<li>Blunt</li>
				</capacities>
				<power>9</power>
				<cooldownTime>2</cooldownTime>
			</li>
			<li>
				<label>barrel</label>
				<capacities>
					<li>Blunt</li>
					<li>Poke</li>
				</capacities>
				<power>9</power>
				<cooldownTime>2</cooldownTime>
			</li>
		</tools>
		<comps>
			<li Class="ModularWeapons.CompProperties_ModularParts">
				<compClass>ModularWeapons.CompModularParts</compClass>
				<bundlePackageId>guy762.KotORWeaponsArmor</bundlePackageId>
				<partKinds>
					<li>guy762_slot_scope</li>
					<li>guy762_slot_chamber</li>
				</partKinds>
			</li>
		</comps>
	</ThingDef>
	
	<ThingDef ParentName="KotORRangedModdable_OffHand">
		<defName>guy762_bpistol_genoharadan</defName>
		<label>GenoHaradan Blaster</label>
		<description>The GenoHaradan created this blaster as a tool to strike against well-protected assassination targets. It's remarkable accuracy makes it the perfect weapon for precision, long range strikes.</description>
		<techLevel>Spacer</techLevel>
		<thingClass>ThingWithComps</thingClass>
		<graphicData>
			<texPath>kotorpistol_genoharadan</texPath>
			<graphicClass>ModularWeapons.Graphic_Modular</graphicClass>
			<drawSize>0.8</drawSize>
		</graphicData>
		<soundInteract>kotorsound_select_pistol</soundInteract>
		<statBases>
			<MarketValue>2000</MarketValue>
			<Mass>2.0</Mass>
			<AccuracyTouch>1.05</AccuracyTouch>
			<AccuracyShort>0.95</AccuracyShort>
			<AccuracyMedium>0.75</AccuracyMedium>
			<AccuracyLong>0.65</AccuracyLong>
			<RangedWeapon_Cooldown>1.5</RangedWeapon_Cooldown>
			<RangedWeapon_DamageMultiplier>1.1</RangedWeapon_DamageMultiplier>
		</statBases>
		<weaponTags Inherit="False">
			<li>SaV_assassin</li>
			<li>EXC_hitman</li>
		</weaponTags>
		<tradeTags Inherit="False">
			<li>guy762TT_KotORElite</li>
		</tradeTags>
		<verbs>
			<li>
				<verbClass>Verb_Shoot</verbClass>
				<hasStandardCommand>true</hasStandardCommand>
				<defaultProjectile>KotORBlasterBolt_default</defaultProjectile>
				<warmupTime>1</warmupTime>
				<range>23</range>
				<ticksBetweenBurstShots>15</ticksBetweenBurstShots>
				<burstShotCount>3</burstShotCount>
				<soundCast>kotorsound_pistol</soundCast>
				<soundCastTail>GunTail_Medium</soundCastTail>
				<muzzleFlashScale>9</muzzleFlashScale>
			</li>
		</verbs>
		<tools>
			<li>
				<label>stock</label>
				<capacities>
					<li>Blunt</li>
				</capacities>
				<power>9</power>
				<cooldownTime>2</cooldownTime>
			</li>
			<li>
				<label>barrel</label>
				<capacities>
					<li>Blunt</li>
					<li>Poke</li>
				</capacities>
				<power>9</power>
				<cooldownTime>2</cooldownTime>
			</li>
		</tools>
		<comps>
			<li Class="ModularWeapons.CompProperties_ModularParts">
				<compClass>ModularWeapons.CompModularParts</compClass>
				<bundlePackageId>guy762.KotORWeaponsArmor</bundlePackageId>
				<partKinds>
					<li>guy762_slot_scope</li>
					<li>guy762_slot_chamber</li>
					<li>guy762_slot_beam</li>
				</partKinds>
			</li>
		</comps>
	</ThingDef>
	
	
	
	<!--damage tier +2-->
	
	
	
	
	<ThingDef ParentName="KotORRangedWeapon_OffHand">
		<defName>guy762_bpistol_arkanian</defName>
		<label>Arkanian Pistol</label>
		<description>This is a versatile blaster variant, possibly of ancient Arkanian origin. The Arkanians are very proud that such early efforts continue to be prized among collectors and soldiers.</description>
		<techLevel>Spacer</techLevel>
		<graphicData>
			<texPath>kotorpistol_arkanian</texPath>
			<graphicClass>Graphic_Single</graphicClass>
			<drawSize>0.8</drawSize>
		</graphicData>
		<soundInteract>kotorsound_select_pistol</soundInteract>
		<statBases>
			<MarketValue>1865</MarketValue>
			<Mass>2.0</Mass>
			<AccuracyTouch>0.90</AccuracyTouch>
			<AccuracyShort>0.80</AccuracyShort>
			<AccuracyMedium>0.60</AccuracyMedium>
			<AccuracyLong>0.50</AccuracyLong>
			<RangedWeapon_Cooldown>1.5</RangedWeapon_Cooldown>
			<RangedWeapon_DamageMultiplier>1.2</RangedWeapon_DamageMultiplier>
		</statBases>
		<weaponTags>
			<li>KotORRanged_mid</li>
			<li>OR_officer</li>
			<li>PM_veteran</li>
			<li>HC_elite</li>
			<li>SaV_smuggler</li>
			<li>SaV_gangboss</li>
			<li>SaV_roguetrader</li>
			<li>SaV_bountyhunter</li>
		</weaponTags>
		<tradeTags Inherit="False">
			<li>guy762TT_KotORRanged</li>
			<li>guy762TT_KotORAntique</li>
		</tradeTags>
		<verbs>
			<li>
				<verbClass>Verb_Shoot</verbClass>
				<hasStandardCommand>true</hasStandardCommand>
				<defaultProjectile>KotORBlasterBolt_default</defaultProjectile>
				<warmupTime>1</warmupTime>
				<range>23</range>
				<ticksBetweenBurstShots>15</ticksBetweenBurstShots>
				<burstShotCount>3</burstShotCount>
				<soundCast>kotorsound_pistol</soundCast>
				<soundCastTail>GunTail_Medium</soundCastTail>
				<muzzleFlashScale>9</muzzleFlashScale>
			</li>
		</verbs>
		<tools>
			<li>
				<label>stock</label>
				<capacities>
					<li>Blunt</li>
				</capacities>
				<power>9</power>
				<cooldownTime>2</cooldownTime>
			</li>
			<li>
				<label>barrel</label>
				<capacities>
					<li>Blunt</li>
					<li>Poke</li>
				</capacities>
				<power>9</power>
				<cooldownTime>2</cooldownTime>
			</li>
		</tools>
	</ThingDef>
	
	
	
	
	<!--damage tier +3-->
	
	<ThingDef ParentName="KotORRangedWeapon_OffHand">
		<defName>guy762_bpistol_zabrak</defName>
		<label>Zabrak Blaster Pistol</label>
		<description>This blaster is the staple of the Zabrak mercenary, known for deadly accuracy and exceptional damage.</description>
		<techLevel>Spacer</techLevel>
		<graphicData>
			<texPath>kotorpistol_zabrak</texPath>
			<graphicClass>Graphic_Single</graphicClass>
			<drawSize>0.8</drawSize>
		</graphicData>
		<soundInteract>kotorsound_select_pistol</soundInteract>
		<statBases>
			<MarketValue>9200</MarketValue>
			<Mass>2.0</Mass>
			<AccuracyTouch>0.95</AccuracyTouch>
			<AccuracyShort>0.85</AccuracyShort>
			<AccuracyMedium>0.65</AccuracyMedium>
			<AccuracyLong>0.55</AccuracyLong>
			<RangedWeapon_Cooldown>1.5</RangedWeapon_Cooldown>
			<RangedWeapon_DamageMultiplier>1.3</RangedWeapon_DamageMultiplier>
		</statBases>
		<weaponTags Inherit="False">
			<li>KotORRanged_strong</li>
			<li>HC_elite</li>
			<li>SaV_gangboss</li>
			<li>SaV_roguetrader</li>
			<li>SaV_zabrak</li>
			<li>SaV_bountyhunter_mid</li>
			<li>MNC_champion</li>
		</weaponTags>
		<tradeTags Inherit="False">
			<li>guy762TT_KotORRanged</li>
		</tradeTags>
		<verbs>
			<li>
				<verbClass>Verb_Shoot</verbClass>
				<hasStandardCommand>true</hasStandardCommand>
				<defaultProjectile>KotORStunBolt_default</defaultProjectile>
				<warmupTime>1</warmupTime>
				<range>23</range>
				<ticksBetweenBurstShots>15</ticksBetweenBurstShots>
				<burstShotCount>3</burstShotCount>
				<soundCast>kotorsound_heavy2</soundCast>
				<soundCastTail>GunTail_Medium</soundCastTail>
				<muzzleFlashScale>9</muzzleFlashScale>
			</li>
		</verbs>
		<tools>
			<li>
				<label>stock</label>
				<capacities>
					<li>Blunt</li>
				</capacities>
				<power>9</power>
				<cooldownTime>2</cooldownTime>
			</li>
			<li>
				<label>barrel</label>
				<capacities>
					<li>Blunt</li>
					<li>Poke</li>
				</capacities>
				<power>9</power>
				<cooldownTime>2</cooldownTime>
			</li>
		</tools>
		<thingSetMakerTags>
		  <li>RewardStandardHighFreq</li>
		</thingSetMakerTags>
	</ThingDef>
	
	
		<!--damage tier +4-->
	
	
	<ThingDef ParentName="KotORRangedModdable_OffHand">
		<defName>guy762_bpistol_micropulse</defName>
		<label>Micro-Pulse Blaster</label>
		<description>Built of durable thoranium, this blaster is able to fire more intense pulses of energy than lesser pistols are capable of. The result is the potency of an advanced blaster rifle in a one-handed weapon.</description>
		<techLevel>Spacer</techLevel>
		<thingClass>ThingWithComps</thingClass>
		<graphicData>
			<texPath>kotorpistol_micropulse</texPath>
			<graphicClass>ModularWeapons.Graphic_Modular</graphicClass>
			<drawSize>0.8</drawSize>
		</graphicData>
		<soundInteract>kotorsound_select_pistol</soundInteract>
		<statBases>
			<MarketValue>21800</MarketValue>
			<Mass>2.0</Mass>
			<AccuracyTouch>0.90</AccuracyTouch>
			<AccuracyShort>0.80</AccuracyShort>
			<AccuracyMedium>0.60</AccuracyMedium>
			<AccuracyLong>0.50</AccuracyLong>
			<RangedWeapon_Cooldown>1.5</RangedWeapon_Cooldown>
			<RangedWeapon_DamageMultiplier>1.4</RangedWeapon_DamageMultiplier>
		</statBases>
		<weaponTags Inherit="False">
			<li>KotORRanged_rare</li>
			<li>SaV_elite</li>
			<li>SaV_crimelord</li>
			<li>SaV_bountyhunter_mid</li>
			<li>MNC_champion</li>
		</weaponTags>
		<tradeTags Inherit="False">
			<li>guy762TT_KotORElite</li>
			<li>guy762TT_KotORLegendary</li>
		</tradeTags>
		<verbs>
			<li>
				<verbClass>Verb_Shoot</verbClass>
				<hasStandardCommand>true</hasStandardCommand>
				<defaultProjectile>KotORBlasterBolt_default</defaultProjectile>
				<warmupTime>1</warmupTime>
				<range>23</range>
				<ticksBetweenBurstShots>15</ticksBetweenBurstShots>
				<burstShotCount>3</burstShotCount>
				<soundCast>kotorsound_pistol</soundCast>
				<soundCastTail>GunTail_Medium</soundCastTail>
				<muzzleFlashScale>9</muzzleFlashScale>
			</li>
		</verbs>
		<tools>
			<li>
				<label>stock</label>
				<capacities>
					<li>Blunt</li>
				</capacities>
				<power>9</power>
				<cooldownTime>2</cooldownTime>
			</li>
			<li>
				<label>barrel</label>
				<capacities>
					<li>Blunt</li>
					<li>Poke</li>
				</capacities>
				<power>9</power>
				<cooldownTime>2</cooldownTime>
			</li>
		</tools>
		<comps>
			<li Class="ModularWeapons.CompProperties_ModularParts">
				<compClass>ModularWeapons.CompModularParts</compClass>
				<bundlePackageId>guy762.KotORWeaponsArmor</bundlePackageId>
				<partKinds>
					<li>guy762_slot_scope</li>
					<li>guy762_slot_chamber</li>
				</partKinds>
			</li>
		</comps>
		<thingSetMakerTags>
		  <li>RewardStandardLowFreq</li>
		</thingSetMakerTags>
	</ThingDef>
	
	
	
	
	<!--legendaries-->
	
	
	
	<ThingDef ParentName="KotORRangedModdable_OffHand">
		<defName>guy762_bpistol_onasi</defName>
		<label>Onasi Blaster</label>
		<description>This blaster bears the symbol of the Onasi family. It perhaps once belonged to Carth Onasi, a former companion of Revan.</description>
		<techLevel>Spacer</techLevel>
		<thingClass>ThingWithComps</thingClass>
		<graphicData>
			<texPath>kotorpistol_onasi</texPath>
			<graphicClass>ModularWeapons.Graphic_Modular</graphicClass>
			<drawSize>0.8</drawSize>
		</graphicData>
		<soundInteract>kotorsound_select_pistol</soundInteract>
		<statBases>
			<MarketValue>14600</MarketValue>
			<Mass>2.0</Mass>
			<AccuracyTouch>0.90</AccuracyTouch>
			<AccuracyShort>0.80</AccuracyShort>
			<AccuracyMedium>0.60</AccuracyMedium>
			<AccuracyLong>0.50</AccuracyLong>
			<RangedWeapon_Cooldown>1.5</RangedWeapon_Cooldown>
			<RangedWeapon_DamageMultiplier>1.3</RangedWeapon_DamageMultiplier>
		</statBases>
		<weaponTags Inherit="False">
			<li>KotORRanged_legendary</li>
			<li>OR_Admiral</li>
		</weaponTags>
		<tradeTags Inherit="False">
			<li>guy762TT_KotORLegendary</li>
		</tradeTags>
		<relicChance>2</relicChance>
		<verbs>
			<li>
				<verbClass>Verb_Shoot</verbClass>
				<hasStandardCommand>true</hasStandardCommand>
				<defaultProjectile>KotORBlasterBolt_default</defaultProjectile>
				<warmupTime>1</warmupTime>
				<range>23</range>
				<ticksBetweenBurstShots>15</ticksBetweenBurstShots>
				<burstShotCount>3</burstShotCount>
				<soundCast>kotorsound_pistol</soundCast>
				<soundCastTail>GunTail_Medium</soundCastTail>
				<muzzleFlashScale>9</muzzleFlashScale>
			</li>
		</verbs>
		<tools>
			<li>
				<label>stock</label>
				<capacities>
					<li>Blunt</li>
				</capacities>
				<power>9</power>
				<cooldownTime>2</cooldownTime>
			</li>
			<li>
				<label>barrel</label>
				<capacities>
					<li>Blunt</li>
					<li>Poke</li>
				</capacities>
				<power>9</power>
				<cooldownTime>2</cooldownTime>
			</li>
		</tools>
		<comps>
			<li Class="ModularWeapons.CompProperties_ModularParts">
				<compClass>ModularWeapons.CompModularParts</compClass>
				<bundlePackageId>guy762.KotORWeaponsArmor</bundlePackageId>
				<partKinds>
					<li>guy762_slot_scope</li>
					<li>guy762_slot_chamber</li>
				</partKinds>
			</li>
		</comps>
	</ThingDef>
	
	<ThingDef ParentName="KotORRangedModdable_OffHand">
		<defName>guy762_bpistol_bendak</defName>
		<label>Bendak's Blaster</label>
		<description>This blaster belonged to Bendak Starkiller, a duelist legendary on Taris. It is a highly adaptable weapon, and is definitely of better quality than any standard issue pistol.</description>
		<techLevel>Spacer</techLevel>
		<thingClass>ThingWithComps</thingClass>
		<graphicData>
			<texPath>kotorpistol_bendak</texPath>
			<graphicClass>ModularWeapons.Graphic_Modular</graphicClass>
			<drawSize>0.8</drawSize>
		</graphicData>
		<soundInteract>kotorsound_select_pistol</soundInteract>
		<statBases>
			<MarketValue>28000</MarketValue>
			<Mass>2.0</Mass>
			<AccuracyTouch>0.85</AccuracyTouch>
			<AccuracyShort>0.75</AccuracyShort>
			<AccuracyMedium>0.55</AccuracyMedium>
			<AccuracyLong>0.45</AccuracyLong>
			<RangedWeapon_Cooldown>1.5</RangedWeapon_Cooldown>
			<RangedWeapon_DamageMultiplier>1.1</RangedWeapon_DamageMultiplier>
		</statBases>
		<weaponTags Inherit="False">
			<li>KotORRanged_legendary</li>
			<li>MNC_supremecommander</li>
		</weaponTags>
		<tradeTags Inherit="False">
			<li>guy762TT_KotORLegendary</li>
		</tradeTags>
		<relicChance>3</relicChance>
		<verbs>
			<li>
				<verbClass>Verb_Shoot</verbClass>
				<hasStandardCommand>true</hasStandardCommand>
				<defaultProjectile>KotORBlasterBolt_default</defaultProjectile>
				<warmupTime>1</warmupTime>
				<range>23</range>
				<ticksBetweenBurstShots>15</ticksBetweenBurstShots>
				<burstShotCount>3</burstShotCount>
				<soundCast>kotorsound_pistol</soundCast>
				<soundCastTail>GunTail_Medium</soundCastTail>
				<muzzleFlashScale>9</muzzleFlashScale>
			</li>
		</verbs>
		<tools>
			<li>
				<label>stock</label>
				<capacities>
					<li>Blunt</li>
				</capacities>
				<power>9</power>
				<cooldownTime>2</cooldownTime>
			</li>
			<li>
				<label>barrel</label>
				<capacities>
					<li>Blunt</li>
					<li>Poke</li>
				</capacities>
				<power>9</power>
				<cooldownTime>2</cooldownTime>
			</li>
		</tools>
		<comps>
			<li Class="ModularWeapons.CompProperties_ModularParts">
				<compClass>ModularWeapons.CompModularParts</compClass>
				<bundlePackageId>guy762.KotORWeaponsArmor</bundlePackageId>
				<partKinds>
					<li>guy762_slot_scope</li>
					<li>guy762_slot_power</li>
					<li>guy762_slot_chamber</li>
				</partKinds>
			</li>
		</comps>
	</ThingDef>
	
	

</Defs>