<?xml version="1.0" encoding="utf-8" ?>
<Defs>

	<ThingDef ParentName="KotORMeleeMakeable_OffHand">
		<defName>guy762_baton</defName>
		<label>stun baton</label>
		<description>Stun batons are commonly employed by police forces who prefer to incapacitate instead of kill their targets.</description>
		<meleeHitSound>kotorsound_blunt_hitshield</meleeHitSound>
		<soundInteract>Interact_ZeusHammer</soundInteract>
		<graphicData>
			<texPath>stunbaton</texPath>
			<graphicClass>Graphic_Single</graphicClass>
			<shaderType>TransparentPostLight</shaderType>
		</graphicData>
		<weaponClasses><li>MeleeBlunt</li></weaponClasses>
		<equippedAngleOffset>-65</equippedAngleOffset>
		<techLevel>Spacer</techLevel>
		<statBases>
			<MarketValue>120</MarketValue>
			<WorkToMake>8000</WorkToMake>
			<Mass>4.5</Mass>
		</statBases>
		
		<recipeMaker>
			<researchPrerequisite>guy762_ResearchKotOR_vibroweapons</researchPrerequisite>
			<skillRequirements>
				<Crafting>5</Crafting>
			</skillRequirements>
		</recipeMaker>
		<costList>
			<Steel>30</Steel>
			<ComponentSpacer>1</ComponentSpacer>
		</costList>
		
		<comps>
		  <li Class="CompExtraSounds.CompProperties_ExtraSounds">
			<compClass>CompExtraSounds.CompExtraSounds</compClass>
			<soundMiss>kotorsound_blade_swing</soundMiss>
			<soundHitPawn>kotorsound_blunt_hitsoft</soundHitPawn>
			<soundHitBuilding>kotorsound_blunt_hithard</soundHitBuilding>
		  </li>
		</comps>
		<tools>
			<li>
				<label>handle</label>
				<capacities>
					<li>Blunt</li>
				</capacities>
				<!---->
				<power>6</power>
				<chanceFactor>0.05</chanceFactor>
				<cooldownTime>3</cooldownTime>
			</li>
			<li>
				<label>shaft</label>
				<capacities>
					<li>Blunt</li>
				</capacities>
				<!---->
				<power>14</power>
				<chanceFactor>1</chanceFactor>
				<cooldownTime>1.8</cooldownTime>
				<extraMeleeDamages>
				  <li>
					<def>Stun</def>
					<amount>10</amount>
				  </li>
				</extraMeleeDamages>
			</li>
			<li>
				<label>tip</label>
				<capacities>
				  <li>Poke</li>
				</capacities>
				<!---->
				<power>8</power>
				<chanceFactor>0.25</chanceFactor>
				<cooldownTime>1.8</cooldownTime>
			</li>
		</tools>
		<weaponTags Inherit="False">
			<li>KotORMelee_weak</li>
			<li>KotORStunBaton</li>
			<li>SaV_thug</li>
			<li>SaV_brawler</li>
			<li>HC_gamorrean_melee</li>
			<li>CZ_enforcer</li>
			<li>SE_ensign</li>
			<li>KotORWeapon_civilian</li>
		</weaponTags>
		<tradeTags Inherit="False">
			<li>guy762TT_KotORMelee</li>
			<li>guy762TT_KotORGeneric_basic</li>
		</tradeTags>
		<thingSetMakerTags>
		  <li>RewardStandardLowFreq</li>
		  <li>RewardStandardQualitySuper</li>
		</thingSetMakerTags>
	</ThingDef>
	
	
	
	
	
	
	<ThingDef ParentName="KotORMeleeModdable_OffHand">
		<defName>guy762_baton_vulkar</defName>
		<label>Exchange Negotiator</label>
		<description>A useful tool for espionage, this weapon is more effective than the standard stun baton, but is still available on most worlds.</description>
		<meleeHitSound>kotorsound_blunt_hitshield</meleeHitSound>
		<soundInteract>Interact_ZeusHammer</soundInteract>
		<graphicData>
			<texPath>stunbaton_vulkar</texPath>
			<graphicClass>ModularWeapons.Graphic_Modular</graphicClass>
			<shaderType>TransparentPostLight</shaderType>
		</graphicData>
		<equippedAngleOffset>-65</equippedAngleOffset>
		<techLevel>Spacer</techLevel>
		<weaponClasses><li>MeleeBlunt</li></weaponClasses>
		<statBases>
			<MarketValue>530</MarketValue>
			<Mass>4.5</Mass>
		</statBases>
		<tools>
			<li>
				<label>handle</label>
				<capacities>
					<li>Blunt</li>
				</capacities>
				<!---->
				<power>6</power>
				<chanceFactor>0.05</chanceFactor>
				<cooldownTime>3</cooldownTime>
			</li>
			<li>
				<label>shaft</label>
				<capacities>
					<li>Blunt</li>
				</capacities>
				<!---->
				<power>14</power>
				<chanceFactor>1</chanceFactor>
				<cooldownTime>1.8</cooldownTime>
				<extraMeleeDamages>
				  <li>
					<def>Stun</def>
					<amount>18</amount>        <!--+8-->
				  </li>
				</extraMeleeDamages>
			</li>
			<li>
				<label>tip</label>
				<capacities>
				  <li>Poke</li>
				</capacities>
				<!---->
				<power>8</power>
				<chanceFactor>0.25</chanceFactor>
				<cooldownTime>1.8</cooldownTime>
			</li>
		</tools>
		<weaponTags Inherit="False">
			<li>KotORMelee_weak</li>
			<li>EXC_hitman</li>
			<li>SaV_brawler</li>
			<li>SE_slasher</li>
		</weaponTags>
		<tradeTags Inherit="False">
			<li>guy762TT_KotORMelee</li>
		</tradeTags>
		<comps>
			<li Class="CompExtraSounds.CompProperties_ExtraSounds">
				<compClass>CompExtraSounds.CompExtraSounds</compClass>
				<soundMiss>kotorsound_blade_swing</soundMiss>
				<soundHitPawn>kotorsound_blunt_hitsoft</soundHitPawn>
				<soundHitBuilding>kotorsound_blunt_hithard</soundHitBuilding>
			</li>
			<li Class="ModularWeapons.CompProperties_ModularParts">
				<compClass>ModularWeapons.CompModularParts</compClass>
				<bundlePackageId>guy762.KotORWeaponsArmor</bundlePackageId>
				<partKinds>
					<li>guy762_slot_cell_sbaton</li>
					<li>guy762_slot_alloy</li>
					<li>guy762_slot_grip</li>
				</partKinds>
			</li>
		</comps>
	</ThingDef>
	
	<ThingDef ParentName="KotORMeleeModdable_OffHand">
		<defName>guy762_baton_gand</defName>
		<label>Gand Silencer</label>
		<description>It's unclear whether this weapon was designed by the Gand or to silence them.</description>
		<meleeHitSound>kotorsound_blunt_hitshield</meleeHitSound>
		<soundInteract>Interact_ZeusHammer</soundInteract>
		<graphicData>
			<texPath>stunbaton_gand</texPath>
			<graphicClass>ModularWeapons.Graphic_Modular</graphicClass>
			<shaderType>TransparentPostLight</shaderType>
		</graphicData>
		<equippedAngleOffset>-65</equippedAngleOffset>
		<techLevel>Spacer</techLevel>
		<weaponClasses><li>MeleeBlunt</li></weaponClasses>
		<statBases>
			<MarketValue>1059</MarketValue>
			<Mass>4.5</Mass>
		</statBases>
		<equippedStatOffsets>
		  <MeleeHitChance>0.1</MeleeHitChance>
		</equippedStatOffsets>
		<tools>
			<li>
				<label>handle</label>
				<capacities>
					<li>Blunt</li>
				</capacities>
				<!---->
				<power>6</power>
				<chanceFactor>0.05</chanceFactor>
				<cooldownTime>3</cooldownTime>
			</li>
			<li>
				<label>shaft</label>
				<capacities>
					<li>Blunt</li>
				</capacities>
				<!---->
				<power>14</power>
				<chanceFactor>1</chanceFactor>
				<cooldownTime>1.8</cooldownTime>
				<extraMeleeDamages>
				  <li>
					<def>Stun</def>
					<amount>22</amount>             <!--+12-->
				  </li>
				</extraMeleeDamages>
			</li>
			<li>
				<label>tip</label>
				<capacities>
				  <li>Poke</li>
				</capacities>
				<!---->
				<power>8</power>
				<chanceFactor>0.25</chanceFactor>
				<cooldownTime>1.8</cooldownTime>
			</li>
		</tools>
		<weaponTags Inherit="False">
			<li>KotORMelee_mid</li>
		</weaponTags>
		<tradeTags Inherit="False">
			<li>guy762TT_KotORMelee</li>
		</tradeTags>
		<comps>
			<li Class="CompExtraSounds.CompProperties_ExtraSounds">
				<compClass>CompExtraSounds.CompExtraSounds</compClass>
				<soundMiss>kotorsound_blade_swing</soundMiss>
				<soundHitPawn>kotorsound_blunt_hitsoft</soundHitPawn>
				<soundHitBuilding>kotorsound_blunt_hithard</soundHitBuilding>
			</li>
			<li Class="ModularWeapons.CompProperties_ModularParts">
				<compClass>ModularWeapons.CompModularParts</compClass>
				<bundlePackageId>guy762.KotORWeaponsArmor</bundlePackageId>
				<partKinds>
					<li>guy762_slot_cell_sbaton</li>
					<li>guy762_slot_alloy</li>
					<li>guy762_slot_grip</li>
				</partKinds>
			</li>
		</comps>
	</ThingDef>
	
	<ThingDef ParentName="KotORMeleeModdable_OffHand">
		<defName>guy762_baton_bothan</defName>
		<label>Bothan Chuka</label>
		<description>A very effective device used by Bothan elite. Some systems consider simple possession of one as grounds for execution as a spy.</description>
		<meleeHitSound>kotorsound_blunt_hitshield</meleeHitSound>
		<soundInteract>Interact_ZeusHammer</soundInteract>
		<graphicData>
			<texPath>stunbaton_bothan</texPath>
			<graphicClass>ModularWeapons.Graphic_Modular</graphicClass>
			<shaderType>TransparentPostLight</shaderType>
		</graphicData>
		<equippedAngleOffset>-65</equippedAngleOffset>
		<techLevel>Spacer</techLevel>
		<weaponClasses><li>MeleeBlunt</li></weaponClasses>
		<statBases>
			<MarketValue>1580</MarketValue>
			<Mass>4.5</Mass>
		</statBases>
		<equippedStatOffsets>
		  <MeleeHitChance>0.2</MeleeHitChance>
		  <MeleeWeapon_DamageMultiplier>1.2</MeleeWeapon_DamageMultiplier>
		</equippedStatOffsets>
		<tools>
			<li>
				<label>handle</label>
				<capacities>
					<li>Blunt</li>
				</capacities>
				<!---->
				<power>6</power>
				<chanceFactor>0.05</chanceFactor>
				<cooldownTime>3</cooldownTime>
			</li>
			<li>
				<label>shaft</label>
				<capacities>
					<li>Blunt</li>
				</capacities>
				<!---->
				<power>14</power>
				<chanceFactor>1</chanceFactor>
				<cooldownTime>1.8</cooldownTime>
				<extraMeleeDamages>
				  <li>
					<def>Stun</def>
					<amount>10</amount>
				  </li>
				  <li>
					<def>EMP</def>
					<amount>10</amount>
				  </li>
				</extraMeleeDamages>
			</li>
			<li>
				<label>tip</label>
				<capacities>
				  <li>Poke</li>
				</capacities>
				<!---->
				<power>8</power>
				<chanceFactor>0.25</chanceFactor>
				<cooldownTime>1.8</cooldownTime>
				<extraMeleeDamages>
				  <li>
					<def>EMP</def>
					<amount>10</amount>
				  </li>
				</extraMeleeDamages>
			</li>
		</tools>
		<weaponTags Inherit="False">
			<li>KotORMelee_mid</li>
			<li>SaV_bothanspy</li>
		</weaponTags>
		<tradeTags Inherit="False">
			<li>guy762TT_KotORMelee</li>
		</tradeTags>
		<comps>
			<li Class="CompExtraSounds.CompProperties_ExtraSounds">
				<compClass>CompExtraSounds.CompExtraSounds</compClass>
				<soundMiss>kotorsound_blade_swing</soundMiss>
				<soundHitPawn>kotorsound_blunt_hitsoft</soundHitPawn>
				<soundHitBuilding>kotorsound_blunt_hithard</soundHitBuilding>
			</li>
			<li Class="ModularWeapons.CompProperties_ModularParts">
				<compClass>ModularWeapons.CompModularParts</compClass>
				<bundlePackageId>guy762.KotORWeaponsArmor</bundlePackageId>
				<partKinds>
					<li>guy762_slot_cell_sbaton</li>
					<li>guy762_slot_alloy</li>
					<li>guy762_slot_grip</li>
				</partKinds>
			</li>
		</comps>
	</ThingDef>
	
	<ThingDef ParentName="KotORMeleeModdable_OffHand">
		<defName>guy762_baton_rakatan</defName>
		<label>Rakatan Battle Wand</label>
		<description>Weighted to fit a Rakatan grip, this item is most like a stun baton. The energy field surrounding the shaft functions similar to a bolt from a disruptor weapon, reducing solid matter to its constituent molecules.</description>
		<meleeHitSound>kotorsound_blunt_hitshield</meleeHitSound>
		<soundInteract>Interact_ZeusHammer</soundInteract>
		<graphicData>
			<texPath>stunbaton_rakatan</texPath>
			<graphicClass>ModularWeapons.Graphic_Modular</graphicClass>
			<shaderType>TransparentPostLight</shaderType>
		</graphicData>
		<equippedAngleOffset>-65</equippedAngleOffset>
		<techLevel>Spacer</techLevel>
		<weaponClasses><li>MeleeBlunt</li></weaponClasses>
		<statBases>
			<MarketValue>7590</MarketValue>
			<Mass>4.5</Mass>
		</statBases>
		<equippedStatOffsets>
		  <MeleeHitChance>0.2</MeleeHitChance>
		  <MeleeWeapon_DamageMultiplier>1.2</MeleeWeapon_DamageMultiplier>
		</equippedStatOffsets>
		<tools>
			<li>
				<label>handle</label>
				<capacities>
					<li>Blunt</li>
				</capacities>
				<!---->
				<power>6</power>
				<chanceFactor>0.05</chanceFactor>
				<cooldownTime>3</cooldownTime>
			</li>
			<li>
				<label>shaft</label>
				<capacities>
					<li>Blunt</li>
				</capacities>
				<!---->
				<power>14</power>
				<chanceFactor>1</chanceFactor>
				<cooldownTime>1.8</cooldownTime>
				<extraMeleeDamages>
				  <li>
					<def>Stun</def>
					<amount>10</amount>
				  </li>
				  <li>
					<def>guy762_MeleeDamage_unstoppable</def>
					<amount>10</amount>
				  </li>
				</extraMeleeDamages>
			</li>
			<li>
				<label>tip</label>
				<capacities>
				  <li>Poke</li>
				</capacities>
				<!---->
				<power>8</power>
				<chanceFactor>0.25</chanceFactor>
				<cooldownTime>1.8</cooldownTime>
				<extraMeleeDamages>
				  <li>
					<def>guy762_MeleeDamage_unstoppable</def>
					<amount>10</amount>
				  </li>
				</extraMeleeDamages>
			</li>
		</tools>
		<weaponTags Inherit="False">
			<li>KotORMelee_rakatan</li>
		</weaponTags>
		<tradeTags Inherit="False">
			<li>guy762TT_KotORLegendary</li>
		</tradeTags>
		<comps>
			<li Class="CompExtraSounds.CompProperties_ExtraSounds">
				<compClass>CompExtraSounds.CompExtraSounds</compClass>
				<soundMiss>kotorsound_blade_swing</soundMiss>
				<soundHitPawn>kotorsound_blunt_hitsoft</soundHitPawn>
				<soundHitBuilding>kotorsound_blunt_hithard</soundHitBuilding>
			</li>
			<li Class="ModularWeapons.CompProperties_ModularParts">
				<compClass>ModularWeapons.CompModularParts</compClass>
				<bundlePackageId>guy762.KotORWeaponsArmor</bundlePackageId>
				<partKinds>
					<li>guy762_slot_cell_sbaton</li>
					<li>guy762_slot_alloy</li>
					<li>guy762_slot_grip</li>
				</partKinds>
			</li>
		</comps>
	</ThingDef>
	
	
	
	
	
	
	
	


</Defs>