<?xml version="1.0" encoding="utf-8" ?>
<Defs>

	<ThingDef ParentName="KotORMeleeMakeable_TwoHand">
		<defName>guy762_electrostaff</defName>
		<label>electrostaff</label>
		<description>Similar to the common Stun Baton, Electrostaffs discharge a high amount of energy into an opponent. Unlike their smaller relatives however, Electrostaffs are designed to injure and kill through blunt force and electrocution, and are a difficult weapon to wield effectively.</description>
		<meleeHitSound>kotorsound_blunt_hitshield</meleeHitSound>
		<soundInteract>Interact_ZeusHammer</soundInteract>
		<graphicData>
			<texPath>shockstaff</texPath>
			<graphicClass>Graphic_Single</graphicClass>
			<shaderType>TransparentPostLight</shaderType>
			<drawSize>1.5</drawSize>
		</graphicData>
		<equippedAngleOffset>-30</equippedAngleOffset>
		<techLevel>Spacer</techLevel>
		<weaponClasses><li>MeleeBlunt</li></weaponClasses>
		<statBases>
			<MarketValue>1600</MarketValue>
			<WorkToMake>16500</WorkToMake>
			<Mass>7.5</Mass>
		</statBases>
		<equippedStatOffsets>
		  <MeleeHitChance>-0.2</MeleeHitChance>
		</equippedStatOffsets>
		
		<recipeMaker>
			<researchPrerequisite>guy762_ResearchKotOR_vibroweapons</researchPrerequisite>
			<skillRequirements>
				<Crafting>8</Crafting>
			</skillRequirements>
		</recipeMaker>
		<costList>
			<Steel>60</Steel>
			<ComponentSpacer>2</ComponentSpacer>
		</costList>
		
		<comps>
		  <li Class="CompExtraSounds.CompProperties_ExtraSounds">
			<compClass>CompExtraSounds.CompExtraSounds</compClass>
			<soundMiss>kotorsound_blade_swing</soundMiss>
			<soundHitPawn>kotorsound_blunt_hitsoft</soundHitPawn>
			<soundHitBuilding>kotorsound_blunt_hithard</soundHitBuilding>
		  </li>
		</comps>
		<tools>
			<li>
				<label>handle</label>
				<capacities>
					<li>Blunt</li>
				</capacities>
				<!---->
				<power>6</power>
				<chanceFactor>0.1</chanceFactor>
				<cooldownTime>1.5</cooldownTime>
			</li>
			<li>
				<label>head</label>
				<capacities>
					<li>Blunt</li>
				</capacities>
				<!---->
				<power>16</power>
				<chanceFactor>2</chanceFactor>
				<cooldownTime>1.0</cooldownTime>
				<extraMeleeDamages>
				  <li>
					<def>Stun</def>
					<amount>4</amount>
				  </li>
				  <li>
					<def>guy762_MeleeDamage_electrical</def>
					<amount>10</amount>
				  </li>
				</extraMeleeDamages>
			</li>
			<li>
				<label>tip</label>
				<capacities>
				  <li>Poke</li>
				</capacities>
				<!---->
				<power>8</power>
				<chanceFactor>1</chanceFactor>
				<cooldownTime>2.4</cooldownTime>
				<extraMeleeDamages>
				  <li>
					<def>guy762_MeleeDamage_electrical</def>
					<amount>10</amount>
				  </li>
				</extraMeleeDamages>
			</li>
		</tools>
		<weaponTags Inherit="False">
			<li>KotORMelee_strong</li>
			<li>KotORWeapon_electrostaff</li>
			<li>SaV_mercslasher</li>
			<li>SaV_wookieebrawler</li>
			<li>SE_raiderveteran</li>
			<li>SE_elitemelee</li>
			<li>CZ_enforcer</li>
		</weaponTags>
		<tradeTags Inherit="False">
			<li>guy762TT_KotORMelee</li>
			<li>guy762TT_KotORGeneric_rare</li>
		</tradeTags>
		<thingSetMakerTags>
		  <li>RewardStandardLowFreq</li>
		  <li>RewardStandardQualitySuper</li>
		</thingSetMakerTags>
	</ThingDef>
	
	
	
	
	
	
	<ThingDef ParentName="KotORMeleeModdable_TwoHand">
		<defName>guy762_electrostaff_vulkar</defName>
		<label>Vulkar Shock Stick</label>
		<description>A favorite weapon of the Vulkars, this modified electrostaff is designed more for the purpose of inflicting pain than actually incapacitating an opponent.</description>
		<meleeHitSound>kotorsound_blunt_hitshield</meleeHitSound>
		<soundInteract>Interact_ZeusHammer</soundInteract>
		<graphicData>
			<texPath>shockstaff_vulkar</texPath>
			<graphicClass>ModularWeapons.Graphic_Modular</graphicClass>
			<shaderType>TransparentPostLight</shaderType>
			<drawSize>1.5</drawSize>
		</graphicData>
		<equippedAngleOffset>-30</equippedAngleOffset>
		<techLevel>Spacer</techLevel>
		<weaponClasses><li>MeleeBlunt</li></weaponClasses>
		<statBases>
			<MarketValue>2300</MarketValue>
			<Mass>7.5</Mass>
		</statBases>
		<equippedStatOffsets>
		  <MeleeHitChance>-0.2</MeleeHitChance>
		</equippedStatOffsets>
		<tools>
			<li>
				<label>handle</label>
				<capacities>
					<li>Blunt</li>
				</capacities>
				<!---->
				<power>6</power>
				<chanceFactor>0.1</chanceFactor>
				<cooldownTime>1.5</cooldownTime>
			</li>
			<li>
				<label>head</label>
				<capacities>
					<li>Blunt</li>
				</capacities>
				<!---->
				<power>16</power>
				<chanceFactor>2</chanceFactor>
				<cooldownTime>1.0</cooldownTime>
				<extraMeleeDamages>
				  <li>
					<def>Stun</def>
					<amount>4</amount>
				  </li>
				  <li>
					<def>guy762_MeleeDamage_electrical</def>
					<amount>10</amount>
				  </li>
				</extraMeleeDamages>
			</li>
			<li>
				<label>tip</label>
				<capacities>
				  <li>Poke</li>
				</capacities>
				<!---->
				<power>8</power>
				<chanceFactor>1</chanceFactor>
				<cooldownTime>2.4</cooldownTime>
				<extraMeleeDamages>
				  <li>
					<def>guy762_MeleeDamage_electrical</def>
					<amount>10</amount>
				  </li>
				</extraMeleeDamages>
			</li>
		</tools>
		<weaponTags Inherit="False">
			<li>KotORMelee_strong</li>
			<li>SaV_wookieebrawler</li>
		</weaponTags>
		<tradeTags Inherit="False">
			<li>guy762TT_KotORMelee</li>
		</tradeTags>
		<comps>
			<li Class="CompExtraSounds.CompProperties_ExtraSounds">
				<compClass>CompExtraSounds.CompExtraSounds</compClass>
				<soundMiss>kotorsound_blade_swing</soundMiss>
				<soundHitPawn>kotorsound_blunt_hitsoft</soundHitPawn>
				<soundHitBuilding>kotorsound_blunt_hithard</soundHitBuilding>
			</li>
			<li Class="ModularWeapons.CompProperties_ModularParts">
				<compClass>ModularWeapons.CompModularParts</compClass>
				<bundlePackageId>guy762.KotORWeaponsArmor</bundlePackageId>
				<partKinds>
					<li>guy762_slot_cell_estaff</li>
					<li>guy762_slot_alloy</li>
				</partKinds>
			</li>
		</comps>
	</ThingDef>
	
	<ThingDef ParentName="KotORMeleeModdable_TwoHand">
		<defName>guy762_electrostaff_mando</defName>
		<label>Jedi Hunter Electrostaff</label>
		<description>During their wars against the Republic, the Mandalorians found Electrostaves were the most efficient melee weapon for dealing with Jedi. Elite squadrons of "Jedi hunters" trained extensively with these weapons and were sent to kill high-profile Jedi during the Mandalorian Wars.</description>
		<meleeHitSound>kotorsound_blunt_hitshield</meleeHitSound>
		<soundInteract>Interact_ZeusHammer</soundInteract>
		<graphicData>
			<texPath>shockstaff_mando</texPath>
			<graphicClass>ModularWeapons.Graphic_Modular</graphicClass>
			<shaderType>TransparentPostLight</shaderType>
			<drawSize>1.5</drawSize>
		</graphicData>
		<equippedAngleOffset>-30</equippedAngleOffset>
		<techLevel>Spacer</techLevel>
		<weaponClasses><li>MeleeBlunt</li></weaponClasses>
		<statBases>
			<MarketValue>8200</MarketValue>
			<Mass>7.5</Mass>
		</statBases>
		<equippedStatOffsets>
		  <MeleeWeapon_DamageMultiplier>1.1</MeleeWeapon_DamageMultiplier>
		</equippedStatOffsets>
		<tools>
			<li>
				<label>handle</label>
				<capacities>
					<li>Blunt</li>
				</capacities>
				<!---->
				<power>6</power>
				<chanceFactor>0.1</chanceFactor>
				<cooldownTime>1.5</cooldownTime>
			</li>
			<li>
				<label>head</label>
				<capacities>
					<li>Blunt</li>
				</capacities>
				<!---->
				<power>16</power>
				<chanceFactor>2</chanceFactor>
				<cooldownTime>1.0</cooldownTime>
				<extraMeleeDamages>
				  <li>
					<def>Stun</def>
					<amount>4</amount>
				  </li>
				  <li>
					<def>guy762_MeleeDamage_electrical</def>
					<amount>10</amount>
				  </li>
				</extraMeleeDamages>
			</li>
			<li>
				<label>tip</label>
				<capacities>
				  <li>Poke</li>
				</capacities>
				<!---->
				<power>8</power>
				<chanceFactor>1</chanceFactor>
				<cooldownTime>2.4</cooldownTime>
				<extraMeleeDamages>
				  <li>
					<def>guy762_MeleeDamage_electrical</def>
					<amount>10</amount>
				  </li>
				</extraMeleeDamages>
			</li>
		</tools>
		<weaponTags Inherit="False">
			<li>MNC_marauder</li>
			<li>MNC_champion</li>
		</weaponTags>
		<tradeTags Inherit="False">
			<li>guy762TT_KotORMelee</li>
			<li>guy762TT_MNCWeapons</li>
		</tradeTags>
		<comps>
			<li Class="CompExtraSounds.CompProperties_ExtraSounds">
				<compClass>CompExtraSounds.CompExtraSounds</compClass>
				<soundMiss>kotorsound_blade_swing</soundMiss>
				<soundHitPawn>kotorsound_blunt_hitsoft</soundHitPawn>
				<soundHitBuilding>kotorsound_blunt_hithard</soundHitBuilding>
			</li>
			<li Class="ModularWeapons.CompProperties_ModularParts">
				<compClass>ModularWeapons.CompModularParts</compClass>
				<bundlePackageId>guy762.KotORWeaponsArmor</bundlePackageId>
				<partKinds>
					<li>guy762_slot_cell_estaff</li>
					<li>guy762_slot_alloy</li>
				</partKinds>
			</li>
		</comps>
	</ThingDef>
	
	<ThingDef ParentName="KotORMeleeModdable_TwoHand">
		<defName>guy762_electrostaff_gand</defName>
		<label>Gand Shockstaff</label>
		<description>The pinnacle of Gand technology, the discharger can both paralyze and slay opponents with ease. These potent items are extremely rare as they are highly coveted by the few Gand who have earned them.</description>
		<meleeHitSound>kotorsound_blunt_hitshield</meleeHitSound>
		<soundInteract>Interact_ZeusHammer</soundInteract>
		<graphicData>
			<texPath>shockstaff_gand</texPath>
			<graphicClass>ModularWeapons.Graphic_Modular</graphicClass>
			<shaderType>TransparentPostLight</shaderType>
			<drawSize>1.5</drawSize>
		</graphicData>
		<equippedAngleOffset>-30</equippedAngleOffset>
		<techLevel>Spacer</techLevel>
		<weaponClasses><li>MeleeBlunt</li></weaponClasses>
		<statBases>
			<MarketValue>16000</MarketValue>
			<Mass>7.5</Mass>
		</statBases>
		<equippedStatOffsets>
		  <MeleeHitChance>-0.1</MeleeHitChance>
		</equippedStatOffsets>
		<tools>
			<li>
				<label>handle</label>
				<capacities>
					<li>Blunt</li>
				</capacities>
				<!---->
				<power>6</power>
				<chanceFactor>0.1</chanceFactor>
				<cooldownTime>1.5</cooldownTime>
			</li>
			<li>
				<label>head</label>
				<capacities>
					<li>Blunt</li>
				</capacities>
				<!---->
				<power>16</power>
				<chanceFactor>2</chanceFactor>
				<cooldownTime>1.0</cooldownTime>
				<extraMeleeDamages>
				  <li>
					<def>Stun</def>
					<amount>14</amount>          <!--+10-->
				  </li>
				  <li>
					<def>guy762_MeleeDamage_electrical</def>
					<amount>10</amount>
				  </li>
				</extraMeleeDamages>
			</li>
			<li>
				<label>tip</label>
				<capacities>
				  <li>Poke</li>
				</capacities>
				<!---->
				<power>8</power>
				<chanceFactor>1</chanceFactor>
				<cooldownTime>2.4</cooldownTime>
				<extraMeleeDamages>
				  <li>
					<def>guy762_MeleeDamage_electrical</def>
					<amount>10</amount>
				  </li>
				</extraMeleeDamages>
			</li>
		</tools>
		<weaponTags Inherit="False">
			<li>SaV_gand</li>
		</weaponTags>
		<tradeTags Inherit="False">
			<li>guy762TT_KotORElite</li>
		</tradeTags>
		<comps>
			<li Class="CompExtraSounds.CompProperties_ExtraSounds">
				<compClass>CompExtraSounds.CompExtraSounds</compClass>
				<soundMiss>kotorsound_blade_swing</soundMiss>
				<soundHitPawn>kotorsound_blunt_hitsoft</soundHitPawn>
				<soundHitBuilding>kotorsound_blunt_hithard</soundHitBuilding>
			</li>
			<li Class="ModularWeapons.CompProperties_ModularParts">
				<compClass>ModularWeapons.CompModularParts</compClass>
				<bundlePackageId>guy762.KotORWeaponsArmor</bundlePackageId>
				<partKinds>
					<li>guy762_slot_cell_estaff</li>
					<li>guy762_slot_alloy</li>
				</partKinds>
			</li>
		</comps>
	</ThingDef>
	
	
	<ThingDef ParentName="KotORMeleeModdable_TwoHand">
		<defName>guy762_electrostaff_geonosian</defName>
		<label>Geonosian Electrostaff</label>
		<description>Geonosians are winged bipeds covered with protective bony plates. They are highly competitive and generally look down upon other species. Their electro-staves therefore only rarely find their way off of their homeworld of Geonosis.</description>
		<meleeHitSound>kotorsound_blunt_hitshield</meleeHitSound>
		<soundInteract>Interact_ZeusHammer</soundInteract>
		<graphicData>
			<texPath>shockstaff_geonosian</texPath>
			<graphicClass>ModularWeapons.Graphic_Modular</graphicClass>
			<shaderType>TransparentPostLight</shaderType>
			<drawSize>1.5</drawSize>
		</graphicData>
		<equippedAngleOffset>-30</equippedAngleOffset>
		<techLevel>Spacer</techLevel>
		<weaponClasses><li>MeleeBlunt</li></weaponClasses>
		<statBases>
			<MarketValue>20950</MarketValue>
			<Mass>7.5</Mass>
		</statBases>
		<equippedStatOffsets>
		  <MeleeHitChance>-0.2</MeleeHitChance>
		  <MeleeWeapon_DamageMultiplier>1.3</MeleeWeapon_DamageMultiplier>
		</equippedStatOffsets>
		<tools>
			<li>
				<label>handle</label>
				<capacities>
					<li>Blunt</li>
				</capacities>
				<!---->
				<power>6</power>
				<chanceFactor>0.1</chanceFactor>
				<cooldownTime>1.5</cooldownTime>
			</li>
			<li>
				<label>head</label>
				<capacities>
					<li>Blunt</li>
				</capacities>
				<!---->
				<power>16</power>
				<chanceFactor>2</chanceFactor>
				<cooldownTime>1.0</cooldownTime>
				<extraMeleeDamages>
				  <li>
					<def>Stun</def>
					<amount>4</amount>
				  </li>
				  <li>
					<def>guy762_MeleeDamage_electrical</def>
					<amount>10</amount>
				  </li>
				</extraMeleeDamages>
			</li>
			<li>
				<label>tip</label>
				<capacities>
				  <li>Poke</li>
				</capacities>
				<!---->
				<power>8</power>
				<chanceFactor>1</chanceFactor>
				<cooldownTime>2.4</cooldownTime>
				<extraMeleeDamages>
				  <li>
					<def>guy762_MeleeDamage_electrical</def>
					<amount>10</amount>
				  </li>
				</extraMeleeDamages>
			</li>
		</tools>
		<weaponTags Inherit="False">
			<li>MNC_champion</li>
			<li>SaV_geonosianmelee</li>
		</weaponTags>
		<tradeTags Inherit="False">
			<li>guy762TT_KotORElite</li>
		</tradeTags>
		<comps>
			<li Class="CompExtraSounds.CompProperties_ExtraSounds">
				<compClass>CompExtraSounds.CompExtraSounds</compClass>
				<soundMiss>kotorsound_blade_swing</soundMiss>
				<soundHitPawn>kotorsound_blunt_hitsoft</soundHitPawn>
				<soundHitBuilding>kotorsound_blunt_hithard</soundHitBuilding>
			</li>
			<li Class="ModularWeapons.CompProperties_ModularParts">
				<compClass>ModularWeapons.CompModularParts</compClass>
				<bundlePackageId>guy762.KotORWeaponsArmor</bundlePackageId>
				<partKinds>
					<li>guy762_slot_cell_estaff</li>
					<li>guy762_slot_alloy</li>
				</partKinds>
			</li>
		</comps>
	</ThingDef>
	
	
	
	
	
	
	
	


</Defs>