<?xml version="1.0" encoding="utf-8" ?>
<Defs>

	<ThingDef ParentName="KotORRangedMakeable_OneHand">
		<defName>guy762_microrepeater</defName>
		<label>micro-repeating blaster</label>
		<description>Repeating blasters of this size are strictly outlawed in just about every civilized part of the galaxy. It's not about the combat effectiveness, it's about the terror-inducing aspects.</description>
		<techLevel>Spacer</techLevel>
		<graphicData>
			<texPath>kotormicrorepeater</texPath>
			<graphicClass>Graphic_Single</graphicClass>
			<drawSize>0.8</drawSize>
		</graphicData>
		<soundInteract>kotorsound_select_slug</soundInteract>
		<statBases>
			<MarketValue>750</MarketValue>
			<WorkToMake>50000</WorkToMake>
			<Mass>4.0</Mass>
			<AccuracyTouch>0.50</AccuracyTouch>
			<AccuracyShort>0.40</AccuracyShort>
			<AccuracyMedium>0.20</AccuracyMedium>
			<AccuracyLong>0.10</AccuracyLong>
			<RangedWeapon_Cooldown>1.5</RangedWeapon_Cooldown>
			<RangedWeapon_DamageMultiplier>0.8</RangedWeapon_DamageMultiplier>
		</statBases>
		<recipeMaker>
			<researchPrerequisite>guy762_ResearchKotOR_blasters</researchPrerequisite>
			<skillRequirements>
				<Crafting>6</Crafting>
			</skillRequirements>
		</recipeMaker>
		<costList>
			<Plasteel>20</Plasteel>
			<Steel>5</Steel>
			<Chemfuel>25</Chemfuel>
			<ComponentSpacer>2</ComponentSpacer>
		</costList>
		<weaponTags>
			<li>SpacerGun</li>
			<li>KotORRanged_weak</li>
			<li>SaV_soldier</li>
			<li>SaV_smuggler</li>
			<li>CZ_officer</li>
			<li>EXC_agent</li>
		</weaponTags>
		<tradeTags Inherit="False">
			<li>guy762TT_KotORGeneric_rare</li>
			<li>guy762TT_KotORRanged</li>
		</tradeTags>
		<verbs>
			<li>
				<verbClass>Verb_Shoot</verbClass>
				<hasStandardCommand>true</hasStandardCommand>
				<defaultProjectile>KotORBlasterBolt_default</defaultProjectile>
				<warmupTime>1</warmupTime>
				<range>23</range>
				<ticksBetweenBurstShots>10</ticksBetweenBurstShots>
				<burstShotCount>6</burstShotCount>
				<soundCast>kotorsound_pistol</soundCast>
				<soundCastTail>GunTail_Medium</soundCastTail>
				<muzzleFlashScale>9</muzzleFlashScale>
			</li>
		</verbs>
		<tools>
			<li>
				<label>stock</label>
				<capacities>
					<li>Blunt</li>
				</capacities>
				<power>9</power>
				<cooldownTime>2</cooldownTime>
			</li>
			<li>
				<label>barrel</label>
				<capacities>
					<li>Blunt</li>
					<li>Poke</li>
				</capacities>
				<power>9</power>
				<cooldownTime>2</cooldownTime>
			</li>
		</tools>
		<thingSetMakerTags>
		  <li>RewardStandardLowFreq</li>
		  <li>RewardStandardQualitySuper</li>
		</thingSetMakerTags>
	</ThingDef>
	
	<ThingDef ParentName="KotORRangedModdable_OneHand">
		<defName>guy762_microrepeater_narshaddaa</defName>
		<label>Nar Shaddaa Grinder</label>
		<description>On the mean streets of Nar Shaddaa, a blaster like this can mean the difference between life and death.</description>
		<techLevel>Spacer</techLevel>
		<thingClass>ThingWithComps</thingClass>
		<graphicData>
			<texPath>kotormicrorepeater_narshaddaa</texPath>
			<graphicClass>ModularWeapons.Graphic_Modular</graphicClass>
			<drawSize>0.8</drawSize>
		</graphicData>
		<soundInteract>kotorsound_select_slug</soundInteract>
		<statBases>
			<MarketValue>1990</MarketValue>
			<Mass>4.0</Mass>
			<AccuracyTouch>0.50</AccuracyTouch>
			<AccuracyShort>0.40</AccuracyShort>
			<AccuracyMedium>0.20</AccuracyMedium>
			<AccuracyLong>0.10</AccuracyLong>
			<RangedWeapon_Cooldown>1.5</RangedWeapon_Cooldown>
			<RangedWeapon_DamageMultiplier>0.8</RangedWeapon_DamageMultiplier>
		</statBases>
		<weaponTags>
			<li>EXC_hitman</li>
			<li>SaV_soldier</li>
			<li>SaV_merc</li>
			<li>SaV_smuggler</li>
			<li>HC_elite</li>
		</weaponTags>
		<tradeTags Inherit="False">
			<li>guy762TT_KotORRanged</li>
		</tradeTags>
		<verbs>
			<li>
				<verbClass>Verb_Shoot</verbClass>
				<hasStandardCommand>true</hasStandardCommand>
				<defaultProjectile>KotORBlasterBolt_default</defaultProjectile>
				<warmupTime>1</warmupTime>
				<range>23</range>
				<ticksBetweenBurstShots>10</ticksBetweenBurstShots>
				<burstShotCount>6</burstShotCount>
				<soundCast>kotorsound_pistol</soundCast>
				<soundCastTail>GunTail_Medium</soundCastTail>
				<muzzleFlashScale>9</muzzleFlashScale>
			</li>
		</verbs>
		<tools>
			<li>
				<label>stock</label>
				<capacities>
					<li>Blunt</li>
				</capacities>
				<power>9</power>
				<cooldownTime>2</cooldownTime>
			</li>
			<li>
				<label>barrel</label>
				<capacities>
					<li>Blunt</li>
					<li>Poke</li>
				</capacities>
				<power>9</power>
				<cooldownTime>2</cooldownTime>
			</li>
		</tools>
		<comps>
			<li Class="ModularWeapons.CompProperties_ModularParts">
				<compClass>ModularWeapons.CompModularParts</compClass>
				<bundlePackageId>guy762.KotORWeaponsArmor</bundlePackageId>
				<partKinds>
					<li>guy762_slot_trigger_lgtrep</li>
				</partKinds>
			</li>
		</comps>
	</ThingDef>
	
	
	
	
	<!--damage tier +1-->
	
	
	
	<ThingDef ParentName="KotORRangedModdable_OneHand">
		<defName>guy762_microrepeater_mando</defName>
		<label>Mandalorian Micro-Repeater</label>
		<description>The preferred weapon of Mandalorian front-line troops, this compact blaster has the firepower and spread necessary to make an absolute mess of a tight trench or an enclosed room, with little care to who gets caught in the crossfire.</description>
		<techLevel>Spacer</techLevel>
		<thingClass>ThingWithComps</thingClass>
		<graphicData>
			<texPath>kotormicrorepeater_mando</texPath>
			<graphicClass>ModularWeapons.Graphic_Modular</graphicClass>
			<drawSize>0.8</drawSize>
		</graphicData>
		<soundInteract>kotorsound_select_slug</soundInteract>
		<statBases>
			<MarketValue>2648</MarketValue>
			<Mass>4.0</Mass>
			<AccuracyTouch>0.50</AccuracyTouch>
			<AccuracyShort>0.40</AccuracyShort>
			<AccuracyMedium>0.20</AccuracyMedium>
			<AccuracyLong>0.10</AccuracyLong>
			<RangedWeapon_Cooldown>1.5</RangedWeapon_Cooldown>
			<RangedWeapon_DamageMultiplier>0.9</RangedWeapon_DamageMultiplier>
		</statBases>
		<weaponTags>
			<li>MNC_trooper</li>
		</weaponTags>
		<tradeTags Inherit="False">
			<li>guy762TT_KotORRanged</li>
			<li>guy762TT_MNCWeapons</li>
		</tradeTags>
		<verbs>
			<li>
				<verbClass>Verb_Shoot</verbClass>
				<hasStandardCommand>true</hasStandardCommand>
				<defaultProjectile>KotORBlasterBolt_default</defaultProjectile>
				<warmupTime>1</warmupTime>
				<range>23</range>
				<ticksBetweenBurstShots>10</ticksBetweenBurstShots>
				<burstShotCount>6</burstShotCount>
				<soundCast>kotorsound_pistol</soundCast>
				<soundCastTail>GunTail_Medium</soundCastTail>
				<muzzleFlashScale>9</muzzleFlashScale>
			</li>
		</verbs>
		<tools>
			<li>
				<label>stock</label>
				<capacities>
					<li>Blunt</li>
				</capacities>
				<power>9</power>
				<cooldownTime>2</cooldownTime>
			</li>
			<li>
				<label>barrel</label>
				<capacities>
					<li>Blunt</li>
					<li>Poke</li>
				</capacities>
				<power>9</power>
				<cooldownTime>2</cooldownTime>
			</li>
		</tools>
		<comps>
			<li Class="ModularWeapons.CompProperties_ModularParts">
				<compClass>ModularWeapons.CompModularParts</compClass>
				<bundlePackageId>guy762.KotORWeaponsArmor</bundlePackageId>
				<partKinds>
					<li>guy762_slot_chamber</li>
					<li>guy762_slot_trigger_lgtrep</li>
				</partKinds>
			</li>
		</comps>
	</ThingDef>
	
	
	
	
	
	<!--damage tier +2-->
	
	
	
	
	<ThingDef ParentName="KotORRangedModdable_OneHand">
		<defName>guy762_microrepeater_trandoshan</defName>
		<label>Trandoshan Chopper</label>
		<description>Manufactured by Arakyd Industries specifically for Trandoshan special forces mercenaries, this lightweight repeater is a must-have for close-quarters combat.</description>
		<techLevel>Spacer</techLevel>
		<thingClass>ThingWithComps</thingClass>
		<graphicData>
			<texPath>kotormicrorepeater_trandoshan</texPath>
			<graphicClass>ModularWeapons.Graphic_Modular</graphicClass>
			<drawSize>0.8</drawSize>
		</graphicData>
		<soundInteract>kotorsound_select_slug</soundInteract>
		<statBases>
			<MarketValue>3800</MarketValue>
			<Mass>4.0</Mass>
			<AccuracyTouch>0.55</AccuracyTouch>
			<AccuracyShort>0.45</AccuracyShort>
			<AccuracyMedium>0.25</AccuracyMedium>
			<AccuracyLong>0.15</AccuracyLong>
			<RangedWeapon_Cooldown>1.5</RangedWeapon_Cooldown>
			<RangedWeapon_DamageMultiplier>1</RangedWeapon_DamageMultiplier>
		</statBases>
		<weaponTags>
			<li>SaV_trandoshan</li>
			<li>SaV_trando_merc</li>
		</weaponTags>
		<tradeTags Inherit="False">
			<li>guy762TT_KotORRanged</li>
		</tradeTags>
		<verbs>
			<li>
				<verbClass>Verb_Shoot</verbClass>
				<hasStandardCommand>true</hasStandardCommand>
				<defaultProjectile>KotORBlasterBolt_default</defaultProjectile>
				<warmupTime>1</warmupTime>
				<range>23</range>
				<ticksBetweenBurstShots>10</ticksBetweenBurstShots>
				<burstShotCount>6</burstShotCount>
				<soundCast>kotorsound_pistol</soundCast>
				<soundCastTail>GunTail_Medium</soundCastTail>
				<muzzleFlashScale>9</muzzleFlashScale>
			</li>
		</verbs>
		<tools>
			<li>
				<label>stock</label>
				<capacities>
					<li>Blunt</li>
				</capacities>
				<power>9</power>
				<cooldownTime>2</cooldownTime>
			</li>
			<li>
				<label>barrel</label>
				<capacities>
					<li>Blunt</li>
					<li>Poke</li>
				</capacities>
				<power>9</power>
				<cooldownTime>2</cooldownTime>
			</li>
		</tools>
		<comps>
			<li Class="ModularWeapons.CompProperties_ModularParts">
				<compClass>ModularWeapons.CompModularParts</compClass>
				<bundlePackageId>guy762.KotORWeaponsArmor</bundlePackageId>
				<partKinds>
					<li>guy762_slot_scope</li>
					<li>guy762_slot_chamber</li>
				</partKinds>
			</li>
		</comps>
	</ThingDef>
	
	
	
	
	

</Defs>