<?xml version="1.0" encoding="utf-8" ?>
<Defs>

	<ThingDef ParentName="KotORMeleeMakeable_OneHand">
		<defName>guy762_vsword</defName>
		<label>Vibrosword</label>
		<description>Ultrasonic generators power this Echani-developed weapon design. A rare cortosis weave that protects against sparring damage ensures that traditional swordplay will endure in the time of lightsabers.</description>
		<soundInteract>kotorsound_swordinteract</soundInteract>
		<meleeHitSound>kotorsound_blade_hitsoft</meleeHitSound>
		<graphicData>
			<texPath>Weapons/Melee_Sovereign/vibrosword</texPath>
			<graphicClass>Graphic_Single</graphicClass>
			<shaderType>Cutout</shaderType>
			<drawSize>1.1</drawSize>
		</graphicData>
		<equippedAngleOffset>-35</equippedAngleOffset>
		<techLevel>Spacer</techLevel>
		<weaponClasses><li>MeleePiercer</li></weaponClasses>
		<statBases>
			<MarketValue>285</MarketValue>
			<WorkToMake>8000</WorkToMake>
			<Mass>5</Mass>
		</statBases>
		<recipeMaker>
			<researchPrerequisite>guy762_ResearchKotOR_vibroweapons</researchPrerequisite>
			<skillRequirements>
				<Crafting>6</Crafting>
			</skillRequirements>
		</recipeMaker>
		<costList>
			<Steel>45</Steel>
			<ComponentSpacer>4</ComponentSpacer>
		</costList>
		<comps>
		  <li Class="CompExtraSounds.CompProperties_ExtraSounds">
			<compClass>CompExtraSounds.CompExtraSounds</compClass>
			<soundMiss>kotorsound_blade_swing</soundMiss>
			<soundHitPawn>kotorsound_blade_hitsoft</soundHitPawn>
			<soundHitBuilding>kotorsound_blade_hithard</soundHitBuilding>
		  </li>
		</comps>
		<tools>
			<li>
				<label>handle</label>
				<capacities>
					<li>Blunt</li>
				</capacities>
				<!---->
				<power>8</power>
				<chanceFactor>0.05</chanceFactor>
				<cooldownTime>3</cooldownTime>
			</li>
			<li>
				<label>point</label>
				<capacities>
					<li>Stab</li>
				</capacities>
				<!---->
				<power>20</power>
				<armorPenetration>0.25</armorPenetration>
				<chanceFactor>0.75</chanceFactor>
				<cooldownTime>2.4</cooldownTime>
			</li>
			<li>
				<label>edge</label>
				<capacities>
					<li>Cut</li>
				</capacities>
				<!---->
				<power>24</power>
				<armorPenetration>0.25</armorPenetration>
				<chanceFactor>1.25</chanceFactor>
				<cooldownTime>2.4</cooldownTime>
			</li>
		</tools>
		<weaponTags Inherit="False">
			<li>Vibroweapon</li>
			<li>KotORMelee_mid</li>
			<li>SaV_mercslasher</li>
			<li>SaV_trando_grunt</li>
			<li>SaV_trando_merc</li>
			<li>HC_enforcer</li>
			<li>SE_slasher</li>
		</weaponTags>
		<tradeTags Inherit="False">
			<li>guy762TT_KotORMelee</li>
			<li>guy762TT_KotORGeneric_adv</li>
		</tradeTags>
		<thingSetMakerTags>
		  <li>RewardStandardLowFreq</li>
		  <li>RewardStandardQualitySuper</li>
		</thingSetMakerTags>
	</ThingDef>
	
	<ThingDef ParentName="KotORMeleeModdable_OneHand">
		<defName>guy762_vsword_krath</defName>
		<label>Krath Dire Sword</label>
		<description>This was a weapon of distinction in the time of the Krath. Protected against lightsaber sparring damage, Sith would grant these cortosis-laced blades to only the most loyal underlings.</description>
		<soundInteract>kotorsound_swordinteract</soundInteract>
		<meleeHitSound>kotorsound_blade_hitsoft</meleeHitSound>
		<graphicData>
			<texPath>vibrosword_krath</texPath>
			<graphicClass>ModularWeapons.Graphic_Modular</graphicClass>
			<drawSize>1.1</drawSize>
		</graphicData>
		<equippedAngleOffset>-35</equippedAngleOffset>
		<techLevel>Spacer</techLevel>
		<weaponClasses><li>MeleePiercer</li></weaponClasses>
		<statBases>
			<MarketValue>980</MarketValue>
			<Mass>5</Mass>
		</statBases>
		<equippedStatOffsets>
		  <MeleeHitChance>0.1</MeleeHitChance>
		  <MeleeWeapon_DamageMultiplier>1.1</MeleeWeapon_DamageMultiplier>
		</equippedStatOffsets>
		<tools>
			<li>
				<label>handle</label>
				<capacities>
					<li>Blunt</li>
				</capacities>
				<!---->
				<power>8</power>
				<chanceFactor>0.05</chanceFactor>
				<cooldownTime>3</cooldownTime>
			</li>
			<li>
				<label>point</label>
				<capacities>
					<li>Stab</li>
				</capacities>
				<!---->
				<power>20</power>
				<armorPenetration>0.25</armorPenetration>
				<chanceFactor>0.75</chanceFactor>
				<cooldownTime>2.4</cooldownTime>
			</li>
			<li>
				<label>edge</label>
				<capacities>
					<li>Cut</li>
				</capacities>
				<!---->
				<power>24</power>
				<armorPenetration>0.25</armorPenetration>
				<chanceFactor>1.25</chanceFactor>
				<cooldownTime>2.4</cooldownTime>
			</li>
		</tools>
		<weaponTags Inherit="False">
			<li>KotORMelee_mid</li>
			<li>MNC_marauder</li>
			<li>SE_slasher</li>
		</weaponTags>
		<tradeTags Inherit="False">
			<li>guy762TT_KotORMelee</li>
			<li>guy762TT_SEWeapons</li>
			<li>guy762TT_KotORAntique</li>
		</tradeTags>
		<comps>
			<li Class="CompExtraSounds.CompProperties_ExtraSounds">
				<compClass>CompExtraSounds.CompExtraSounds</compClass>
				<soundMiss>kotorsound_blade_swing</soundMiss>
				<soundHitPawn>kotorsound_blade_hitsoft</soundHitPawn>
				<soundHitBuilding>kotorsound_blade_hithard</soundHitBuilding>
			</li>
			<li Class="ModularWeapons.CompProperties_ModularParts">
				<compClass>ModularWeapons.CompModularParts</compClass>
				<bundlePackageId>guy762.KotORWeaponsArmor</bundlePackageId>
				<partKinds>
					<li>guy762_slot_edge</li>
					<li>guy762_slot_cell_vsword</li>
					<li>guy762_slot_grip</li>
				</partKinds>
			</li>
		</comps>
	</ThingDef>
	
	<ThingDef ParentName="KotORMeleeModdable_OneHand">
		<defName>guy762_vsword_sith</defName>
		<label>Sith Tremor Sword</label>
		<description>Traced to the Bladeborn, a Sith offshoot dedicated to sword mastery, these cortosis-laced weapons were given to "masterblades" who survived no less than ten lightsaber-wielding warriors in combat.</description>
		<soundInteract>kotorsound_swordinteract</soundInteract>
		<meleeHitSound>kotorsound_blade_hitsoft</meleeHitSound>
		<graphicData>
			<texPath>vibrosword_sith</texPath>
			<graphicClass>ModularWeapons.Graphic_Modular</graphicClass>
			<drawSize>1.1</drawSize>
		</graphicData>
		<equippedAngleOffset>-35</equippedAngleOffset>
		<techLevel>Spacer</techLevel>
		<weaponClasses><li>MeleePiercer</li></weaponClasses>
		<statBases>
			<MarketValue>1750</MarketValue>
			<Mass>5</Mass>
		</statBases>
		<equippedStatOffsets>
		  <MeleeHitChance>0.2</MeleeHitChance>
		  <MeleeWeapon_DamageMultiplier>1.2</MeleeWeapon_DamageMultiplier>
		</equippedStatOffsets>
		<tools>
			<li>
				<label>handle</label>
				<capacities>
					<li>Blunt</li>
				</capacities>
				<!---->
				<power>8</power>
				<chanceFactor>0.05</chanceFactor>
				<cooldownTime>3</cooldownTime>
			</li>
			<li>
				<label>point</label>
				<capacities>
					<li>Stab</li>
				</capacities>
				<!---->
				<power>20</power>
				<armorPenetration>0.25</armorPenetration>
				<chanceFactor>0.75</chanceFactor>
				<cooldownTime>2.4</cooldownTime>
				<extraMeleeDamages>
				  <li>
					<def>guy762_MeleeDamage_sonic</def>
					<amount>3</amount>
				  </li>
				</extraMeleeDamages>
			</li>
			<li>
				<label>edge</label>
				<capacities>
					<li>Cut</li>
				</capacities>
				<!---->
				<power>24</power>
				<armorPenetration>0.25</armorPenetration>
				<chanceFactor>1.25</chanceFactor>
				<cooldownTime>2.4</cooldownTime>
				<extraMeleeDamages>
				  <li>
					<def>guy762_MeleeDamage_sonic</def>
					<amount>3</amount>
				  </li>
				</extraMeleeDamages>
			</li>
		</tools>
		<weaponTags Inherit="False">
			<li>SE_melee</li>
		</weaponTags>
		<tradeTags Inherit="False">
			<li>guy762TT_KotORMelee</li>
			<li>guy762TT_SEWeapons</li>
		</tradeTags>
		<comps>
			<li Class="CompExtraSounds.CompProperties_ExtraSounds">
				<compClass>CompExtraSounds.CompExtraSounds</compClass>
				<soundMiss>kotorsound_blade_swing</soundMiss>
				<soundHitPawn>kotorsound_blade_hitsoft</soundHitPawn>
				<soundHitBuilding>kotorsound_blade_hithard</soundHitBuilding>
			</li>
			<li Class="ModularWeapons.CompProperties_ModularParts">
				<compClass>ModularWeapons.CompModularParts</compClass>
				<bundlePackageId>guy762.KotORWeaponsArmor</bundlePackageId>
				<partKinds>
					<li>guy762_slot_edge</li>
					<li>guy762_slot_cell_vsword</li>
					<li>guy762_slot_grip</li>
				</partKinds>
			</li>
		</comps>
	</ThingDef>
	
	<ThingDef ParentName="KotORMeleeModdable_OneHand">
		<defName>guy762_vsword_echani</defName>
		<label>Echani Foil</label>
		<description>These swords were crafted to honor Raskta Fenni, the best Echani duelist of her time. Many were sold, but imperfections in the difficult lightsaber-deflecting cortosis weave caused few to survive.</description>
		<soundInteract>kotorsound_swordinteract</soundInteract>
		<meleeHitSound>kotorsound_blade_hitsoft</meleeHitSound>
		<graphicData>
			<texPath>vibrosword_echani</texPath>
			<graphicClass>ModularWeapons.Graphic_Modular</graphicClass>
			<drawSize>1.1</drawSize>
		</graphicData>
		<equippedAngleOffset>-35</equippedAngleOffset>
		<techLevel>Spacer</techLevel>
		<weaponClasses><li>MeleePiercer</li></weaponClasses>
		<statBases>
			<MarketValue>3750</MarketValue>
			<Mass>5</Mass>
		</statBases>
		<equippedStatOffsets>
		  <MeleeHitChance>0.3</MeleeHitChance>
		  <MeleeWeapon_DamageMultiplier>1.3</MeleeWeapon_DamageMultiplier>
		</equippedStatOffsets>
		<tools>
			<li>
				<label>handle</label>
				<capacities>
					<li>Blunt</li>
				</capacities>
				<!---->
				<power>8</power>
				<chanceFactor>0.05</chanceFactor>
				<cooldownTime>3</cooldownTime>
			</li>
			<li>
				<label>point</label>
				<capacities>
					<li>Stab</li>
				</capacities>
				<!---->
				<power>20</power>
				<armorPenetration>0.25</armorPenetration>
				<chanceFactor>0.75</chanceFactor>
				<cooldownTime>2.4</cooldownTime>
			</li>
			<li>
				<label>edge</label>
				<capacities>
					<li>Cut</li>
				</capacities>
				<!---->
				<power>24</power>
				<armorPenetration>0.25</armorPenetration>
				<chanceFactor>1.25</chanceFactor>
				<cooldownTime>2.4</cooldownTime>
			</li>
		</tools>
		<weaponTags Inherit="False">
			<li>KotORMelee_strong</li>
			<li>SaV_elite</li>
			<li>SaV_echani</li>
		</weaponTags>
		<tradeTags Inherit="False">
			<li>guy762TT_KotORMelee</li>
			<li>guy762TT_KotORAntique</li>
		</tradeTags>
		<thingSetMakerTags>
		  <li>RewardStandardHighFreq</li>
		</thingSetMakerTags>
		<comps>
			<li Class="CompExtraSounds.CompProperties_ExtraSounds">
				<compClass>CompExtraSounds.CompExtraSounds</compClass>
				<soundMiss>kotorsound_blade_swing</soundMiss>
				<soundHitPawn>kotorsound_blade_hitsoft</soundHitPawn>
				<soundHitBuilding>kotorsound_blade_hithard</soundHitBuilding>
			</li>
			<li Class="ModularWeapons.CompProperties_ModularParts">
				<compClass>ModularWeapons.CompModularParts</compClass>
				<bundlePackageId>guy762.KotORWeaponsArmor</bundlePackageId>
				<partKinds>
					<li>guy762_slot_edge</li>
					<li>guy762_slot_cell_vsword</li>
					<li>guy762_slot_grip</li>
				</partKinds>
			</li>
		</comps>
	</ThingDef>
	
	<ThingDef ParentName="KotORMeleeWeapon_OneHand">
		<defName>guy762_vsword_exchange</defName>
		<label>Exchange Poison Blade</label>
		<description>Forged by the Exchange for the exclusive use of their agents, this deadly assassin's blade contains a cannister that emits small doses of poison with each successful hit on an opponent.</description>
		<soundInteract>kotorsound_swordinteract</soundInteract>
		<meleeHitSound>kotorsound_blade_hitsoft</meleeHitSound>
		<graphicData>
			<texPath>Weapons/Melee_Sovereign/vibrosword_exchange</texPath>
			<graphicClass>Graphic_Single</graphicClass>
			<shaderType>Cutout</shaderType>
			<drawSize>1.1</drawSize>
		</graphicData>
		<equippedAngleOffset>-35</equippedAngleOffset>
		<techLevel>Spacer</techLevel>
		<weaponClasses><li>MeleePiercer</li></weaponClasses>
		<statBases>
			<MarketValue>2250</MarketValue>
			<Mass>5</Mass>
		</statBases>
		<equippedStatOffsets>
		  <MeleeHitChance>0.3</MeleeHitChance>
		  <MeleeWeapon_DamageMultiplier>1.3</MeleeWeapon_DamageMultiplier>
		</equippedStatOffsets>
		<tools>
			<li>
				<label>handle</label>
				<capacities>
					<li>Blunt</li>
				</capacities>
				<!---->
				<power>8</power>
				<chanceFactor>0.05</chanceFactor>
				<cooldownTime>3</cooldownTime>
			</li>
			<li>
				<label>point</label>
				<capacities>
					<li>Stab</li>
				</capacities>
				<!---->
				<power>20</power>
				<armorPenetration>0.25</armorPenetration>
				<chanceFactor>0.75</chanceFactor>
				<cooldownTime>2.4</cooldownTime>
				<extraMeleeDamages>
				  <li>
					<def>ScratchToxic</def>
					<amount>15</amount>
				  </li>
				</extraMeleeDamages>
			</li>
			<li>
				<label>edge</label>
				<capacities>
					<li>Cut</li>
				</capacities>
				<!---->
				<power>24</power>
				<armorPenetration>0.25</armorPenetration>
				<chanceFactor>1.25</chanceFactor>
				<cooldownTime>2.4</cooldownTime>
				<extraMeleeDamages>
				  <li>
					<def>ScratchToxic</def>
					<amount>15</amount>
				  </li>
				</extraMeleeDamages>
			</li>
		</tools>
		<weaponTags Inherit="False">
			<li>EXC_hitman</li>
		</weaponTags>
		<tradeTags Inherit="False">
			<li>guy762TT_KotORElite</li>
		</tradeTags>
		<comps>
			<li Class="CompExtraSounds.CompProperties_ExtraSounds">
				<compClass>CompExtraSounds.CompExtraSounds</compClass>
				<soundMiss>kotorsound_blade_swing</soundMiss>
				<soundHitPawn>kotorsound_blade_hitsoft</soundHitPawn>
				<soundHitBuilding>kotorsound_blade_hithard</soundHitBuilding>
			</li>
		</comps>
	</ThingDef>
	
	<ThingDef ParentName="KotORMeleeModdable_OneHand">
		<defName>guy762_vsword_baragwin</defName>
		<label>Baragwin Assault Blade</label>
		<description>This advanced vibrosword is a miracle of miniaturization technology. Not only does it deliver increased functionality over a normal vibrosword, it also has capacitors which discharge upon contact with a target. Extra space within the blade can be utilized by a variety of common upgrade modules.</description>
		<soundInteract>kotorsound_swordinteract</soundInteract>
		<meleeHitSound>kotorsound_blade_hitsoft</meleeHitSound>
		<graphicData>
			<texPath>vibrosword_baragwin</texPath>
			<graphicClass>ModularWeapons.Graphic_Modular</graphicClass>
			<drawSize>1.1</drawSize>
		</graphicData>
		<equippedAngleOffset>-35</equippedAngleOffset>
		<techLevel>Spacer</techLevel>
		<weaponClasses><li>MeleePiercer</li></weaponClasses>
		<statBases>
			<MarketValue>9000</MarketValue>
			<Mass>5</Mass>
		</statBases>
		<equippedStatOffsets>
		  <MeleeHitChance>0.2</MeleeHitChance>
		</equippedStatOffsets>
		<tools>
			<li>
				<label>handle</label>
				<capacities>
					<li>Blunt</li>
				</capacities>
				<!---->
				<power>8</power>
				<chanceFactor>0.05</chanceFactor>
				<cooldownTime>3</cooldownTime>
			</li>
			<li>
				<label>point</label>
				<capacities>
					<li>Stab</li>
				</capacities>
				<!---->
				<power>20</power>
				<armorPenetration>0.25</armorPenetration>
				<chanceFactor>0.75</chanceFactor>
				<cooldownTime>2.4</cooldownTime>
				<extraMeleeDamages>
				  <li>
					<def>guy762_MeleeDamage_energy</def>
					<amount>12</amount>
				  </li>
				</extraMeleeDamages>
			</li>
			<li>
				<label>edge</label>
				<capacities>
					<li>Cut</li>
				</capacities>
				<!---->
				<power>24</power>
				<armorPenetration>0.25</armorPenetration>
				<chanceFactor>1.25</chanceFactor>
				<cooldownTime>2.4</cooldownTime>
				<extraMeleeDamages>
				  <li>
					<def>guy762_MeleeDamage_energy</def>
					<amount>12</amount>
				  </li>
				</extraMeleeDamages>
			</li>
		</tools>
		<weaponTags Inherit="False">
			<li>KotORMelee_strong</li>
			<li>SaV_elite</li>
			<li>SaV_wookieebrawler</li>
		</weaponTags>
		<tradeTags Inherit="False">
			<li>guy762TT_KotORMelee</li>
			<li>guy762TT_Baragwin</li>
		</tradeTags>
		<comps>
			<li Class="CompExtraSounds.CompProperties_ExtraSounds">
				<compClass>CompExtraSounds.CompExtraSounds</compClass>
				<soundMiss>kotorsound_blade_swing</soundMiss>
				<soundHitPawn>kotorsound_blade_hitsoft</soundHitPawn>
				<soundHitBuilding>kotorsound_blade_hithard</soundHitBuilding>
			</li>
			<li Class="ModularWeapons.CompProperties_ModularParts">
				<compClass>ModularWeapons.CompModularParts</compClass>
				<bundlePackageId>guy762.KotORWeaponsArmor</bundlePackageId>
				<partKinds>
					<li>guy762_slot_edge</li>
					<li>guy762_slot_cell_vsword</li>
					<li>guy762_slot_grip</li>
				</partKinds>
			</li>
		</comps>
	</ThingDef>
	
		
	<!--legendaries-->
	
	
	<ThingDef ParentName="KotORMeleeModdable_OneHand">
		<defName>guy762_vsword_bacca</defName>
		<label>Bacca's Ceremonial Blade</label>
		<description>The great Bacca was hunting the Shadowlands ages ago when an alien ship crashed through the forest. He saw that first contact as a warning of the destruction outsiders could bring. Made from the debris, this sword is a reminder for his people that trust must be given cautiously, and only to those who have earned it.</description>
		<soundInteract>kotorsound_swordinteract</soundInteract>
		<meleeHitSound>kotorsound_blade_hitsoft</meleeHitSound>
		<graphicData>
			<texPath>vibrosword_bacca</texPath>
			<graphicClass>ModularWeapons.Graphic_Modular</graphicClass>
			<drawSize>1.75</drawSize>
		</graphicData>
		<equippedAngleOffset>-35</equippedAngleOffset>
		<techLevel>Spacer</techLevel>
		<weaponClasses><li>MeleePiercer</li></weaponClasses>
		<statBases>
			<MarketValue>24800</MarketValue>
			<Mass>5</Mass>
		</statBases>
		<equippedStatOffsets>
		  <MeleeHitChance>0.2</MeleeHitChance>
		  <MeleeWeapon_DamageMultiplier>1.2</MeleeWeapon_DamageMultiplier>
		</equippedStatOffsets>
		<tools>
			<li>
				<label>handle</label>
				<capacities>
					<li>Blunt</li>
				</capacities>
				<!---->
				<power>8</power>
				<chanceFactor>0.05</chanceFactor>
				<cooldownTime>3</cooldownTime>
			</li>
			<li>
				<label>point</label>
				<capacities>
					<li>Stab</li>
				</capacities>
				<!---->
				<power>20</power>
				<armorPenetration>0.25</armorPenetration>
				<chanceFactor>0.75</chanceFactor>
				<cooldownTime>2.4</cooldownTime>
				<extraMeleeDamages>
				  <li>
					<def>guy762_MeleeDamage_energy</def>
					<amount>5</amount>
				  </li>
				</extraMeleeDamages>
			</li>
			<li>
				<label>edge</label>
				<capacities>
					<li>Cut</li>
				</capacities>
				<!---->
				<power>24</power>
				<armorPenetration>0.25</armorPenetration>
				<chanceFactor>1.25</chanceFactor>
				<cooldownTime>2.4</cooldownTime>
				<extraMeleeDamages>
				  <li>
					<def>guy762_MeleeDamage_energy</def>
					<amount>5</amount>
				  </li>
				</extraMeleeDamages>
			</li>
		</tools>
		<weaponTags Inherit="False">
			<li>KotORMelee_legendary</li>
		</weaponTags>
		<tradeTags Inherit="False">
			<li>guy762TT_KotORLegendary</li>
		</tradeTags>
		<comps>
			<li Class="CompExtraSounds.CompProperties_ExtraSounds">
				<compClass>CompExtraSounds.CompExtraSounds</compClass>
				<soundMiss>kotorsound_blade_swing</soundMiss>
				<soundHitPawn>kotorsound_blade_hitsoft</soundHitPawn>
				<soundHitBuilding>kotorsound_blade_hithard</soundHitBuilding>
			</li>
			<li Class="ModularWeapons.CompProperties_ModularParts">
				<compClass>ModularWeapons.CompModularParts</compClass>
				<bundlePackageId>guy762.KotORWeaponsArmor</bundlePackageId>
				<partKinds>
					<li>guy762_slot_edge</li>
					<li>guy762_slot_cell_vsword</li>
					<li>guy762_slot_grip</li>
					<li>guy762_slot_alloy</li>
				</partKinds>
			</li>
		</comps>
	</ThingDef>

</Defs>