﻿<?xml version="1.0" encoding="utf-8"?>
<Defs>

	<!-- ~~~~~~~~~~~~~~~~~~~~~~~~~~~~~~~~~~~~~~~~~~~~~~~~~~~~~~~~~~~~~~~~~~~~~~~~~~~~~~~~~
	     ATTENTION: the spawnable saber defs have been moved to the AdditionalMods folder!
		 ~~~~~~~~~~~~~~~~~~~~~~~~~~~~~~~~~~~~~~~~~~~~~~~~~~~~~~~~~~~~~~~~~~~~~~~~~~~~~~~~~ -->



  
  
  <ThingDef Name="guy762_kotorshortsaber" ParentName="KotORMeleeModdable_OffHand" Abstract="True">
    <defName>guy762_kotorshortsaber</defName>
    <label>short lightsaber</label>
    <description>Lightsabers can come in shorter styles, often used in the off hand during two-weapon fighting. As in larger versions, different focusing crystals can produce additional effects.</description>
    <graphicData>
      <texPath>kotorshortsaber_default</texPath>
      <graphicClass>ModularWeapons.Graphic_Modular</graphicClass>
      <onGroundRandomRotateAngle>35</onGroundRandomRotateAngle>
	  <shaderType>TransparentPostLight</shaderType>
    </graphicData>
    <tickerType>Normal</tickerType>
    <soundInteract>kotorsound_lightsaber_on</soundInteract>
	<soundDrop>kotorsound_lightsaber_off</soundDrop>
	<thingCategories Inherit="False">
		<li>guy762_lightsaber</li>
	</thingCategories>
    <statBases>
      <MarketValue>9000</MarketValue>
      <MaxHitPoints>200</MaxHitPoints>
      <Mass>3.5</Mass>
      <DeteriorationRate>0.025</DeteriorationRate>
    </statBases>
    <equippedAngleOffset>-35</equippedAngleOffset>
	<equippedStatOffsets>
	  <PsychicSensitivity>0.1</PsychicSensitivity>
	  <MeditationFocusGain>0.25</MeditationFocusGain>
	</equippedStatOffsets>
	
	<!--recipeMaker>
	  <researchPrerequisite>guy762_ResearchKotOR_dualsabers</researchPrerequisite>
	  <skillRequirements>
		<Crafting>12</Crafting>
	  </skillRequirements>
	</recipeMaker>
	<costList>
		<Plasteel>20</Plasteel>
		<Steel>15</Steel>
		<Gold>35</Gold>
		<Jade>5</Jade>
		<Uranium>10</Uranium>
		<ComponentSpacer>12</ComponentSpacer>
	</costList-->
	
	<weaponTags Inherit="False">
		<li>KotORLightsaber</li>
	</weaponTags>
	<tradeTags Inherit="False">
		<li>guy762TT_KotORLegendary</li>
		<li>guy762TT_KotORLightsaber</li>
	</tradeTags>
	<relicChance>3</relicChance>
    <comps>
      <li Class="CompExtraSounds.CompProperties_ExtraSounds">
        <compClass>CompExtraSounds.CompExtraSounds</compClass>
        <soundHitPawn>kotorsound_lightsaber_hitsoft</soundHitPawn>
        <soundHitBuilding>kotorsound_lightsaber_hithard</soundHitBuilding>
      </li>
	  <li Class="CompDeflector.CompProperties_Deflector">
        <baseDeflectChance>0.1</baseDeflectChance>
        <useManipulationInCalc>true</useManipulationInCalc>
        <useSkillInCalc>true</useSkillInCalc>
        <deflectSound>kotorsound_lightsaber_deflect</deflectSound>
        <deflectSkill>Melee</deflectSkill>
        <deflectRatePerSkillPoint>0.02</deflectRatePerSkillPoint>
        <canReflect>true</canReflect>
        <reflectSkill>Melee</reflectSkill>
        <reflectRatePerSkillPoint>0.01</reflectRatePerSkillPoint>
        <DeflectVerb Class="VerbProperties">
          <verbClass>Verb_Shoot</verbClass>
          <hasStandardCommand>true</hasStandardCommand>
          <defaultProjectile>BulletDeflected</defaultProjectile>
          <warmupTime>0</warmupTime>
          <range>24</range>
          <muzzleFlashScale>9</muzzleFlashScale>
        </DeflectVerb>
      </li>
    </comps>
	
	
	
	
	
    <tools>
      <li>
        <label>hilt</label>
        <capacities>
          <li>Blunt</li>
        </capacities>
		<!---->
        <power>10</power>
		<chanceFactor>0.05</chanceFactor>
        <cooldownTime>4</cooldownTime>
      </li>
      <li>
        <label>tip</label>
        <alwaysTreatAsWeapon>true</alwaysTreatAsWeapon>
		<soundMeleeMiss>kotorsound_lightsaber_swing</soundMeleeMiss>
        <capacities>
          <li>guy762_ToolCapacity_SaberStab</li>
        </capacities>
		<!---->
        <power>24</power>
		<chanceFactor>1.5</chanceFactor>
        <cooldownTime>2</cooldownTime>
      </li>
      <li>
        <label>edge</label>
        <alwaysTreatAsWeapon>true</alwaysTreatAsWeapon>
		<soundMeleeMiss>kotorsound_lightsaber_swing</soundMeleeMiss>
        <capacities>
          <li>guy762_ToolCapacity_SaberSlash</li>
        </capacities>
		<!---->
        <power>24</power>
		<chanceFactor>0.5</chanceFactor>
        <cooldownTime>2</cooldownTime>
      </li>
    </tools>
  </ThingDef>
  
  
  
  
  
  
  
  
  
  
  
  
  
  
  
  
  
  
  
  <ThingDef Name="guy762_kotorlightsaber" ParentName="KotORMeleeModdable_OneHand" Abstract="True">
    <defName>guy762_kotorlightsaber</defName>
    <label>lightsaber</label>
    <description>Traditionally associated with the Jedi, the lightsaber is a devastating weapon difficult to master. Properties can vary with the type of focusing crystal used in construction.</description>
    <graphicData>
      <texPath>kotorlightsaber_default</texPath>
      <graphicClass>ModularWeapons.Graphic_Modular</graphicClass>
      <onGroundRandomRotateAngle>35</onGroundRandomRotateAngle>
	  <shaderType>TransparentPostLight</shaderType>
    </graphicData>
    <tickerType>Normal</tickerType>
    <soundInteract>kotorsound_lightsaber_on</soundInteract>
	<soundDrop>kotorsound_lightsaber_off</soundDrop>
	<thingCategories Inherit="False">
		<li>guy762_lightsaber</li>
	</thingCategories>
    <statBases>
      <MarketValue>9000</MarketValue>
      <MaxHitPoints>200</MaxHitPoints>
      <Mass>5</Mass>
      <DeteriorationRate>0.025</DeteriorationRate>
    </statBases>
    <equippedAngleOffset>-35</equippedAngleOffset>
	<equippedStatOffsets>
	  <PsychicSensitivity>0.1</PsychicSensitivity>
	  <MeditationFocusGain>0.25</MeditationFocusGain>
	</equippedStatOffsets>
	
	<!--recipeMaker>
	  <researchPrerequisite>guy762_ResearchKotOR_lightsaber</researchPrerequisite>
	  <skillRequirements>
		<Crafting>12</Crafting>
	  </skillRequirements>
	</recipeMaker>
	<costList>
		<Plasteel>30</Plasteel>
		<Steel>20</Steel>
		<Gold>35</Gold>
		<Jade>5</Jade>
		<Uranium>10</Uranium>
		<ComponentSpacer>12</ComponentSpacer>
	</costList-->
	
	<weaponTags Inherit="False">
		<li>KotORLightsaber</li>
	</weaponTags>
	<tradeTags Inherit="False">
		<li>guy762TT_KotORLegendary</li>
		<li>guy762TT_KotORLightsaber</li>
	</tradeTags>
	<relicChance>3</relicChance>
    <comps>
      <li Class="CompExtraSounds.CompProperties_ExtraSounds">
        <compClass>CompExtraSounds.CompExtraSounds</compClass>
        <soundHitPawn>kotorsound_lightsaber_hitsoft</soundHitPawn>
        <soundHitBuilding>kotorsound_lightsaber_hithard</soundHitBuilding>
      </li>
      <li Class="CompDeflector.CompProperties_Deflector">
        <baseDeflectChance>0.15</baseDeflectChance>
        <useManipulationInCalc>true</useManipulationInCalc>
        <useSkillInCalc>true</useSkillInCalc>
        <deflectSound>kotorsound_lightsaber_deflect</deflectSound>
        <deflectSkill>Melee</deflectSkill>
        <deflectRatePerSkillPoint>0.04</deflectRatePerSkillPoint>
        <canReflect>true</canReflect>
        <reflectSkill>Melee</reflectSkill>
        <reflectRatePerSkillPoint>0.02</reflectRatePerSkillPoint>
        <DeflectVerb Class="VerbProperties">
          <verbClass>Verb_Shoot</verbClass>
          <hasStandardCommand>true</hasStandardCommand>
          <defaultProjectile>BulletDeflected</defaultProjectile>
          <warmupTime>0</warmupTime>
          <range>24</range>
          <muzzleFlashScale>9</muzzleFlashScale>
        </DeflectVerb>
      </li>
	  <!--li Class="CompProperties_Biocodable">
		<biocodeOnEquip>true</biocodeOnEquip>
	  </li-->
    </comps>
	
	
	
	
	
    <tools>
      <li>
        <label>hilt</label>
        <capacities>
          <li>Blunt</li>
        </capacities>
		<!---->
        <power>12</power>
		<chanceFactor>0.05</chanceFactor>
        <cooldownTime>4</cooldownTime>
      </li>
      <li>
        <label>tip</label>
        <alwaysTreatAsWeapon>true</alwaysTreatAsWeapon>
		<soundMeleeMiss>kotorsound_lightsaber_swing</soundMeleeMiss>
        <capacities>
          <li>guy762_ToolCapacity_SaberStab</li>
        </capacities>
		<!---->
        <power>26</power>
		<chanceFactor>0.5</chanceFactor>
        <cooldownTime>2.5</cooldownTime>
      </li>
      <li>
        <label>edge</label>
        <alwaysTreatAsWeapon>true</alwaysTreatAsWeapon>
		<soundMeleeMiss>kotorsound_lightsaber_swing</soundMeleeMiss>
        <capacities>
          <li>guy762_ToolCapacity_SaberSlash</li>
        </capacities>
		<!---->
        <power>26</power>
		<chanceFactor>1.5</chanceFactor>
        <cooldownTime>2.5</cooldownTime>
      </li>
    </tools>
  </ThingDef>
  
  
  
  
  
  
  
  
  
  
  
  
  
  
  
  
  
  
  
  <ThingDef Name="guy762_kotocurvesaber" ParentName="KotORMeleeModdable_TwoHand" Abstract="True">
    <defName>guy762_kotocurvesaber</defName>
    <label>curved lightsaber</label>
    <description>Traditionally associated with the Jedi, the lightsaber is a devastating weapon difficult to master. This style of lightsaber has a curved hilt ideal for rapid, thrusting attacks. Experts in the Makashi form typically prefer hilts such as these.</description>
    <graphicData>
      <texPath>kotorcurvesaber_default</texPath>
      <graphicClass>ModularWeapons.Graphic_Modular</graphicClass>
      <onGroundRandomRotateAngle>35</onGroundRandomRotateAngle>
	  <shaderType>TransparentPostLight</shaderType>
    </graphicData>
    <tickerType>Normal</tickerType>
    <soundInteract>kotorsound_lightsaber_on</soundInteract>
	<soundDrop>kotorsound_lightsaber_off</soundDrop>
	<thingCategories Inherit="False">
		<li>guy762_lightsaber</li>
	</thingCategories>
    <statBases>
      <MarketValue>10000</MarketValue>
      <MaxHitPoints>200</MaxHitPoints>
      <Mass>5</Mass>
      <DeteriorationRate>0.025</DeteriorationRate>
    </statBases>
    <equippedAngleOffset>-35</equippedAngleOffset>
	<equippedStatOffsets>
	  <MeleeHitChance>0.2</MeleeHitChance>
	  <PsychicSensitivity>0.1</PsychicSensitivity>
	  <MeditationFocusGain>0.25</MeditationFocusGain>
	</equippedStatOffsets>
	
	<!--recipeMaker>
	  <researchPrerequisite>guy762_ResearchKotOR_lightsaber</researchPrerequisite>
	  <skillRequirements>
		<Crafting>12</Crafting>
	  </skillRequirements>
	</recipeMaker>
	<costList>
		<Plasteel>30</Plasteel>
		<Steel>20</Steel>
		<Gold>35</Gold>
		<Jade>5</Jade>
		<Uranium>10</Uranium>
		<ComponentSpacer>12</ComponentSpacer>
	</costList-->
	
	<weaponTags Inherit="False">
		<li>KotORLightsaber</li>
	</weaponTags>
	<tradeTags Inherit="False">
		<li>guy762TT_KotORLegendary</li>
		<li>guy762TT_KotORLightsaber</li>
	</tradeTags>
	<relicChance>3</relicChance>
    <comps>
      <li Class="CompExtraSounds.CompProperties_ExtraSounds">
        <compClass>CompExtraSounds.CompExtraSounds</compClass>
        <soundHitPawn>kotorsound_lightsaber_hitsoft</soundHitPawn>
        <soundHitBuilding>kotorsound_lightsaber_hithard</soundHitBuilding>
      </li>
	  <li Class="CompDeflector.CompProperties_Deflector">
        <baseDeflectChance>0.15</baseDeflectChance>
        <useManipulationInCalc>true</useManipulationInCalc>
        <useSkillInCalc>true</useSkillInCalc>
        <deflectSound>kotorsound_lightsaber_deflect</deflectSound>
        <deflectSkill>Melee</deflectSkill>
        <deflectRatePerSkillPoint>0.04</deflectRatePerSkillPoint>
        <canReflect>true</canReflect>
        <reflectSkill>Melee</reflectSkill>
        <reflectRatePerSkillPoint>0.02</reflectRatePerSkillPoint>
        <DeflectVerb Class="VerbProperties">
          <verbClass>Verb_Shoot</verbClass>
          <hasStandardCommand>true</hasStandardCommand>
          <defaultProjectile>BulletDeflected</defaultProjectile>
          <warmupTime>0</warmupTime>
          <range>24</range>
          <muzzleFlashScale>9</muzzleFlashScale>
        </DeflectVerb>
      </li>
	  <!--li Class="CompProperties_Biocodable">
		<biocodeOnEquip>true</biocodeOnEquip>
	  </li-->
    </comps>
	
	
	
	
    <tools>
      <li>
        <label>hilt</label>
        <capacities>
          <li>Blunt</li>
        </capacities>
		<!---->
        <power>10</power>
		<chanceFactor>0.01</chanceFactor>
        <cooldownTime>5</cooldownTime>
      </li>
      <li>
        <label>tip</label>
        <alwaysTreatAsWeapon>true</alwaysTreatAsWeapon>
		<soundMeleeMiss>kotorsound_lightsaber_swing</soundMeleeMiss>
        <capacities>
          <li>guy762_ToolCapacity_SaberStab</li>
        </capacities>
		<!---->
        <power>26</power>
		<chanceFactor>1.25</chanceFactor>
        <cooldownTime>1.5</cooldownTime>
      </li>
      <li>
        <label>edge</label>
        <alwaysTreatAsWeapon>true</alwaysTreatAsWeapon>
		<soundMeleeMiss>kotorsound_lightsaber_swing</soundMeleeMiss>
        <capacities>
          <li>guy762_ToolCapacity_SaberSlash</li>
        </capacities>
		<!---->
        <power>26</power>
		<chanceFactor>0.75</chanceFactor>
        <cooldownTime>2.5</cooldownTime>
      </li>
    </tools>
  </ThingDef>
  
  
  
  
  
  
  
  
  
  
  
  
  
  
  
  
  <ThingDef Name="guy762_kotorcrosssaber" ParentName="KotORMeleeModdable_TwoHand" Abstract="True">
    <defName>guy762_kotorcrosssaber</defName>
    <label>crossguard lightsaber</label>
    <description>First popularized by Jedi Guardians during the Great Galactic War, these weapons are capable of delivering devastating blows using the leverage of its lengthened hilt, at the cost of some maneuverability. The quillon blades below the main emitter serve a dual purpose of helping block blows that otherwise might have struck the wielder's hands, and also providing an extra blade to stab an opponent with when in a "saber lock."</description>
    <graphicData>
      <texPath>kotorcrosssaber_default</texPath>
      <graphicClass>ModularWeapons.Graphic_Modular</graphicClass>
      <onGroundRandomRotateAngle>35</onGroundRandomRotateAngle>
	  <shaderType>TransparentPostLight</shaderType>
	  <drawSize>1.5</drawSize>
    </graphicData>
    <tickerType>Normal</tickerType>
    <soundInteract>kotorsound_lightsaber_on</soundInteract>
	<soundDrop>kotorsound_lightsaber_off</soundDrop>
	<thingCategories Inherit="False">
		<li>guy762_lightsaber</li>
	</thingCategories>
    <statBases>
      <MarketValue>12000</MarketValue>
      <MaxHitPoints>200</MaxHitPoints>
      <Mass>6</Mass>
      <DeteriorationRate>0.025</DeteriorationRate>
    </statBases>
    <equippedAngleOffset>-35</equippedAngleOffset>
	<equippedStatOffsets>
	  <PsychicSensitivity>0.1</PsychicSensitivity>
	  <MeditationFocusGain>0.25</MeditationFocusGain>
	</equippedStatOffsets>
	
	<!--recipeMaker>
	  <researchPrerequisite>guy762_ResearchKotOR_lightsaber</researchPrerequisite>
	  <skillRequirements>
		<Crafting>14</Crafting>
	  </skillRequirements>
	</recipeMaker>
	<costList>
		<Plasteel>40</Plasteel>
		<Steel>30</Steel>
		<Gold>70</Gold>
		<Jade>10</Jade>
		<Uranium>20</Uranium>
		<ComponentSpacer>24</ComponentSpacer>
	</costList-->
	
	<weaponTags Inherit="False">
		<li>KotORLightsaber</li>
	</weaponTags>
	<tradeTags Inherit="False">
		<li>guy762TT_KotORLegendary</li>
		<li>guy762TT_KotORLightsaber</li>
	</tradeTags>
	<relicChance>3</relicChance>
    <comps>
      <li Class="CompExtraSounds.CompProperties_ExtraSounds">
        <compClass>CompExtraSounds.CompExtraSounds</compClass>
        <soundHitPawn>kotorsound_lightsaber_hitsoft</soundHitPawn>
        <soundHitBuilding>kotorsound_lightsaber_hithard</soundHitBuilding>
      </li>
	  <li Class="CompDeflector.CompProperties_Deflector">
        <baseDeflectChance>0.15</baseDeflectChance>
        <useManipulationInCalc>true</useManipulationInCalc>
        <useSkillInCalc>true</useSkillInCalc>
        <deflectSound>kotorsound_lightsaber_deflect</deflectSound>
        <deflectSkill>Melee</deflectSkill>
        <deflectRatePerSkillPoint>0.04</deflectRatePerSkillPoint>
        <canReflect>true</canReflect>
        <reflectSkill>Melee</reflectSkill>
        <reflectRatePerSkillPoint>0.02</reflectRatePerSkillPoint>
        <DeflectVerb Class="VerbProperties">
          <verbClass>Verb_Shoot</verbClass>
          <hasStandardCommand>true</hasStandardCommand>
          <defaultProjectile>BulletDeflected</defaultProjectile>
          <warmupTime>0</warmupTime>
          <range>24</range>
          <muzzleFlashScale>9</muzzleFlashScale>
        </DeflectVerb>
      </li>
	  <!--li Class="CompProperties_Biocodable">
		<biocodeOnEquip>true</biocodeOnEquip>
	  </li-->
    </comps>
	
	
	
	
	
    <tools>
      <li>
        <label>hilt</label>
		<soundMeleeMiss>kotorsound_lightsaber_swing</soundMeleeMiss>
        <capacities>
          <li>Blunt</li>
		  <li>guy762_ToolCapacity_SaberStab</li>
        </capacities>
		<!---->
        <power>18</power>
		<chanceFactor>0.1</chanceFactor>
        <cooldownTime>3</cooldownTime>
      </li>
      <li>
        <label>tip</label>
        <alwaysTreatAsWeapon>true</alwaysTreatAsWeapon>
		<soundMeleeMiss>kotorsound_lightsaber_swing</soundMeleeMiss>
        <capacities>
          <li>guy762_ToolCapacity_SaberStab</li>
        </capacities>
		<!---->
        <power>26</power>
		<chanceFactor>0.75</chanceFactor>
        <cooldownTime>4</cooldownTime>
      </li>
      <li>
        <label>edge</label>
        <alwaysTreatAsWeapon>true</alwaysTreatAsWeapon>
		<soundMeleeMiss>kotorsound_lightsaber_swing</soundMeleeMiss>
        <capacities>
          <li>guy762_ToolCapacity_SaberSlash</li>
        </capacities>
		<!---->
        <power>34</power>
		<chanceFactor>1.25</chanceFactor>
        <cooldownTime>3.5</cooldownTime>
      </li>
    </tools>
  </ThingDef>
 
  
  
  
  
  
  
  
  
  
  
  
  
  
  <ThingDef Name="guy762_kotordualsaber" ParentName="KotORMeleeModdable_TwoHand" Abstract="True">
    <defName>guy762_kotordualsaber</defName>
    <label>double-bladed lightsaber</label>
    <description>These exotic weapons are rare, and most often associated with Jedi attracted to the dark side of the Force, for whom reckless aggression is sometimes considered an asset. The double-bladed lightsaber is capable of inflicting more damage - but is also less precise - than the single-bladed variant.</description>
    <graphicData>
      <texPath>kotordualsaber_default</texPath>
      <graphicClass>ModularWeapons.Graphic_Modular</graphicClass>
      <onGroundRandomRotateAngle>35</onGroundRandomRotateAngle>
	  <shaderType>TransparentPostLight</shaderType>
	  <drawSize>2</drawSize>
    </graphicData>
    <tickerType>Normal</tickerType>
    <soundInteract>kotorsound_lightsaber_on</soundInteract>
	<soundDrop>kotorsound_lightsaber_off</soundDrop>
	<thingCategories Inherit="False">
		<li>guy762_lightsaber</li>
	</thingCategories>
    <statBases>
      <MarketValue>12000</MarketValue>
      <MaxHitPoints>200</MaxHitPoints>
      <Mass>7.5</Mass>
      <DeteriorationRate>0.025</DeteriorationRate>
	  <!--MeleeWeapon_CooldownMultiplier>0.5</MeleeWeapon_CooldownMultiplier-->
    </statBases>
	<equippedStatOffsets>
	  <MeleeHitChance>-0.2</MeleeHitChance>
	  <PsychicSensitivity>0.1</PsychicSensitivity>
	  <MeditationFocusGain>0.25</MeditationFocusGain>
	</equippedStatOffsets>
    <equippedAngleOffset>-35</equippedAngleOffset>
	
	<!--recipeMaker>
	  <researchPrerequisite>guy762_ResearchKotOR_dualsabers</researchPrerequisite>
	  <skillRequirements>
		<Crafting>16</Crafting>
	  </skillRequirements>
	</recipeMaker>
	<costList>
		<Plasteel>40</Plasteel>
		<Steel>30</Steel>
		<Gold>70</Gold>
		<Jade>10</Jade>
		<Uranium>20</Uranium>
		<ComponentSpacer>24</ComponentSpacer>
	</costList-->
	
	<weaponTags Inherit="False">
		<li>KotORLightsaber</li>
	</weaponTags>
	<tradeTags Inherit="False">
		<li>guy762TT_KotORLegendary</li>
		<li>guy762TT_KotORLightsaber</li>
	</tradeTags>
	<relicChance>3</relicChance>
    <comps>
      <li Class="CompExtraSounds.CompProperties_ExtraSounds">
        <compClass>CompExtraSounds.CompExtraSounds</compClass>
        <soundHitPawn>kotorsound_lightsaber_hitsoft</soundHitPawn>
        <soundHitBuilding>kotorsound_lightsaber_hithard</soundHitBuilding>
      </li>
	  <li Class="CompDeflector.CompProperties_Deflector">
        <baseDeflectChance>0.2</baseDeflectChance>
        <useManipulationInCalc>true</useManipulationInCalc>
        <useSkillInCalc>true</useSkillInCalc>
        <deflectSound>kotorsound_lightsaber_deflect</deflectSound>
        <deflectSkill>Melee</deflectSkill>
        <deflectRatePerSkillPoint>0.04</deflectRatePerSkillPoint>
        <canReflect>true</canReflect>
        <reflectSkill>Melee</reflectSkill>
        <reflectRatePerSkillPoint>0.02</reflectRatePerSkillPoint>
        <DeflectVerb Class="VerbProperties">
          <verbClass>Verb_Shoot</verbClass>
          <hasStandardCommand>true</hasStandardCommand>
          <defaultProjectile>BulletDeflected</defaultProjectile>
          <warmupTime>0</warmupTime>
          <range>24</range>
          <muzzleFlashScale>9</muzzleFlashScale>
        </DeflectVerb>
      </li>
	  <!--li Class="CompProperties_Biocodable">
		<biocodeOnEquip>true</biocodeOnEquip>
	  </li-->
    </comps>
	
	
	
	
	
    <tools>
      <li>
        <label>hilt</label>
        <capacities>
          <li>Blunt</li>
        </capacities>
		<!---->
        <power>6</power>
		<chanceFactor>0.1</chanceFactor>
        <cooldownTime>1.5</cooldownTime>
      </li>
      <li>
        <label>tip</label>
        <alwaysTreatAsWeapon>true</alwaysTreatAsWeapon>
		<soundMeleeMiss>kotorsound_lightsaber_swing</soundMeleeMiss>
        <capacities>
          <li>guy762_ToolCapacity_SaberStab</li>
        </capacities>
		<!---->
        <power>26</power>
		<chanceFactor>0.5</chanceFactor>
        <cooldownTime>2.5</cooldownTime>
      </li>
      <li>
        <label>edge</label>
        <alwaysTreatAsWeapon>true</alwaysTreatAsWeapon>
		<soundMeleeMiss>kotorsound_lightsaber_swing</soundMeleeMiss>
        <capacities>
          <li>guy762_ToolCapacity_SaberSlash</li>
        </capacities>
		<!---->
        <power>26</power>
		<chanceFactor>2</chanceFactor>
        <cooldownTime>1</cooldownTime>
      </li>
    </tools>
  </ThingDef> 
  
  
  
 
  
 
  
</Defs>