<?xml version="1.0" encoding="utf-8" ?>
<Defs>
  
  
 <!--Melee Weapon-->
  
  
  
    <ThingDef ParentName="KotORMeleeMakeable_TwoHand">
    <defName>GS_Gaffi</defName>
    <label>Gaffi stick</label>
    <description>The gaderffii, or gaffi stick, is the traditional melee weapon of the sandpeople. It was a pole weapon with a spike or blade on one end and some kind of bludgeoning instrument on the other.</description>
    <possessionCount>1</possessionCount>
    <graphicData>
      <texPath>Weapons/Melee_Sovereign/Stick</texPath>
	  <shaderType>CutoutComplex</shaderType>
      <graphicClass>Graphic_Single</graphicClass>
	  <drawSize>1.5</drawSize>
    </graphicData>
    <techLevel>Neolithic</techLevel>
	
	 <weaponTags inherit="False">
      <li>SandClub</li>
    </weaponTags>
	<tradeTags Inherit="False">
		<li>guy762TT_KotORMelee</li>
		<li>guy762TT_KotORAntique</li>
	</tradeTags>
	
	
    <costStuffCount>250</costStuffCount>
	
    <statBases>
      <WorkToMake>30000</WorkToMake>
      <Mass>3</Mass>
    </statBases>
	
	
    <relicChance>3</relicChance>
    <equippedAngleOffset>-65</equippedAngleOffset>
    <stuffCategories>
      <li>Metallic</li>
      <li>Woody</li>
	  <li>Stony</li>
    </stuffCategories>
	
    <tools>
      <li>
        <label>pommel</label>
        <capacities>
          <li>Blunt</li>
		  <li>Stab</li>
        </capacities>
        <power>17</power>
        <cooldownTime>2.5</cooldownTime>
      </li>
	  
      <li>
        <label>point</label>
        <capacities>
          <li>Stab</li>
        </capacities>
        <power>20</power>
        <cooldownTime>1.5</cooldownTime>
      </li>
	  
      <li>
        <label>edge</label>
        <capacities>
          <li>Cut</li>
        </capacities>
        <power>16</power>
        <cooldownTime>1.5</cooldownTime>
      </li>
	  
    </tools>
	
    <recipeMaker>
      <recipeUsers>
        <li>CraftingSpot</li>
      </recipeUsers>
      <displayPriority>1000</displayPriority>
    </recipeMaker>
	

	
	
	
	
	
  </ThingDef>
  
  
  
  
  </Defs>