<?xml version="1.0" encoding="utf-8"?>
<Defs>

	<AlienRace.ThingDef_AlienRace Name="guy762_KotORDroidBase" ParentName="ATR_BaseMechanicalPawn" Abstract="True">
		<statBases>
			<HypoxiaResistance MayRequire="kentington.saveourship2">1</HypoxiaResistance>
			<DecompressionResistance MayRequire="kentington.saveourship2">1</DecompressionResistance>
		</statBases>
        <alienRace>
			<raceRestriction>
                <onlyEatRaceRestrictedFood>true</onlyEatRaceRestrictedFood>
				<foodList>
				  <li MayRequire ="guy762.KotORGadgets">guy762_repairkit</li>
				  <li MayRequire ="guy762.KotORGadgets">guy762_repairkit_adv</li>
				  <li MayRequire ="guy762.KotORGadgets">guy762_repairkit_con</li>
				  <li>guy762_DroidBattery</li>
				  <li>guy762_DroidBattery_adv</li>
				</foodList>
				<whiteFoodList>
				  <li>ATR_StasisPill</li>
				  <li>ATR_MechAntifreeze</li>
				  <li>ATR_MechSwarm</li>
				  <li>ATR_RegenerativePill</li>
				</whiteFoodList>
				<onlyUseRaceRestrictedApparel>true</onlyUseRaceRestrictedApparel>
				<blackApparelList>
					<li MayRequire="Ludeon.RimWorld.Ideology">Apparel_Flophat</li>
					<li MayRequire="Ludeon.RimWorld.Ideology">Apparel_Broadwrap</li>
					<li MayRequire="Ludeon.RimWorld.Ideology">Apparel_Slicecap</li>
					<li MayRequire="Ludeon.RimWorld.Ideology">Apparel_VisageMask</li>
					<li MayRequire="Ludeon.RimWorld.Ideology">Apparel_Headwrap</li>
				</blackApparelList>
				
				<blackWeaponList>
					<li MayRequire ="jecrell.jecstools">guy762_kotorlightsaber_red</li>
					<li MayRequire ="jecrell.jecstools">guy762_kotorlightsaber_orange</li>
					<li MayRequire ="jecrell.jecstools">guy762_kotorlightsaber_yellow</li>
					<li MayRequire ="jecrell.jecstools">guy762_kotorlightsaber_green</li>
					<li MayRequire ="jecrell.jecstools">guy762_kotorlightsaber_blue</li>
					<li MayRequire ="jecrell.jecstools">guy762_kotorlightsaber_purple</li>
					<li MayRequire ="jecrell.jecstools">guy762_kotorlightsaber_white</li>
					<li MayRequire ="jecrell.jecstools">guy762_kotordarksaber</li>
					<li MayRequire ="jecrell.jecstools">guy762_kotorshortsaber_red</li>
					<li MayRequire ="jecrell.jecstools">guy762_kotorshortsaber_orange</li>
					<li MayRequire ="jecrell.jecstools">guy762_kotorshortsaber_yellow</li>
					<li MayRequire ="jecrell.jecstools">guy762_kotorshortsaber_green</li>
					<li MayRequire ="jecrell.jecstools">guy762_kotorshortsaber_blue</li>
					<li MayRequire ="jecrell.jecstools">guy762_kotorshortsaber_purple</li>
					<li MayRequire ="jecrell.jecstools">guy762_kotorshortsaber_white</li>
					<li MayRequire ="jecrell.jecstools">guy762_kotornaddsaber</li>
					<li MayRequire ="jecrell.jecstools">guy762_kotordualsaber_red</li>
					<li MayRequire ="jecrell.jecstools">guy762_kotordualsaber_orange</li>
					<li MayRequire ="jecrell.jecstools">guy762_kotordualsaber_yellow</li>
					<li MayRequire ="jecrell.jecstools">guy762_kotordualsaber_green</li>
					<li MayRequire ="jecrell.jecstools">guy762_kotordualsaber_blue</li>
					<li MayRequire ="jecrell.jecstools">guy762_kotordualsaber_purple</li>
					<li MayRequire ="jecrell.jecstools">guy762_kotordualsaber_white</li>
					<li MayRequire ="jecrell.jecstools">guy762_kotorexarsaber</li>
					<li MayRequire ="jecrell.jecstools">guy762_kotorcrosssaber_red</li>
					<li MayRequire ="jecrell.jecstools">guy762_kotorcrosssaber_orange</li>
					<li MayRequire ="jecrell.jecstools">guy762_kotorcrosssaber_yellow</li>
					<li MayRequire ="jecrell.jecstools">guy762_kotorcrosssaber_green</li>
					<li MayRequire ="jecrell.jecstools">guy762_kotorcrosssaber_blue</li>
					<li MayRequire ="jecrell.jecstools">guy762_kotorcrosssaber_purple</li>
					<li MayRequire ="jecrell.jecstools">guy762_kotorcrosssaber_white</li>
					<li MayRequire ="jecrell.jecstools">guy762_kotorcrosssaber_sion</li>
					<li MayRequire ="jecrell.jecstools">guy762_kotocurvesaber_red</li>
					<li MayRequire ="jecrell.jecstools">guy762_kotocurvesaber_orange</li>
					<li MayRequire ="jecrell.jecstools">guy762_kotocurvesaber_yellow</li>
					<li MayRequire ="jecrell.jecstools">guy762_kotocurvesaber_green</li>
					<li MayRequire ="jecrell.jecstools">guy762_kotocurvesaber_blue</li>
					<li MayRequire ="jecrell.jecstools">guy762_kotocurvesaber_purple</li>
					<li MayRequire ="jecrell.jecstools">guy762_kotocurvesaber_white</li>
					<li MayRequire ="jecrell.jecstools">guy762_kotocurvesaber_pink</li>
				</blackWeaponList>
			</raceRestriction>
        </alienRace>
		
    </AlienRace.ThingDef_AlienRace>

</Defs>