<?xml version="1.0" encoding="utf-8"?>
<Defs>

	
	<BackstoryDef>
		<defName>guy762_Backstory_assaultdroid</defName>
		<title>assault droid</title>
		<titleShort>assault droid</titleShort>
		<baseDesc>This is a military assault droid.</baseDesc>
		<slot>Adulthood</slot>
		<spawnCategories>
			<li>guy762BSC_Droid_assault</li>
			<li>guy762BSC_Droid_all</li>
		</spawnCategories>
	</BackstoryDef>
	
	<BackstoryDef>
		<defName>guy762_Backstory_AssaultMk4</defName>
		<title>Assault Droid Mark IV</title>
		<titleShort>Assault Droid</titleShort>
		<baseDesc>This is an advanced assault droid, capable of using heavy ordnance in combat.</baseDesc>
		<slot>Childhood</slot>
		<spawnCategories>
			<li>guy762BSC_Droid_assault_mk4</li>
			<li>guy762BSC_Droid_all</li>
		</spawnCategories>
		<workDisables>
			<li>Social</li>
			<li>AllWork</li>
		</workDisables>
		<requiredWorkTags>
			<li>Violent</li>
		</requiredWorkTags>
	</BackstoryDef>
	
	
	
	
	
	<AlienRace.ThingDef_AlienRace Name="guy762_DroidRace_ADMkIV" ParentName="guy762_KotORDroidBase">
		<defName>guy762_DroidRace_ADMkIV</defName>
		<label>Assault Droid Mark IV</label>
		<description>Designed by the Jedi Revan and produced by Czerka Arms during the Mandalorian Wars, the Mark IV assault droid is a potent killing machine. Equipped with installation mounts for heavy-duty armor, shielding, and ordnance, the Mk. IV drastically reduces the need for manned assault vehicles on the battlefield, offering instead a force of substantially more agile - and expendable - autonomous drones.\n\nThis droid is capable of the following work types:\n\n-Combat</description>
		<alienRace>
			<graphicPaths>
                <body>
                    <path>Droid/AssaultMk4/AssaultMk4</path>
                </body>
				<bodyMasks>
				  <path>Droid/AssaultMk4/AssaultMk4_mask</path>
				</bodyMasks>
				<head>
                    <path>1024blank</path>
                </head>
                <skinShader>Cutout</skinShader>
            </graphicPaths>
			<raceRestriction>
				<apparelList>
				  <li>guy762_DroidArmorHvy</li>
				  <li>guy762_DroidArmorHvy_czerka</li> <!--THERE IS ANOTHER LIST IN THIS DOC-->
				  <li>guy762_DroidArmorHvy_env</li>
				  <li>guy762_DroidArmorHvy_desh</li>
				  <li>guy762_DroidArmorHvy_impact</li>
				  <li>guy762_DroidArmorHvy_composite</li>
				  <li>guy762_DroidArmorHvy_diatium</li>
				  
				  <li>guy762_DroidHardware_agility</li>
				  <li>guy762_DroidHardware_motivator</li>
				  <li>guy762_DroidHardware_durability</li>
				  <li>guy762_DroidHardware_parabolic</li>
				  <li>guy762_DroidHardware_systems</li>
				  <li>guy762_DroidHardware_remote</li>
				  
				  <li>guy762_DroidSensor_motion</li>
				  <li>guy762_DroidSensor_surveillance</li>
				  <li>guy762_DroidSensor_fighting</li>
				  <li>guy762_DroidSensor_repair</li>
				  <li>guy762_DroidSensor_memory</li>
				  <li>guy762_DroidSensor_EMPresist</li>
				  <li>guy762_DroidSensor_battle</li>
				  <li>guy762_DroidSensor_microoptics</li>
				  <li>guy762_DroidSensor_perception</li>
				  
				  <li>guy762_LgtCannon_mininglaser</li>
				  <li>guy762_LgtCannon_hvyrep</li>
				  <li>guy762_LgtCannon_blaster</li>
				  <li>guy762_LgtCannon_pulse</li>
				  <li>guy762_LgtCannon_massdriver</li>
				  <li>guy762_LgtCannon_railgun</li>
				  
				  <li>guy762_LgtCannon_firefoam</li>
				  <li>guy762_LgtCannon_sonic</li>
				  <li>guy762_LgtCannon_flamethrower</li>
				  <li>guy762_LgtCannon_ion</li>
				  <li>guy762_LgtCannon_disruptor</li>
				  <li>guy762_LgtCannon_m_highex</li>
				  <li>guy762_LgtCannon_m_plasma</li>
				  <li>guy762_LgtCannon_m_ion</li>
				  <li>guy762_LgtCannon_m_buster</li>
				  
				  <li>guy762_HvyShield_basic</li>
				  <li>guy762_HvyShield_env</li>
				  <li>guy762_HvyShield_thermal</li>
				  <li>guy762_HvyShield_debris</li>
				  <li>guy762_HvyShield_echani</li>
				  <li>guy762_HvyShield_baragwin</li>
				  <li>guy762_HvyShield_ion</li>
				  <li>guy762_HvyShield_deflector</li>
				  <li>guy762_HvyShield_balmorran</li>
				  <li>guy762_HvyShield_starforge</li>
				  
				  <li>guy762_DroidSensor_warfare</li>
				</apparelList>
			</raceRestriction>
            <generalSettings>
                <alienPartGenerator>
					<colorChannels Inherit="False">
						<li>
							<name>skin</name>
							<first Class="ColorGenerator_Options">
								<options>
									<li> <!--republic beige-->
										<weight>5</weight>
										<only>RGBA(225,210,195,255)</only>
									</li>
								</options>
							</first>
							<second Class="ColorGenerator_Options">
								<options>
									<li> <!--republic red-->
										<weight>5</weight>
										<only>RGBA(190,100,85,255)</only>
									</li>
								</options>
							</second>
						</li>
					</colorChannels>
					<headTypes>
                        <li>guy762_DroidHeadType_HK</li>
                    </headTypes>
					<customDrawSize>(2)</customDrawSize>
                </alienPartGenerator>
				<forcedRaceTraitEntries>
				  <li>
					<defName>Asexual</defName>
				  </li>
				</forcedRaceTraitEntries>
            </generalSettings>
		</alienRace>
        <uiIconPath>UI/Icon_ADMk4_pub</uiIconPath>
		<statBases>
			<MarketValue>21000</MarketValue>
			<MoveSpeed>2</MoveSpeed>
			<ComfyTemperatureMin>-100</ComfyTemperatureMin>
			<ComfyTemperatureMax>100</ComfyTemperatureMax>
			
			<GlobalLearningFactor>0.2</GlobalLearningFactor>
			
			<ArmorRating_Sharp>0.5</ArmorRating_Sharp>
			<ArmorRating_Blunt>0.4</ArmorRating_Blunt>
            <ArmorRating_Heat>0.6</ArmorRating_Heat>
            <InjuryHealingFactor>0.6</InjuryHealingFactor>
            <!--IncomingDamageFactor>0.85</IncomingDamageFactor-->
			
			<AimingDelayFactor>0.75</AimingDelayFactor>
            <RangedCooldownFactor MayRequire="Ludeon.RimWorld.Biotech">0.75</RangedCooldownFactor>
            <StaggerDurationFactor MayRequire="Ludeon.RimWorld.Biotech">0.5</StaggerDurationFactor>
            <EMPResistance MayRequire="Ludeon.RimWorld.Biotech">0.8</EMPResistance>
			
			<MDR_ComplexityLimit MayRequire="Killathon.MechanicalHumanlikes.MechDronesReprogrammed">10</MDR_ComplexityLimit>
            <MDR_SkillLimit MayRequire="Killathon.MechanicalHumanlikes.MechDronesReprogrammed">16</MDR_SkillLimit>
			
            <MHC_MaintenanceRetention>0.75</MHC_MaintenanceRetention>
			
            <MHC_NutritionalIntakeEfficiency>0.75</MHC_NutritionalIntakeEfficiency>
            <MHC_ChargingSpeed>0.75</MHC_ChargingSpeed>
			
			<Mass>200</Mass>
		</statBases>
		<race>
			<body>ATR_KotORDroidBody_ADMkIV</body>
			<hasGenders>false</hasGenders>
			<lifeExpectancy>500</lifeExpectancy>
			<baseHealthScale>4</baseHealthScale>
			<baseHungerRate>1</baseHungerRate>
			<baseBodySize>2.5</baseBodySize>
			<lifeStageAges>
				<li>
					<def>AnimalAdult</def>
					<minAge>0.0</minAge>
					<soundAmbience>kotorsound_AssaultMk4_ambient</soundAmbience>
					<soundAngry>kotorsound_AssaultMk4_angry</soundAngry>
					<soundCall>kotorsound_AssaultMk4_call</soundCall>
					<soundWounded>kotorsound_AssaultMk4_wounded</soundWounded>
					<soundDeath>kotorsound_AssaultMk4_death</soundDeath>
				</li>
			</lifeStageAges>
		</race>
		<modExtensions>
			<li Class="MechHumanlikes.MHC_MechanicalPawnExtension">
                <canBeSapient>false</canBeSapient>
				<droneSkillLevel>16</droneSkillLevel>
                <dronesCanHaveTraits>false</dronesCanHaveTraits>
				<useCustomNoneGenderNameMakers>true</useCustomNoneGenderNameMakers>
                <sapientNoneGenderNameMaker>guy762_DroidNamer_ADMkIV</sapientNoneGenderNameMaker>
                <droneNoneGenderNameMaker>guy762_DroidNamer_ADMkIV</droneNoneGenderNameMaker>
                <letPawnKindHandleDroneBackstories>false</letPawnKindHandleDroneBackstories>
                <droneChildhoodBackstoryDef>guy762_Backstory_AssaultMk4</droneChildhoodBackstoryDef>
                <droneAdulthoodBackstoryDef>guy762_Backstory_assaultdroid</droneAdulthoodBackstoryDef>
                <blacklistedNeeds>
                    <li>DrugDesire</li>
                    <li MayRequire="Dubwise.DubsBadHygiene">Hygiene</li>
                    <li MayRequire="Dubwise.DubsBadHygiene">Bladder</li>
                    <li MayRequire="Dubwise.DubsBadHygiene">DBHThirst</li>
					<li MayRequire="rim.job.world">Sex</li>
                </blacklistedNeeds>
                <blacklistedSapientNeeds>
                    <li>RoomSize</li>
                    <li>Joy</li>
                    <li>Beauty</li>
                    <li>Comfort</li>
                    <li>Outdoors</li>
                    <li>Indoors</li>
                </blacklistedSapientNeeds>
                <mechanicalNeeds>
                    <li><key>MHC_Coolant</key><value>3</value></li>
                    <li><key>MHC_Lubrication</key><value>1.5</value></li>
                </mechanicalNeeds>
            </li>
            <li Class="ATReforged.ATR_PawnExtension">
                <isAndroid>true</isAndroid>
            </li>
			<li Class="MechHumanlikes.MDR_ProgrammableDroneExtension" MayRequire="Killathon.MechanicalHumanlikes.MechDronesReprogrammed">
                <maxDirectives>2</maxDirectives>
				<inherentSkills>
                    <li><key>Shooting</key><value>16</value></li>
                    <li><key>Melee</key><value>4</value></li>
                </inherentSkills>
				<inherentWorkTypes>
					<li>Hunting</li>
				</inherentWorkTypes>
				<forbiddenWorkTypes>
					<li>Art</li>
					<li>Doctor</li>
					<li>Cleaning</li>
					<li>Cooking</li>
					<li>Growing</li>
					<li>PlantCutting</li>
					<li>Handling</li>
					<li>Smithing</li>
					<li>Crafting</li>
					<li>Tailoring</li>
					<li>Construction</li>
					<li>Warden</li>
					<li MayRequire="Orion.Hospitality">Diplomat</li>
					<li>Research</li>
				</forbiddenWorkTypes>
            </li>
		</modExtensions>
		<tools>
			<li>
				<label>right leg</label>
				<capacities>
					<li>Blunt</li>
				</capacities>
				<power>8</power>
				<cooldownTime>2</cooldownTime>
				<linkedBodyPartsGroup>FrontRightPaw</linkedBodyPartsGroup>
				<surpriseAttack>
					<extraMeleeDamages>
						<li>
							<def>Stun</def>
							<amount>12</amount>
						</li>
					</extraMeleeDamages>
				</surpriseAttack>
			</li>
			<li>
				<label>left leg</label>
				<capacities>
					<li>Blunt</li>
				</capacities>
				<power>8</power>
				<cooldownTime>2</cooldownTime>
				<linkedBodyPartsGroup>FrontLeftPaw</linkedBodyPartsGroup>
				<surpriseAttack>
					<extraMeleeDamages>
						<li>
							<def>Stun</def>
							<amount>12</amount>
						</li>
					</extraMeleeDamages>
				</surpriseAttack>
			</li>
		</tools>
		<recipes>
            <li>MHC_CoolantInjection</li>
            <li>MHC_LubricantInjection</li>
        </recipes>
		<butcherProducts>
            <Plasteel>70</Plasteel>
            <Uranium>40</Uranium>
			<ComponentIndustrial>6</ComponentIndustrial>
			<ComponentSpacer>4</ComponentSpacer>
		</butcherProducts>
		<tradeTags>
            <li>guy762TT_KotORDroids_battlerare</li>
		</tradeTags>
	</AlienRace.ThingDef_AlienRace>
	
	<AlienRace.ThingDef_AlienRace ParentName="guy762_DroidRace_ADMkIV">
		<defName>guy762_DroidRace_ADMkIV_sith</defName>
		<label>Assault Droid Mk.IV Type B</label>
		<description>Considered one of the most dangerous war droids in the galaxy, Czerka's Mk.IV-B Assault Droid was developed exclusively for the Sith war effort during the Jedi Civil War, and has armament capabilities rivaling some light tanks. At the war's height, the Star Forge churned out thousands of these units per day, and their deployment on the battlefield was a sure sign of doom for Republic infantry.\n\nThis droid is capable of the following work types:\n\n-Combat</description>
		<alienRace>
            <raceRestriction>
				<apparelList  Inherit="False">
				  <li>guy762_DroidArmorHvy</li>
				  <li>guy762_DroidArmorHvy_czerka</li> <!--THERE IS ANOTHER LIST IN THIS DOC-->
				  <li>guy762_DroidArmorHvy_env</li>
				  <li>guy762_DroidArmorHvy_desh</li>
				  <li>guy762_DroidArmorHvy_impact</li>
				  <li>guy762_DroidArmorHvy_composite</li>
				  <li>guy762_DroidArmorHvy_diatium</li>
				  
				  <li>guy762_DroidHardware_agility</li>
				  <li>guy762_DroidHardware_motivator</li>
				  <li>guy762_DroidHardware_durability</li>
				  <li>guy762_DroidHardware_parabolic</li>
				  <li>guy762_DroidHardware_systems</li>
				  <li>guy762_DroidHardware_remote</li>
				  
				  <li>guy762_DroidSensor_motion</li>
				  <li>guy762_DroidSensor_surveillance</li>
				  <li>guy762_DroidSensor_fighting</li>
				  <li>guy762_DroidSensor_repair</li>
				  <li>guy762_DroidSensor_memory</li>
				  <li>guy762_DroidSensor_EMPresist</li>
				  <li>guy762_DroidSensor_battle</li>
				  <li>guy762_DroidSensor_microoptics</li>
				  <li>guy762_DroidSensor_perception</li>
				  
				  <li>guy762_DroidWeapon_flamethrower</li>
				  <li>guy762_DroidWeapon_ion</li>
				  <li>guy762_DroidWeapon_seekerrocket</li>
				  <li>guy762_DroidWeapon_microrocket</li>
				  <li>guy762_DroidWeapon_stunbeam</li>
				  <li>guy762_DroidWeapon_toxbeam</li>
				  
				  <li>guy762_LgtCannon_mininglaser</li>
				  <li>guy762_LgtCannon_hvyrep</li>
				  <li>guy762_LgtCannon_blaster</li>
				  <li>guy762_LgtCannon_pulse</li>
				  <li>guy762_LgtCannon_massdriver</li>
				  <li>guy762_LgtCannon_railgun</li>
				  
				  <li>guy762_LgtCannon_firefoam</li>
				  <li>guy762_LgtCannon_sonic</li>
				  <li>guy762_LgtCannon_flamethrower</li>
				  <li>guy762_LgtCannon_ion</li>
				  <li>guy762_LgtCannon_disruptor</li>
				  <li>guy762_LgtCannon_m_highex</li>
				  <li>guy762_LgtCannon_m_plasma</li>
				  <li>guy762_LgtCannon_m_ion</li>
				  <li>guy762_LgtCannon_m_buster</li>
				  
				  <li>guy762_HvyShield_basic</li>
				  <li>guy762_HvyShield_env</li>
				  <li>guy762_HvyShield_thermal</li>
				  <li>guy762_HvyShield_debris</li>
				  <li>guy762_HvyShield_echani</li>
				  <li>guy762_HvyShield_baragwin</li>
				  <li>guy762_HvyShield_ion</li>
				  <li>guy762_HvyShield_deflector</li>
				  <li>guy762_HvyShield_balmorran</li>
				  <li>guy762_HvyShield_starforge</li>
				  
				  <li>guy762_DroidSensor_warfare</li>
				</apparelList>
			</raceRestriction>
			<generalSettings>
                <alienPartGenerator>
					<colorChannels Inherit="False">
						<li>
							<name>skin</name>
							<first Class="ColorGenerator_Options">
								<options>
									<li> <!--t3-->
										<weight>100</weight>
										<only>RGBA(235,255,255,255)</only>
									</li>
								</options>
							</first>
							<second Class="ColorGenerator_Options">
								<options>
									<li> <!--t3-->
										<weight>100</weight>
										<only>RGBA(235,255,255,255)</only>
									</li>
								</options>
							</second>
						</li>
					</colorChannels>
                </alienPartGenerator>
            </generalSettings>
		</alienRace>
        <uiIconPath>UI/Icon_ADMk4</uiIconPath>
		<statBases>
			<MarketValue>26270</MarketValue>
			
			<MHC_MaintenanceRetention>0.75</MHC_MaintenanceRetention>
		</statBases>
		<race>
			<body>ATR_KotORDroidBody_ADMkIV_B</body>
		</race>
		<modExtensions Inherit="False">
			<li Class="MechHumanlikes.MHC_MechanicalPawnExtension">
                <canBeSapient>false</canBeSapient>
				<droneSkillLevel>16</droneSkillLevel>
                <dronesCanHaveTraits>false</dronesCanHaveTraits>
				<useCustomNoneGenderNameMakers>true</useCustomNoneGenderNameMakers>
                <sapientNoneGenderNameMaker>guy762_DroidNamer_ADMkIV</sapientNoneGenderNameMaker>
                <droneNoneGenderNameMaker>guy762_DroidNamer_ADMkIV</droneNoneGenderNameMaker>
                <letPawnKindHandleDroneBackstories>false</letPawnKindHandleDroneBackstories>
                <droneChildhoodBackstoryDef>guy762_Backstory_AssaultMk4</droneChildhoodBackstoryDef>
                <droneAdulthoodBackstoryDef>guy762_Backstory_assaultdroid</droneAdulthoodBackstoryDef>
                <blacklistedNeeds>
                    <li>DrugDesire</li>
                    <li MayRequire="Dubwise.DubsBadHygiene">Hygiene</li>
                    <li MayRequire="Dubwise.DubsBadHygiene">Bladder</li>
                    <li MayRequire="Dubwise.DubsBadHygiene">DBHThirst</li>
					<li MayRequire="rim.job.world">Sex</li>
                </blacklistedNeeds>
                <blacklistedSapientNeeds>
                    <li>RoomSize</li>
                    <li>Joy</li>
                    <li>Beauty</li>
                    <li>Comfort</li>
                    <li>Outdoors</li>
                    <li>Indoors</li>
                </blacklistedSapientNeeds>
                <mechanicalNeeds>
                    <li><key>MHC_Coolant</key><value>4</value></li>
                    <li><key>MHC_Lubrication</key><value>1.5</value></li>
                </mechanicalNeeds>
            </li>
            <li Class="ATReforged.ATR_PawnExtension">
                <isAndroid>true</isAndroid>
            </li>
			<li Class="MechHumanlikes.MDR_ProgrammableDroneExtension" MayRequire="Killathon.MechanicalHumanlikes.MechDronesReprogrammed">
                <maxDirectives>3</maxDirectives>
				<inherentSkills>
                    <li><key>Shooting</key><value>18</value></li>
                    <li><key>Melee</key><value>6</value></li>
                </inherentSkills>
				<inherentWorkTypes>
					<li>Hunting</li>
				</inherentWorkTypes>
				<forbiddenWorkTypes>
					<li>Art</li>
					<li>Doctor</li>
					<li>Cleaning</li>
					<li>Cooking</li>
					<li>Growing</li>
					<li>PlantCutting</li>
					<li>Handling</li>
					<li>Smithing</li>
					<li>Crafting</li>
					<li>Tailoring</li>
					<li>Construction</li>
					<li>Warden</li>
					<li MayRequire="Orion.Hospitality">Diplomat</li>
					<li>Research</li>
				</forbiddenWorkTypes>
            </li>
		</modExtensions>
		<butcherProducts>
            <Plasteel>120</Plasteel>
            <Uranium>60</Uranium>
			<ComponentIndustrial>12</ComponentIndustrial>
			<ComponentSpacer>6</ComponentSpacer>
		</butcherProducts>
	</AlienRace.ThingDef_AlienRace>
	


</Defs>