<?xml version="1.0" encoding="utf-8"?>
<Defs>

	
	<BackstoryDef>
		<defName>guy762_Backstory_miningdroid</defName>
		<title>mining droid</title>
		<titleShort>mining droid</titleShort>
		<baseDesc>This is a mining droid.</baseDesc>
		<slot>Adulthood</slot>
		<spawnCategories>
			<li>guy762BSC_Droid_mining</li>
			<li>guy762BSC_Droid_all</li>
		</spawnCategories>
	</BackstoryDef>
	
	<BackstoryDef>
		<defName>guy762_Backstory_KM1MD</defName>
		<title>KM1-series Mining Droid</title>
		<titleShort>Mining Droid</titleShort>
		<baseDesc>This is a sophisticated mining droid.</baseDesc>
		<slot>Childhood</slot>
		<spawnCategories>
			<li>guy762BSC_Droid_KM1MD</li>
			<li>guy762BSC_Droid_all</li>
		</spawnCategories>
		<workDisables>
			<li>Animals</li>
			<li>Hunting</li>
            <li>Caring</li>
            <li>Artistic</li>
            <li>Cooking</li>
			<li>PlantWork</li>
			<li>Cleaning</li>
			<li>Constructing</li>
			<li>Crafting</li>
			<li>Social</li>
			<li>Intellectual</li>
		</workDisables>
		<requiredWorkTags>
			<li>Violent</li>
			<li>Mining</li>
			<li>Hauling</li>
			<li>Firefighting</li>
		</requiredWorkTags>
	</BackstoryDef>
	
	
	
	
	
	<AlienRace.ThingDef_AlienRace Name="guy762_DroidRace_KM1MD" ParentName="guy762_KotORDroidBase">
		<defName>guy762_DroidRace_KM1MD</defName>
		<label>KM1-series Mining Droid</label>
		<description>Another popular Duwani product, these crab-like droids were designed for mining operations in environments considered too dangerous for organic laborers. While they perform mining tasks effectively, these models are often criticized for being very energy inefficient and maintenance-intensive. However, Duwani's dominance over the civilian droid market and the relatively low cost of these mining droids ensure they are very difficult for competitors to attempt to replace.\n\nThis droid is capable of the following work types:\n\n-Mining\n-Hauling\n-Firefighting\n-Combat</description>
		<alienRace>
			<graphicPaths>
                <body>
                    <path>Droid/KM1MD/KM1MD</path>
                </body>
				<bodyMasks>
				  <path>Droid/KM1MD/KM1MD_mask</path>
				</bodyMasks>
				<head>
                    <path>768blank</path>
                </head>
                <skinShader>Cutout</skinShader>
            </graphicPaths>
			<raceRestriction>
				<apparelList>
				  <li>guy762_DroidArmorMid</li>
				  <li>guy762_DroidArmorMid_czerka</li>  <!--THERE IS ANOTHER LIST IN THIS DOC-->
				  <li>guy762_DroidArmorMid_env</li>
				  <li>guy762_DroidArmorMid_desh</li>
				  <li>guy762_DroidArmorMid_impact</li>
				  <li>guy762_DroidArmorMid_composite</li>
				  <li>guy762_DroidArmorMid_quadranium</li>
				  
				  <li>guy762_LgtCannon_mininglaser</li>
				  <li>guy762_LgtCannon_hvyrep</li>
				  <li>guy762_LgtCannon_blaster</li>
				  <li>guy762_LgtCannon_pulse</li>
				  <li>guy762_LgtCannon_massdriver</li>
				  <li>guy762_LgtCannon_railgun</li>
				  
				  <li>guy762_HvyShield_basic</li>
				  <li>guy762_HvyShield_env</li>
				  <li>guy762_HvyShield_thermal</li>
				  <li>guy762_HvyShield_debris</li>
				  <li>guy762_HvyShield_echani</li>
				  <li>guy762_HvyShield_baragwin</li>
				  <li>guy762_HvyShield_ion</li>
				  <li>guy762_HvyShield_deflector</li>
				  <li>guy762_HvyShield_balmorran</li>
				  <li>guy762_HvyShield_starforge</li>
				</apparelList>
			</raceRestriction>
            <generalSettings>
                <alienPartGenerator>
					<colorChannels Inherit="False">
						<li>
							<name>skin</name>
							<first Class="ColorGenerator_Options">
								<options>
									<li> <!--bley-->
										<weight>100</weight>
										<only>RGBA(180,180,190,255)</only>
									</li>
								</options>
							</first>
							<second Class="ColorGenerator_Options">
								<options>
									<li> <!--LED red-->
										<weight>100</weight>
										<only>RGBA(255,0,0,255)</only>
									</li>
								</options>
							</second>
						</li>
					</colorChannels>
					<headTypes>
                        <li>guy762_DroidHeadType_HK</li>
                    </headTypes>
					<customDrawSize>(1.5)</customDrawSize>
                </alienPartGenerator>
				<forcedRaceTraitEntries>
				  <li>
					<defName>Asexual</defName>
				  </li>
				</forcedRaceTraitEntries>
            </generalSettings>
		</alienRace>
        <uiIconPath>UI/Icon_KM1MD</uiIconPath>
		<statBases>
			<MarketValue>2100</MarketValue>
			<MoveSpeed>4</MoveSpeed>
			<ComfyTemperatureMin>-200</ComfyTemperatureMin>
			<ComfyTemperatureMax>200</ComfyTemperatureMax>
			
			<GlobalLearningFactor>0.2</GlobalLearningFactor>
			<WorkSpeedGlobal>1.5</WorkSpeedGlobal>
			
			<ArmorRating_Sharp>0.4</ArmorRating_Sharp>
			<ArmorRating_Blunt>0.4</ArmorRating_Blunt>
            <ArmorRating_Heat>0.2</ArmorRating_Heat>
            <InjuryHealingFactor>0.35</InjuryHealingFactor>
            <!--IncomingDamageFactor>0.9</IncomingDamageFactor-->
			
            <StaggerDurationFactor MayRequire="Ludeon.RimWorld.Biotech">0.5</StaggerDurationFactor>
			
            <MHC_MaintenanceRetention>0.5</MHC_MaintenanceRetention>
			
            <MHC_NutritionalIntakeEfficiency>0.65</MHC_NutritionalIntakeEfficiency>
            <MHC_ChargingSpeed>0.65</MHC_ChargingSpeed>
			
			<MDR_ComplexityLimit MayRequire="Killathon.MechanicalHumanlikes.MechDronesReprogrammed">5</MDR_ComplexityLimit>
            <MDR_SkillLimit MayRequire="Killathon.MechanicalHumanlikes.MechDronesReprogrammed">12</MDR_SkillLimit>
			
			<Mass>125</Mass>
		</statBases>
		<race>
			<body>ATR_KotORDroidBody_KM1MD</body>
			<hasGenders>false</hasGenders>
			<lifeExpectancy>250</lifeExpectancy>
			<baseHealthScale>1</baseHealthScale>
			<baseHungerRate>0.75</baseHungerRate>
			<baseBodySize>1.5</baseBodySize>
			<lifeStageAges>
				<li>
					<def>AnimalAdult</def>
					<minAge>0.0</minAge>
					<soundAmbience>kotorsound_AssaultMk2_ambient</soundAmbience>
					<soundAngry>kotorsound_AssaultMk2_angry</soundAngry>
					<soundCall>kotorsound_AssaultMk2_call</soundCall>
					<soundWounded>kotorsound_AssaultMk2_wounded</soundWounded>
					<soundDeath>kotorsound_AssaultMk2_death</soundDeath>
				</li>
			</lifeStageAges>
		</race>
		<modExtensions>
			<li Class="MechHumanlikes.MHC_MechanicalPawnExtension">
                <canBeSapient>false</canBeSapient>
				<droneSkillLevel>8</droneSkillLevel>
                <dronesCanHaveTraits>false</dronesCanHaveTraits>
				<useCustomNoneGenderNameMakers>true</useCustomNoneGenderNameMakers>
                <sapientNoneGenderNameMaker>guy762_DroidNamer_KM1MD</sapientNoneGenderNameMaker>
                <droneNoneGenderNameMaker>guy762_DroidNamer_KM1MD</droneNoneGenderNameMaker>
                <letPawnKindHandleDroneBackstories>false</letPawnKindHandleDroneBackstories>
                <droneChildhoodBackstoryDef>guy762_Backstory_KM1MD</droneChildhoodBackstoryDef>
                <droneAdulthoodBackstoryDef>guy762_Backstory_miningdroid</droneAdulthoodBackstoryDef>
                <blacklistedNeeds>
                    <li>DrugDesire</li>
                    <li MayRequire="Dubwise.DubsBadHygiene">Hygiene</li>
                    <li MayRequire="Dubwise.DubsBadHygiene">Bladder</li>
                    <li MayRequire="Dubwise.DubsBadHygiene">DBHThirst</li>
					<li MayRequire="rim.job.world">Sex</li>
                </blacklistedNeeds>
                <blacklistedSapientNeeds>
                    <li>RoomSize</li>
                    <li>Joy</li>
                    <li>Beauty</li>
                    <li>Comfort</li>
                    <li>Outdoors</li>
                    <li>Indoors</li>
                </blacklistedSapientNeeds>
                <mechanicalNeeds>
                    <li><key>MHC_Coolant</key><value>2</value></li>
                    <li><key>MHC_Lubrication</key><value>1.75</value></li>
                </mechanicalNeeds>
            </li>
            <li Class="ATReforged.ATR_PawnExtension">
                <isAndroid>true</isAndroid>
            </li>
			<li Class="MechHumanlikes.MDR_ProgrammableDroneExtension" MayRequire="Killathon.MechanicalHumanlikes.MechDronesReprogrammed">
                <maxDirectives>1</maxDirectives>
				<inherentSkills>
                    <li><key>Shooting</key><value>6</value></li>
                    <li><key>Melee</key><value>6</value></li>
                    <li><key>Mining</key><value>8</value></li>
                </inherentSkills>
				<inherentWorkTypes>
					<li>Hunting</li>
					<li>Mining</li>
					<li>Hauling</li>
				</inherentWorkTypes>
				<forbiddenWorkTypes>
					<li>Art</li>
					<li>Doctor</li>
					<li>Cleaning</li>
					<li>Cooking</li>
					<li>Growing</li>
					<li>PlantCutting</li>
					<li>Handling</li>
					<li>Smithing</li>
					<li>Crafting</li>
					<li>Tailoring</li>
					<li>Construction</li>
					<li>Warden</li>
					<li MayRequire="Orion.Hospitality">Diplomat</li>
					<li>Research</li>
				</forbiddenWorkTypes>
            </li>
		</modExtensions>
		<tools>
			<li>
				<label>right arm</label>
				<capacities>
					<li>Blunt</li>
				</capacities>
				<power>8</power>
				<cooldownTime>1.5</cooldownTime>
				<linkedBodyPartsGroup>FrontRightPaw</linkedBodyPartsGroup>
				<surpriseAttack>
					<extraMeleeDamages>
						<li>
							<def>Stun</def>
							<amount>6</amount>
						</li>
					</extraMeleeDamages>
				</surpriseAttack>
			</li>
			<li>
				<label>left arm</label>
				<capacities>
					<li>Blunt</li>
				</capacities>
				<power>8</power>
				<cooldownTime>1.5</cooldownTime>
				<linkedBodyPartsGroup>FrontLeftPaw</linkedBodyPartsGroup>
				<surpriseAttack>
					<extraMeleeDamages>
						<li>
							<def>Stun</def>
							<amount>6</amount>
						</li>
					</extraMeleeDamages>
				</surpriseAttack>
			</li>
		</tools>
		<recipes>
            <li>MHC_CoolantInjection</li>
            <li>MHC_LubricantInjection</li>
        </recipes>
		<butcherProducts>
            <Steel>50</Steel>
			<Plasteel>15</Plasteel>
			<ComponentIndustrial>6</ComponentIndustrial>
		</butcherProducts>
		<tradeTags>
            <li>guy762TT_KotORDroids_industrialbasic</li>
		</tradeTags>
	</AlienRace.ThingDef_AlienRace>
	
	
	
	
	
	<AlienRace.ThingDef_AlienRace ParentName="guy762_DroidRace_KM1MD">
		<defName>guy762_DroidRace_KM1HMD</defName>
		<label>KM1-B Excavation Droid</label>
		<description>This improved version of Duwani's KM1-series mining droid features hardpoints for attaching both heavier mining tool systems and class III armor plating arrangements. These sturdier units are typically sent in first to dig tunnels towards pockets of ore, where ordinary mining droids might be easily crushed by debris and cave-ins.\n\nThis droid is capable of the following work types:\n\n-Mining\n-Hauling\n-Firefighting\n-Combat</description>
		<alienRace>
			<raceRestriction>
				<apparelList Inherit="False">
				  <li>guy762_DroidArmorHvy</li>
				  <li>guy762_DroidArmorHvy_czerka</li> <!--THERE IS ANOTHER LIST IN THIS DOC-->
				  <li>guy762_DroidArmorHvy_env</li>
				  <li>guy762_DroidArmorHvy_desh</li>
				  <li>guy762_DroidArmorHvy_impact</li>
				  <li>guy762_DroidArmorHvy_composite</li>
				  <li>guy762_DroidArmorHvy_diatium</li>
				  
				  <li>guy762_LgtCannon_mininglaser</li>
				  <li>guy762_LgtCannon_hvyrep</li>
				  <li>guy762_LgtCannon_blaster</li>
				  <li>guy762_LgtCannon_pulse</li>
				  <li>guy762_LgtCannon_massdriver</li>
				  <li>guy762_LgtCannon_railgun</li>
				  
				  <li>guy762_LgtCannon_firefoam</li>
				  <li>guy762_LgtCannon_sonic</li>
				  <li>guy762_LgtCannon_flamethrower</li>
				  <li>guy762_LgtCannon_ion</li>
				  <li>guy762_LgtCannon_disruptor</li>
				  <li>guy762_LgtCannon_m_highex</li>
				  <li>guy762_LgtCannon_m_plasma</li>
				  <li>guy762_LgtCannon_m_ion</li>
				  <li>guy762_LgtCannon_m_buster</li>
				  
				  <li>guy762_HvyShield_basic</li>
				  <li>guy762_HvyShield_env</li>
				  <li>guy762_HvyShield_thermal</li>
				  <li>guy762_HvyShield_debris</li>
				  <li>guy762_HvyShield_echani</li>
				  <li>guy762_HvyShield_baragwin</li>
				  <li>guy762_HvyShield_ion</li>
				  <li>guy762_HvyShield_deflector</li>
				  <li>guy762_HvyShield_balmorran</li>
				  <li>guy762_HvyShield_starforge</li>
				</apparelList>
			</raceRestriction>
			<generalSettings>
                <alienPartGenerator>
					<colorChannels Inherit="False">
						<li>
							<name>skin</name>
							<first Class="ColorGenerator_Options">
								<options>
									<li> <!--red-->
										<weight>100</weight>
										<only>RGBA(215,100,100,255)</only>
									</li>
									<li> <!--blue-->
										<weight>1</weight>
										<only>RGBA(95,120,185,255)</only>
									</li>
								</options>
							</first>
							<second Class="ColorGenerator_Options">
								<options>
									<li> <!--LED yellow-->
										<weight>10</weight>
										<only>RGBA(235,255,120,255)</only>
									</li>
								</options>
							</second>
						</li>
					</colorChannels>
                </alienPartGenerator>
            </generalSettings>
		</alienRace>
		<statBases>
			<MarketValue>4780</MarketValue>
			<IncomingDamageFactor>0.85</IncomingDamageFactor>
			<Mass>150</Mass>
			
			<MHC_MaintenanceRetention>0.65</MHC_MaintenanceRetention>
			
			<MDR_ComplexityLimit MayRequire="Killathon.MechanicalHumanlikes.MechDronesReprogrammed">10</MDR_ComplexityLimit>
            <MDR_SkillLimit MayRequire="Killathon.MechanicalHumanlikes.MechDronesReprogrammed">16</MDR_SkillLimit>
		</statBases>
		<modExtensions Inherit="False">
			<li Class="MechHumanlikes.MHC_MechanicalPawnExtension">
                <canBeSapient>false</canBeSapient>
				<droneSkillLevel>12</droneSkillLevel>
                <dronesCanHaveTraits>false</dronesCanHaveTraits>
				<useCustomNoneGenderNameMakers>true</useCustomNoneGenderNameMakers>
                <sapientNoneGenderNameMaker>guy762_DroidNamer_KM1MD</sapientNoneGenderNameMaker>
                <droneNoneGenderNameMaker>guy762_DroidNamer_KM1MD</droneNoneGenderNameMaker>
                <letPawnKindHandleDroneBackstories>false</letPawnKindHandleDroneBackstories>
                <droneChildhoodBackstoryDef>guy762_Backstory_KM1MD</droneChildhoodBackstoryDef>
                <droneAdulthoodBackstoryDef>guy762_Backstory_miningdroid</droneAdulthoodBackstoryDef>
                <blacklistedNeeds>
                    <li>DrugDesire</li>
                    <li MayRequire="Dubwise.DubsBadHygiene">Hygiene</li>
                    <li MayRequire="Dubwise.DubsBadHygiene">Bladder</li>
                    <li MayRequire="Dubwise.DubsBadHygiene">DBHThirst</li>
					<li MayRequire="rim.job.world">Sex</li>
                </blacklistedNeeds>
                <blacklistedSapientNeeds>
                    <li>RoomSize</li>
                    <li>Joy</li>
                    <li>Beauty</li>
                    <li>Comfort</li>
                    <li>Outdoors</li>
                    <li>Indoors</li>
                </blacklistedSapientNeeds>
                <mechanicalNeeds>
                    <li><key>MHC_Coolant</key><value>3</value></li>
                    <li><key>MHC_Lubrication</key><value>1.75</value></li>
                </mechanicalNeeds>
            </li>
            <li Class="ATReforged.ATR_PawnExtension">
                <isAndroid>true</isAndroid>
            </li>
			<li Class="MechHumanlikes.MDR_ProgrammableDroneExtension" MayRequire="Killathon.MechanicalHumanlikes.MechDronesReprogrammed">
                <maxDirectives>2</maxDirectives>
				<inherentSkills>
                    <li><key>Shooting</key><value>8</value></li>
                    <li><key>Melee</key><value>8</value></li>
                    <li><key>Mining</key><value>12</value></li>
                </inherentSkills>
				<inherentWorkTypes>
					<li>Hunting</li>
					<li>Mining</li>
					<li>Hauling</li>
					<li>Firefighter</li>
				</inherentWorkTypes>
				<forbiddenWorkTypes>
					<li>Art</li>
					<li>Doctor</li>
					<li>Cleaning</li>
					<li>Cooking</li>
					<li>Growing</li>
					<li>PlantCutting</li>
					<li>Handling</li>
					<li>Smithing</li>
					<li>Crafting</li>
					<li>Tailoring</li>
					<li>Construction</li>
					<li>Warden</li>
					<li MayRequire="Orion.Hospitality">Diplomat</li>
					<li>Research</li>
				</forbiddenWorkTypes>
            </li>
		</modExtensions>
        <uiIconPath>UI/Icon_KM1HMD</uiIconPath>
		<tradeTags>
            <li>guy762TT_KotORDroids_industrialadv</li>
		</tradeTags>
		<butcherProducts>
            <Uranium>40</Uranium>
			<Plasteel>20</Plasteel>
			<ComponentIndustrial>6</ComponentIndustrial>
		</butcherProducts>
	</AlienRace.ThingDef_AlienRace>
	
	
	
	
	
	
	
	
	
	

	
	
	
</Defs>