<?xml version="1.0" encoding="utf-8"?>
<Defs>

	<BackstoryDef>
		<defName>guy762_Backstory_patroldroid</defName>
		<title>patrol droid</title>
		<titleShort>patrol droid</titleShort>
		<baseDesc>This is a patrol droid.</baseDesc>
		<slot>Adulthood</slot>
		<spawnCategories>
			<li>guy762BSC_Droid_patrol</li>
			<li>guy762BSC_Droid_all</li>
		</spawnCategories>
	</BackstoryDef>

	
	
	
	<BackstoryDef>
		<defName>guy762_Backstory_MPDMkI</defName>
		<title>Municipal Patrol Droid Mark I</title>
		<titleShort>Municipal Patrol Droid</titleShort>
		<baseDesc>This is a common patrol droid.</baseDesc>
		<slot>Childhood</slot>
		<spawnCategories>
			<li>guy762BSC_Droid_MPDMkI</li>
			<li>guy762BSC_Droid_all</li>
		</spawnCategories>
		<workDisables>
			<li>Animals</li>
            <li>Artistic</li>
            <li>Cooking</li>
			<li>PlantWork</li>
			<li>Mining</li>
			<li>Crafting</li>
			<li>Social</li>
			<li>Hauling</li>
			<li>Cleaning</li>
			<li>Constructing</li>
			<li>Caring</li>
			<li>Intellectual</li>
		</workDisables>
		<requiredWorkTags>
			<li>Violent</li>
			<li>Hunting</li>
		</requiredWorkTags>
	</BackstoryDef>
	
	
	<AlienRace.ThingDef_AlienRace Name="guy762_DroidRace_MPDMkI" ParentName="guy762_KotORDroidBase">
		<defName>guy762_DroidRace_MPDMkI</defName>
		<label>Municipal Patrol Droid Mark I</label>
		<description>Automata Galactica's Municipal Patrol Droid was developed with civic security in mind. A lightweight frame, powerful repulsors and thrusters, and a strong communications relay allow these units to easily serve in policing or patrol roles. Sensor hardpoints, as well as its quick speed, also enables these droids to function as scouts in military forces.\n\nThis droid is capable of the following work types:\n\n-Combat\n-Hunting</description>
		<alienRace>
			<graphicPaths>
                <body>
                    <path>Droid/MPDMk1/MPDMk1</path>
                </body>
				<bodyMasks>
				  <path>Droid/MPDMk1/MPDMk1_mask</path>
				</bodyMasks>
				<head>
                    <path>512blank</path>
                </head>
                <skinShader>Cutout</skinShader>
            </graphicPaths>
			<raceRestriction>
				
				<onlyUseRaceRestrictedWeapons>true</onlyUseRaceRestrictedWeapons>
				<weaponList />
				
				<apparelList>
				  <li>guy762_DroidArmorLte</li>
				  <li>guy762_DroidArmorLte_czerka</li> <!--THERE IS ANOTHER LIST IN THIS DOC-->
				  <li>guy762_DroidArmorLte_env</li>
				  <li>guy762_DroidArmorLte_desh</li>
				  <li>guy762_DroidArmorLte_impact</li>
				  <li>guy762_DroidArmorLte_composite</li>
				  <li>guy762_DroidArmorLte_agrinium</li>
				  
				  <li>guy762_DroidSensor_motion</li>
				  <li>guy762_DroidSensor_surveillance</li>
				  <li>guy762_DroidSensor_fighting</li>
				  <li>guy762_DroidSensor_repair</li>
				  <li>guy762_DroidSensor_memory</li>
				  <li>guy762_DroidSensor_EMPresist</li>
				  <li>guy762_DroidSensor_battle</li>
				  <li>guy762_DroidSensor_microoptics</li>
				  <li>guy762_DroidSensor_perception</li>
				  
				  <li>guy762_DroidWeapon_holdout</li>
				  <li>guy762_DroidWeapon_trishot</li>
				  <li>guy762_DroidWeapon_pulse</li>
				  <li>guy762_DroidWeapon_sonic</li>
				  <li>guy762_DroidWeapon_plasma</li>
				  <li>guy762_DroidWeapon_railgun</li>

				  <li>guy762_DroidShield_basicI</li>
				  <li>guy762_DroidShield_envI</li>
				  <li>guy762_DroidShield_melee</li>
				  <li>guy762_DroidShield_basicII</li>
				  <li>guy762_DroidShield_envII</li>
				  <li>guy762_DroidShield_defI</li>
				  <li>guy762_DroidShield_basicIII</li>
				  <li>guy762_DroidShield_ion</li>
				  <li>guy762_DroidShield_defII</li>
				  <li>guy762_DroidShield_baragwin</li>
				  <li MayRequire ="guy762.KotORGadgets">guy762_DroidShield_arkanian</li>
				  <li MayRequire ="guy762.KotORGadgets">guy762_DroidShield_echani</li>
				  <li MayRequire ="guy762.KotORGadgets">guy762_DroidShield_verpine</li>
				</apparelList>
			</raceRestriction>
            <generalSettings>
                <alienPartGenerator>
					<colorChannels Inherit="False">
						<li>
							<name>skin</name>
							<first Class="ColorGenerator_Options">
								<options>
									<li> <!--silver-->
										<weight>50</weight>
										<only>RGBA(180,190,185,255)</only>
									</li>
								</options>
							</first>
							<second Class="ColorGenerator_Options">
								<options>
									<li> <!--LED cyan-->
										<weight>100</weight>
										<only>RGBA(0,255,255,255)</only>
									</li>
								</options>
							</second>
						</li>
					</colorChannels>
					<headTypes>
                        <li>guy762_DroidHeadType_HK</li>
                    </headTypes>
					<!--customDrawSize>(0.9)</customDrawSize-->
                </alienPartGenerator>
				<forcedRaceTraitEntries>
				  <li>
					<defName>Asexual</defName>
				  </li>
				</forcedRaceTraitEntries>
            </generalSettings>
		</alienRace>
        <uiIconPath>UI/Icon_MPDMk1</uiIconPath>
		<statBases>
			<MarketValue>700</MarketValue>
			<MoveSpeed>6</MoveSpeed>
			<ComfyTemperatureMin>-50</ComfyTemperatureMin>
			<ComfyTemperatureMax>50</ComfyTemperatureMax>
			
			<GlobalLearningFactor>0.25</GlobalLearningFactor>
			<WorkSpeedGlobal>1</WorkSpeedGlobal>
			
			<ArmorRating_Sharp>0.3</ArmorRating_Sharp>
			<ArmorRating_Blunt>0.2</ArmorRating_Blunt>
            <ArmorRating_Heat>0.4</ArmorRating_Heat>
			<InjuryHealingFactor>0.75</InjuryHealingFactor>
            <!--IncomingDamageFactor>0.95</IncomingDamageFactor-->
			
            <MHC_MaintenanceRetention>1.25</MHC_MaintenanceRetention>
            <MHC_NutritionalIntakeEfficiency>1.15</MHC_NutritionalIntakeEfficiency>
            <MHC_ChargingSpeed>1.15</MHC_ChargingSpeed>
			
			<MDR_ComplexityLimit MayRequire="Killathon.MechanicalHumanlikes.MechDronesReprogrammed">15</MDR_ComplexityLimit>
            <MDR_SkillLimit MayRequire="Killathon.MechanicalHumanlikes.MechDronesReprogrammed">12</MDR_SkillLimit>
			
			<Mass>25</Mass>
		</statBases>
		<race>
			<body>ATR_KotORDroidBody_MPDMkI</body>
			<hasGenders>false</hasGenders>
			<lifeExpectancy>100</lifeExpectancy>
			<baseHealthScale>0.6</baseHealthScale>
			<baseHungerRate>0.5</baseHungerRate>
			<baseBodySize>0.5</baseBodySize>
			<lifeStageAges>
				<li>
					<def>AnimalAdult</def>
					<minAge>0.0</minAge>
					<soundAmbience>kotorsound_MPDMkI_ambient</soundAmbience>
					<soundAngry>kotorsound_MPDMkI_angry</soundAngry>
					<soundCall>kotorsound_MPDMkI_call</soundCall>
					<soundWounded>kotorsound_MPDMkI_wounded</soundWounded>
					<soundDeath>kotorsound_MPDMkI_death</soundDeath>
				</li>
			</lifeStageAges>
		</race>
		<modExtensions>
			<li Class="MechHumanlikes.MHC_MechanicalPawnExtension">
                <canBeSapient>false</canBeSapient>
				<droneSkillLevel>8</droneSkillLevel>
                <dronesCanHaveTraits>false</dronesCanHaveTraits>
				<useCustomNoneGenderNameMakers>true</useCustomNoneGenderNameMakers>
                <sapientNoneGenderNameMaker>guy762_DroidNamer_MPDMkI</sapientNoneGenderNameMaker>
                <droneNoneGenderNameMaker>guy762_DroidNamer_MPDMkI</droneNoneGenderNameMaker>
                <letPawnKindHandleDroneBackstories>false</letPawnKindHandleDroneBackstories>
                <droneChildhoodBackstoryDef>guy762_Backstory_MPDMkI</droneChildhoodBackstoryDef>
                <droneAdulthoodBackstoryDef>guy762_Backstory_patroldroid</droneAdulthoodBackstoryDef>
                <blacklistedNeeds>
                    <li>DrugDesire</li>
                    <li MayRequire="Dubwise.DubsBadHygiene">Hygiene</li>
                    <li MayRequire="Dubwise.DubsBadHygiene">Bladder</li>
                    <li MayRequire="Dubwise.DubsBadHygiene">DBHThirst</li>
					<li MayRequire="rim.job.world">Sex</li>
                </blacklistedNeeds>
                <blacklistedSapientNeeds>
                    <li>RoomSize</li>
                    <li>Joy</li>
                    <li>Beauty</li>
                    <li>Comfort</li>
                    <li>Outdoors</li>
                    <li>Indoors</li>
                </blacklistedSapientNeeds>
                <mechanicalNeeds>
                    <li><key>MHC_Coolant</key><value>0.75</value></li>
                    <li><key>MHC_Lubrication</key><value>0.25</value></li>
                </mechanicalNeeds>
            </li>
            <li Class="ATReforged.ATR_PawnExtension">
                <isAndroid>true</isAndroid>
            </li>
			<li Class="MechHumanlikes.MDR_ProgrammableDroneExtension" MayRequire="Killathon.MechanicalHumanlikes.MechDronesReprogrammed">
                <maxDirectives>2</maxDirectives>
				<inherentSkills>
                    <li><key>Shooting</key><value>8</value></li>
                </inherentSkills>
				<inherentWorkTypes>
					<li>Hunting</li>
				</inherentWorkTypes>
				<forbiddenWorkTypes>
					<li>Art</li>
					<li>Doctor</li>
					<li>Cooking</li>
					<li>Growing</li>
					<li>PlantCutting</li>
					<li>Handling</li>
					<li>Smithing</li>
					<li>Crafting</li>
					<li>Hauling</li>
					<li>Warden</li>
					<li MayRequire="Orion.Hospitality">Diplomat</li>
				</forbiddenWorkTypes>
            </li>
		</modExtensions>
		<tools>
			<li>
				<label>head</label>
				<capacities>
					<li>Blunt</li>
				</capacities>
				<power>3</power>
				<cooldownTime>2</cooldownTime>
				<linkedBodyPartsGroup>HeadAttackTool</linkedBodyPartsGroup>
                <ensureLinkedBodyPartsGroupAlwaysUsable>true</ensureLinkedBodyPartsGroupAlwaysUsable>
				<chanceFactor>0.2</chanceFactor>
			</li>
		</tools>
		<recipes>
            <li>MHC_CoolantInjection</li>
            <li>MHC_LubricantInjection</li>
        </recipes>
		<butcherProducts>
            <Steel>10</Steel>
			<Plasteel>15</Plasteel>
			<ComponentIndustrial>4</ComponentIndustrial>
		</butcherProducts>
		<tradeTags>
			<li>guy762TT_KotORDroids_battlebasic</li>
		</tradeTags>
	</AlienRace.ThingDef_AlienRace>
	

	
	
	
	


</Defs>