<?xml version="1.0" encoding="utf-8"?>
<Defs>

	
	<BackstoryDef>
		<defName>guy762_Backstory_utilitydroid</defName>
		<title>utility droid</title>
		<titleShort>utility droid</titleShort>
		<baseDesc>This is a utility droid.</baseDesc>
		<slot>Adulthood</slot>
		<spawnCategories>
			<li>guy762BSC_Droid_utility</li>
			<li>guy762BSC_Droid_all</li>
		</spawnCategories>
	</BackstoryDef>
	
	<BackstoryDef>
		<defName>guy762_Backstory_TsUD_T3</defName>
		<title>T3-series utility droid</title>
		<titleShort>T3 unit</titleShort>
		<baseDesc>This is an advanced utility droid, capable of many tasks and proficient in combat.</baseDesc>
		<slot>Childhood</slot>
		<spawnCategories>
			<li>guy762BSC_Droid_TsUD_T3</li>
			<li>guy762BSC_Droid_all</li>
		</spawnCategories>
		<workDisables>
			<li>Animals</li>
			<li>Hunting</li>
            <li>Caring</li>
            <li>Artistic</li>
            <li>Cooking</li>
			<li>PlantWork</li>
			<li>Mining</li>
			<li>Social</li>
			<li>Cleaning</li>
		</workDisables>
		<requiredWorkTags>
			<li>Violent</li>
			<li>Hauling</li>
			<li>Crafting</li>
			<li>Constructing</li>
			<li>Intellectual</li>
			<li>Firefighting</li>
		</requiredWorkTags>
	</BackstoryDef>
	
	<BackstoryDef>
		<defName>guy762_Backstory_TsUD_3C</defName>
		<title>3C-series utility droid</title>
		<titleShort>3C unit</titleShort>
		<baseDesc>This is a sophisticated repair and utility droid.</baseDesc>
		<slot>Childhood</slot>
		<spawnCategories>
			<li>guy762BSC_Droid_TsUD_3C</li>
			<li>guy762BSC_Droid_all</li>
		</spawnCategories>
		<workDisables>
			<li>Animals</li>
			<li>Hunting</li>
            <li>Caring</li>
            <li>Artistic</li>
            <li>Cooking</li>
			<li>PlantWork</li>
			<li>Mining</li>
			<li>Social</li>
			<li>Intellectual</li>
			<li>Cleaning</li>
		</workDisables>
		<requiredWorkTags>
			<li>Violent</li>
			<li>Hauling</li>
			<li>Crafting</li>
			<li>Constructing</li>
			<li>Firefighting</li>
		</requiredWorkTags>
	</BackstoryDef>
	
	<BackstoryDef>
		<defName>guy762_Backstory_TsUD_IT</defName>
		<title>IT-series utility droid</title>
		<titleShort>IT unit</titleShort>
		<baseDesc>This is a sophisticated information processing droid.</baseDesc>
		<slot>Childhood</slot>
		<spawnCategories>
			<li>guy762BSC_Droid_TsUD_IT</li>
			<li>guy762BSC_Droid_all</li>
		</spawnCategories>
		<workDisables>
			<li>ManualSkilled</li>
			<li>ManualDumb</li>
			<li>Artistic</li>
			<li>Caring</li>
			<li>Animals</li>
			<li>Hunting</li>
			<li>Social</li>
		</workDisables>
		<requiredWorkTags>
			<li>Violent</li>
			<li>Intellectual</li>
			<li>Firefighting</li>
		</requiredWorkTags>
	</BackstoryDef>
	
	
	
	<AlienRace.ThingDef_AlienRace Name="guy762_DroidRace_T3series" ParentName="guy762_KotORDroidBase">
		<defName>guy762_DroidRace_T3series</defName>
		<label>T3-series utility droid</label>
		<description>Combining the capabilities of both the 3C and IT utility droid lines, Duwani Mechanical Products' T3-series is a landmark in utility droid technology. Its capabilities are nearly limitless compared to most other droids, though some owners have reported erratic behavior on units that are not frequently memory-wiped. Sale of these units is limited and most are made to-order for high-value buyers, and as such the cost of these units - even used - rivals that of some military assault droids.\n\nThis droid is capable of the following work types:\n\n-Combat\n-Hauling\n-Crafting\n-Constructing\n-Intellectual\n-Firefighting</description>
		<alienRace>
			<graphicPaths>
                <body>
                    <path>Droid/T3/T3</path>
                </body>
				<bodyMasks>
				  <path>Droid/T3/T3_mask</path>
				</bodyMasks>
				<head>
                    <path>512blank</path>
                </head>
                <skinShader>Cutout</skinShader>
            </graphicPaths>
			<raceRestriction>
				
				<onlyUseRaceRestrictedWeapons>true</onlyUseRaceRestrictedWeapons>
				<weaponList />
				
				<apparelList>
				  <li>guy762_DroidArmorLte</li>
				  <li>guy762_DroidArmorLte_czerka</li> <!--THERE IS ANOTHER LIST IN THIS DOC-->
				  <li>guy762_DroidArmorLte_env</li>
				  <li>guy762_DroidArmorLte_desh</li>
				  <li>guy762_DroidArmorLte_impact</li>
				  <li>guy762_DroidArmorLte_composite</li>
				  <li>guy762_DroidArmorLte_agrinium</li>
				  
				  <li>guy762_DroidSoftware_computer</li>
				  <li>guy762_DroidSoftware_security</li>
				  <li>guy762_DroidSoftware_lockout</li>
				  <li>guy762_DroidSoftware_exchange</li>
				  <li>guy762_DroidSoftware_repair</li>
				  <li>guy762_DroidSoftware_demo</li>
				  <li>guy762_DroidSoftware_anatomy</li>
				  
				  <li>guy762_DroidHardware_agility</li>
				  <li>guy762_DroidHardware_motivator</li>
				  <li>guy762_DroidHardware_durability</li>
				  <li>guy762_DroidHardware_parabolic</li>
				  <li>guy762_DroidHardware_systems</li>
				  <li>guy762_DroidHardware_remote</li>
				  
				  <li>guy762_DroidSensor_motion</li>
				  <li>guy762_DroidSensor_surveillance</li>
				  <li>guy762_DroidSensor_fighting</li>
				  <li>guy762_DroidSensor_repair</li>
				  <li>guy762_DroidSensor_memory</li>
				  <li>guy762_DroidSensor_EMPresist</li>
				  <li>guy762_DroidSensor_battle</li>
				  <li>guy762_DroidSensor_microoptics</li>
				  <li>guy762_DroidSensor_perception</li>
				  
				  <li>guy762_DroidGadget_laser</li>
				  <li>guy762_DroidGadget_shock</li>
				  <li>guy762_DroidGadget_firefoam</li>
				  <li>guy762_DroidGadget_kolto</li>
				  
				  <li>guy762_DroidWeapon_holdout</li>
				  <li>guy762_DroidWeapon_trishot</li>
				  <li>guy762_DroidWeapon_pulse</li>
				  <li>guy762_DroidWeapon_sonic</li>
				  <li>guy762_DroidWeapon_plasma</li>
				  <li>guy762_DroidWeapon_railgun</li>
				  
				  <li>guy762_DroidWeapon_flamethrower</li>
				  <li>guy762_DroidWeapon_ion</li>
				  <li>guy762_DroidWeapon_seekerrocket</li>
				  <li>guy762_DroidWeapon_microrocket</li>
				  <li>guy762_DroidWeapon_stunbeam</li>
				  <li>guy762_DroidWeapon_toxbeam</li>
				  
				  <li>guy762_DroidShield_basicI</li>
				  <li>guy762_DroidShield_envI</li>
				  <li>guy762_DroidShield_melee</li>
				  <li>guy762_DroidShield_basicII</li>
				  <li>guy762_DroidShield_envII</li>
				  <li>guy762_DroidShield_defI</li>
				  <li>guy762_DroidShield_basicIII</li>
				  <li>guy762_DroidShield_ion</li>
				  <li>guy762_DroidShield_defII</li>
				  <li>guy762_DroidShield_baragwin</li>
				  <li MayRequire ="guy762.KotORGadgets">guy762_DroidShield_arkanian</li>
				  <li MayRequire ="guy762.KotORGadgets">guy762_DroidShield_echani</li>
				  <li MayRequire ="guy762.KotORGadgets">guy762_DroidShield_verpine</li>
				  
				  <li>guy762_DroidHardware_scav</li>
				  <li>guy762_DroidSensor_warfare</li>
				  <li>guy762_DroidHardware_regen</li>
				  <li>guy762_DroidShield_renewable</li>
				</apparelList>
			</raceRestriction>
            <generalSettings>
                <alienPartGenerator>
					<colorChannels Inherit="False">
						<li>
							<name>skin</name>
							<first Class="ColorGenerator_Options">
								<options>
									<li> <!--t3-->
										<weight>10</weight>
										<only>RGBA(235,255,255,255)</only>
									</li>
								</options>
							</first>
							<second Class="ColorGenerator_Options">
								<options>
									<li> <!--t3-->
										<weight>10</weight>
										<only>RGBA(235,255,255,255)</only>
									</li>
									<li> <!--blue-->
										<weight>1</weight>
										<only>RGBA(125,175,200,255)</only>
									</li>
									<li> <!--slate-->
										<weight>1</weight>
										<only>RGBA(130,140,160,255)</only>
									</li>
									<li> <!--olive-->
										<weight>1</weight>
										<only>RGBA(150,155,135,255)</only>
									</li>
									<li> <!--red-->
										<weight>1</weight>
										<only>RGBA(215,110,140,255)</only>
									</li>
								</options>
							</second>
						</li>
					</colorChannels>
					<headTypes>
                        <li>guy762_DroidHeadType_HK</li>
                    </headTypes>
					<!--customDrawSize>(1.2)</customDrawSize-->
                </alienPartGenerator>
				<forcedRaceTraitEntries>
				  <li>
					<defName>Asexual</defName>
				  </li>
				  <li>
					<defName>TooSmart</defName>
				  </li>
				</forcedRaceTraitEntries>
            </generalSettings>
		</alienRace>
        <uiIconPath>UI/Icon_T3</uiIconPath>
		<statBases>
			<MarketValue>12000</MarketValue>
			<MoveSpeed>3</MoveSpeed>
			<ComfyTemperatureMin>-125</ComfyTemperatureMin>
			<ComfyTemperatureMax>125</ComfyTemperatureMax>
			
			<GlobalLearningFactor>1.5</GlobalLearningFactor>
			<WorkSpeedGlobal>1.2</WorkSpeedGlobal>
			
			<ArmorRating_Sharp>0.2</ArmorRating_Sharp>
			<ArmorRating_Blunt>0.1</ArmorRating_Blunt>
            <ArmorRating_Heat>0.3</ArmorRating_Heat>
            <InjuryHealingFactor>1.75</InjuryHealingFactor>
            <IncomingDamageFactor>0.95</IncomingDamageFactor>
			
            <StaggerDurationFactor MayRequire="Ludeon.RimWorld.Biotech">0.8</StaggerDurationFactor>
            <EMPResistance MayRequire="Ludeon.RimWorld.Biotech">0.9</EMPResistance>
			
            <MHC_MaintenanceRetention>1.5</MHC_MaintenanceRetention>
			
            <MHC_NutritionalIntakeEfficiency>1.15</MHC_NutritionalIntakeEfficiency>
            <MHC_ChargingSpeed>1.15</MHC_ChargingSpeed>
			
			<MDR_ComplexityLimit MayRequire="Killathon.MechanicalHumanlikes.MechDronesReprogrammed">30</MDR_ComplexityLimit>
            <MDR_SkillLimit MayRequire="Killathon.MechanicalHumanlikes.MechDronesReprogrammed">20</MDR_SkillLimit>
			
			<Mass>35</Mass>
		</statBases>
		<race>
			<body>ATR_KotORDroidBody_T3UD</body>
			<hasGenders>false</hasGenders>
			<lifeExpectancy>1000</lifeExpectancy>
			<baseHealthScale>1.5</baseHealthScale>
			<baseHungerRate>0.65</baseHungerRate>
			<baseBodySize>0.65</baseBodySize>
			<lifeStageAges>
				<li>
					<def>AnimalAdult</def>
					<minAge>0.0</minAge>
					<soundAmbience>kotorsound_TsUD_ambient</soundAmbience>
					<soundAngry>kotorsound_TsUD_angry</soundAngry>
					<soundCall>kotorsound_TsUD_call</soundCall>
					<soundWounded>kotorsound_TsUD_wounded</soundWounded>
					<soundDeath>kotorsound_TsUD_death</soundDeath>
				</li>
			</lifeStageAges>
		</race>
		<modExtensions>
			<li Class="MechHumanlikes.MHC_MechanicalPawnExtension">
                <canBeSapient>false</canBeSapient>
				<droneSkillLevel>16</droneSkillLevel>
                <dronesCanHaveTraits>true</dronesCanHaveTraits>
				<useCustomNoneGenderNameMakers>false</useCustomNoneGenderNameMakers>               <!--ATTENTION: T3 namemakers now *have* to be in the pawnkinddefs so I don't have to make a new RaceDef just for T3 units with the specific name T3-M4-->
                <!--sapientNoneGenderNameMaker>guy762_DroidNamer_T3</sapientNoneGenderNameMaker>
                <droneNoneGenderNameMaker>guy762_DroidNamer_T3</droneNoneGenderNameMaker-->
                <letPawnKindHandleDroneBackstories>false</letPawnKindHandleDroneBackstories>
                <droneChildhoodBackstoryDef>guy762_Backstory_TsUD_T3</droneChildhoodBackstoryDef>
                <droneAdulthoodBackstoryDef>guy762_Backstory_utilitydroid</droneAdulthoodBackstoryDef>
                <blacklistedNeeds>
                    <li>DrugDesire</li>
                    <li MayRequire="Dubwise.DubsBadHygiene">Hygiene</li>
                    <li MayRequire="Dubwise.DubsBadHygiene">Bladder</li>
                    <li MayRequire="Dubwise.DubsBadHygiene">DBHThirst</li>
					<li MayRequire="rim.job.world">Sex</li>
                </blacklistedNeeds>
                <blacklistedSapientNeeds>
                    <li>RoomSize</li>
                    <li>Joy</li>
                    <li>Beauty</li>
                    <li>Comfort</li>
                    <li>Outdoors</li>
                    <li>Indoors</li>
                </blacklistedSapientNeeds>
                <mechanicalNeeds>
                    <li><key>MHC_Coolant</key><value>0.75</value></li>
                    <li><key>MHC_Lubrication</key><value>0.75</value></li>
                </mechanicalNeeds>
            </li>
            <li Class="ATReforged.ATR_PawnExtension">
                <isAndroid>true</isAndroid>
            </li>
			<li Class="MechHumanlikes.MDR_ProgrammableDroneExtension" MayRequire="Killathon.MechanicalHumanlikes.MechDronesReprogrammed">
                <maxDirectives>6</maxDirectives>
				<inherentSkills>
                    <li><key>Shooting</key><value>10</value></li>
                    <li><key>Construction</key><value>14</value></li>
                    <li><key>Crafting</key><value>14</value></li>
                    <li><key>Intellectual</key><value>14</value></li>
                </inherentSkills>
				<inherentWorkTypes>
					<li>Hunting</li>
					<li>Hauling</li>
					<li>Smithing</li>
					<li>Construction</li>
					<li>Research</li>
					<li>Firefighter</li>
					<li>BasicWorker</li>
					<li>MHC_Mechanic</li>
				</inherentWorkTypes>
				<forbiddenWorkTypes>
					<li>Art</li>
					<li>Cleaning</li>
					<li>Warden</li>
					<li MayRequire="Orion.Hospitality">Diplomat</li>
				</forbiddenWorkTypes>
            </li>
		</modExtensions>
		<tools>
			<li>
				<label>head</label>
				<capacities>
					<li>Blunt</li>
				</capacities>
				<power>3</power>
				<cooldownTime>2</cooldownTime>
				<linkedBodyPartsGroup>HeadAttackTool</linkedBodyPartsGroup>
                <ensureLinkedBodyPartsGroupAlwaysUsable>true</ensureLinkedBodyPartsGroupAlwaysUsable>
				<chanceFactor>0.2</chanceFactor>
			</li>
		</tools>
		<recipes>
            <li>MHC_CoolantInjection</li>
            <li>MHC_LubricantInjection</li>
        </recipes>
		<butcherProducts>
            <Uranium>20</Uranium>
			<Plasteel>20</Plasteel>
			<ComponentIndustrial>8</ComponentIndustrial>
			<ComponentSpacer>2</ComponentSpacer>
			<TechprofSubpersonaCore>1</TechprofSubpersonaCore>
		</butcherProducts>
		<tradeTags>
            <li>guy762TT_KotORDroids_techrare</li>
		</tradeTags>
	</AlienRace.ThingDef_AlienRace>
	
	<AlienRace.ThingDef_AlienRace ParentName="guy762_DroidRace_T3series">
		<defName>guy762_DroidRace_3Cseries</defName>
		<label>3C-series utility droid</label>
		<description>Duwani's 3C line of utility droid is designed for more advanced repair work than cheaper competitor models are capable of. Equipped with a wide variety of tools for both micro and macro-scale repair work, these sophisticated droids excel in constrained environments where advantages of one advanced droid would be preferable to the upkeep of many basic droids, such as in deep-space mining claims and on naval warships.\n\nThis droid is capable of the following work types:\n\n-Construction\n-Crafting\n-Hauling\n-Firefighting\n-Combat</description>
		<alienRace>
            <generalSettings>
                <alienPartGenerator>
					<colorChannels Inherit="False">
						<li>
							<name>skin</name>
							<first Class="ColorGenerator_Options">
								<options>
									<li> <!--3c-->
										<weight>5</weight>
										<only>RGBA(255,225,150,255)</only>
									</li>
								</options>
							</first>
							<second Class="ColorGenerator_Options">
								<options>
									<li> <!--3c-->
										<weight>5</weight>
										<only>RGBA(255,125,75,255)</only>
									</li>
								</options>
							</second>
						</li>
					</colorChannels>
                </alienPartGenerator>
				<forcedRaceTraitEntries Inherit="False">
				  <li>
					<defName>Asexual</defName>
				  </li>
				</forcedRaceTraitEntries>
            </generalSettings>
			<raceRestriction>
				<apparelList Inherit="False">
				  <li>guy762_DroidArmorLte</li>
				  <li>guy762_DroidArmorLte_czerka</li> <!--THERE IS ANOTHER LIST IN THIS DOC-->
				  <li>guy762_DroidArmorLte_env</li>
				  <li>guy762_DroidArmorLte_desh</li>
				  <li>guy762_DroidArmorLte_impact</li>
				  <li>guy762_DroidArmorLte_composite</li>
				  <li>guy762_DroidArmorLte_agrinium</li>
				  
				  <li>guy762_DroidSoftware_computer</li>
				  <li>guy762_DroidSoftware_security</li>
				  <li>guy762_DroidSoftware_lockout</li>
				  <li>guy762_DroidSoftware_exchange</li>
				  <li>guy762_DroidSoftware_repair</li>
				  <li>guy762_DroidSoftware_demo</li>
				  <li>guy762_DroidSoftware_anatomy</li>
				  
				  <li>guy762_DroidHardware_agility</li>
				  <li>guy762_DroidHardware_motivator</li>
				  <li>guy762_DroidHardware_durability</li>
				  <li>guy762_DroidHardware_parabolic</li>
				  <li>guy762_DroidHardware_systems</li>
				  <li>guy762_DroidHardware_remote</li>
				  
				  <li>guy762_DroidSensor_motion</li>
				  <li>guy762_DroidSensor_surveillance</li>
				  <li>guy762_DroidSensor_fighting</li>
				  <li>guy762_DroidSensor_repair</li>
				  <li>guy762_DroidSensor_memory</li>
				  <li>guy762_DroidSensor_EMPresist</li>
				  <li>guy762_DroidSensor_battle</li>
				  <li>guy762_DroidSensor_microoptics</li>
				  <li>guy762_DroidSensor_perception</li>
				  
				  <li>guy762_DroidGadget_laser</li>
				  <li>guy762_DroidGadget_shock</li>
				  <li>guy762_DroidGadget_firefoam</li>
				  <li>guy762_DroidGadget_kolto</li>
				  
				  <li>guy762_DroidWeapon_holdout</li>
				  <li>guy762_DroidWeapon_trishot</li>
				  <li>guy762_DroidWeapon_pulse</li>
				  <li>guy762_DroidWeapon_sonic</li>
				  <li>guy762_DroidWeapon_plasma</li>
				  <li>guy762_DroidWeapon_railgun</li>
				  
				  <li>guy762_DroidShield_basicI</li>
				  <li>guy762_DroidShield_envI</li>
				  <li>guy762_DroidShield_melee</li>
				  <li>guy762_DroidShield_basicII</li>
				  <li>guy762_DroidShield_envII</li>
				  <li>guy762_DroidShield_defI</li>
				  <li>guy762_DroidShield_basicIII</li>
				  <li>guy762_DroidShield_ion</li>
				  <li>guy762_DroidShield_defII</li>
				  <li>guy762_DroidShield_baragwin</li>
				  <li MayRequire ="guy762.KotORGadgets">guy762_DroidShield_arkanian</li>
				  <li MayRequire ="guy762.KotORGadgets">guy762_DroidShield_echani</li>
				  <li MayRequire ="guy762.KotORGadgets">guy762_DroidShield_verpine</li>
				  
				  <li>guy762_DroidHardware_scav</li>
				</apparelList>
			</raceRestriction>
		</alienRace>
        <uiIconPath>UI/Icon_3C</uiIconPath>
		<statBases>
			<MarketValue>3500</MarketValue>
			<WorkSpeedGlobal>1.8</WorkSpeedGlobal>
			
			<IncomingDamageFactor>1</IncomingDamageFactor>
			
			<MHC_MaintenanceRetention>1</MHC_MaintenanceRetention>
			
			<MDR_ComplexityLimit MayRequire="Killathon.MechanicalHumanlikes.MechDronesReprogrammed">15</MDR_ComplexityLimit>
            <MDR_SkillLimit MayRequire="Killathon.MechanicalHumanlikes.MechDronesReprogrammed">14</MDR_SkillLimit>
		</statBases>
		<race>
			<body>ATR_KotORDroidBody_3CITUD</body>
		</race>
		<modExtensions Inherit="False">
			<li Class="MechHumanlikes.MHC_MechanicalPawnExtension">
                <canBeSapient>false</canBeSapient>
				<droneSkillLevel>12</droneSkillLevel>
                <dronesCanHaveTraits>false</dronesCanHaveTraits>
				<useCustomNoneGenderNameMakers>true</useCustomNoneGenderNameMakers>
                <sapientNoneGenderNameMaker>guy762_DroidNamer_3C</sapientNoneGenderNameMaker>
                <droneNoneGenderNameMaker>guy762_DroidNamer_3C</droneNoneGenderNameMaker>
                <letPawnKindHandleDroneBackstories>false</letPawnKindHandleDroneBackstories>
                <droneChildhoodBackstoryDef>guy762_Backstory_TsUD_3C</droneChildhoodBackstoryDef>
                <droneAdulthoodBackstoryDef>guy762_Backstory_utilitydroid</droneAdulthoodBackstoryDef>
                <blacklistedNeeds>
                    <li>DrugDesire</li>
                    <li MayRequire="Dubwise.DubsBadHygiene">Hygiene</li>
                    <li MayRequire="Dubwise.DubsBadHygiene">Bladder</li>
                    <li MayRequire="Dubwise.DubsBadHygiene">DBHThirst</li>
					<li MayRequire="rim.job.world">Sex</li>
                </blacklistedNeeds>
                <blacklistedSapientNeeds>
                    <li>RoomSize</li>
                    <li>Joy</li>
                    <li>Beauty</li>
                    <li>Comfort</li>
                    <li>Outdoors</li>
                    <li>Indoors</li>
                </blacklistedSapientNeeds>
                <mechanicalNeeds>
                    <li><key>MHC_Coolant</key><value>0.5</value></li>
                    <li><key>MHC_Lubrication</key><value>1</value></li>
                </mechanicalNeeds>
            </li>
            <li Class="ATReforged.ATR_PawnExtension">
                <isAndroid>true</isAndroid>
            </li>
			<li Class="MechHumanlikes.MDR_ProgrammableDroneExtension" MayRequire="Killathon.MechanicalHumanlikes.MechDronesReprogrammed">
                <maxDirectives>4</maxDirectives>
				<inherentSkills>
                    <li><key>Shooting</key><value>6</value></li>
                    <li><key>Construction</key><value>12</value></li>
                    <li><key>Crafting</key><value>12</value></li>
                </inherentSkills>
				<inherentWorkTypes>
					<li>Hunting</li>
					<li>Hauling</li>
					<li>Smithing</li>
					<li>Construction</li>
					<li>Firefighter</li>
					<li>BasicWorker</li>
					<li>MHC_Mechanic</li>
				</inherentWorkTypes>
				<forbiddenWorkTypes>
					<li>Art</li>
					<li>Cleaning</li>
					<li>Warden</li>
					<li>Doctor</li>
					<li>Handling</li>
					<li>Cooking</li>
					<li MayRequire="Orion.Hospitality">Diplomat</li>
				</forbiddenWorkTypes>
            </li>
		</modExtensions>
		<tradeTags Inherit="False">
            <li>guy762TT_KotORDroids_techbasic</li>
		</tradeTags>
		<butcherProducts>
            <Steel>20</Steel>
			<Plasteel>15</Plasteel>
			<ComponentIndustrial>4</ComponentIndustrial>
			<ComponentSpacer>1</ComponentSpacer>
		</butcherProducts>
	</AlienRace.ThingDef_AlienRace>
	
	<AlienRace.ThingDef_AlienRace ParentName="guy762_DroidRace_T3series">
		<defName>guy762_DroidRace_ITseries</defName>
		<label>IT-series utility droid</label>
		<description>Unlike other utility droid models made by Duwani Mechanical Products, the IT series is designed specifically for information processing in laboratory and computer mainframe settings. They are designed to interface with and manage many types of networking systems, and in the wrong hands, make for excellent agents in espionage roles.\n\nThis droid is capable of the following work types:\n\n-Intellectual\n-Firefighting\n-Combat</description>
		<alienRace>
            <generalSettings>
                <alienPartGenerator>
					<colorChannels Inherit="False">
						<li>
							<name>skin</name>
							<first Class="ColorGenerator_Options">
								<options>
									<li> <!--it-->
										<weight>1</weight>
										<only>RGBA(255,245,180,255)</only>
									</li>
								</options>
							</first>
							<second Class="ColorGenerator_Options">
								<options>
									<li> <!--it-->
										<weight>1</weight>
										<only>RGBA(205,160,25,255)</only>
									</li>
								</options>
							</second>
						</li>
					</colorChannels>
                </alienPartGenerator>
				<forcedRaceTraitEntries Inherit="False">
				  <li>
					<defName>Asexual</defName>
				  </li>
				</forcedRaceTraitEntries>
            </generalSettings>
			<raceRestriction>
				<apparelList Inherit="False">
				  <li>guy762_DroidArmorLte</li>
				  <li>guy762_DroidArmorLte_czerka</li> <!--THERE IS ANOTHER LIST IN THIS DOC-->
				  <li>guy762_DroidArmorLte_env</li>
				  <li>guy762_DroidArmorLte_desh</li>
				  <li>guy762_DroidArmorLte_impact</li>
				  <li>guy762_DroidArmorLte_composite</li>
				  <li>guy762_DroidArmorLte_agrinium</li>
				  
				  <li>guy762_DroidSoftware_computer</li>
				  <li>guy762_DroidSoftware_security</li>
				  <li>guy762_DroidSoftware_lockout</li>
				  <li>guy762_DroidSoftware_exchange</li>
				  <li>guy762_DroidSoftware_repair</li>
				  <li>guy762_DroidSoftware_demo</li>
				  <li>guy762_DroidSoftware_anatomy</li>
				  
				  <li>guy762_DroidHardware_agility</li>
				  <li>guy762_DroidHardware_motivator</li>
				  <li>guy762_DroidHardware_durability</li>
				  <li>guy762_DroidHardware_parabolic</li>
				  <li>guy762_DroidHardware_systems</li>
				  <li>guy762_DroidHardware_remote</li>
				  
				  <li>guy762_DroidSensor_motion</li>
				  <li>guy762_DroidSensor_surveillance</li>
				  <li>guy762_DroidSensor_fighting</li>
				  <li>guy762_DroidSensor_repair</li>
				  <li>guy762_DroidSensor_memory</li>
				  <li>guy762_DroidSensor_EMPresist</li>
				  <li>guy762_DroidSensor_battle</li>
				  <li>guy762_DroidSensor_microoptics</li>
				  <li>guy762_DroidSensor_perception</li>
				  
				  <li>guy762_DroidGadget_laser</li>
				  <li>guy762_DroidGadget_shock</li>
				  <li>guy762_DroidGadget_firefoam</li>
				  <li>guy762_DroidGadget_kolto</li>
				  
				  <li>guy762_DroidWeapon_holdout</li>
				  <li>guy762_DroidWeapon_trishot</li>
				  <li>guy762_DroidWeapon_pulse</li>
				  <li>guy762_DroidWeapon_sonic</li>
				  <li>guy762_DroidWeapon_plasma</li>
				  <li>guy762_DroidWeapon_railgun</li>
				  
				  <li>guy762_DroidShield_basicI</li>
				  <li>guy762_DroidShield_envI</li>
				  <li>guy762_DroidShield_melee</li>
				  <li>guy762_DroidShield_basicII</li>
				  <li>guy762_DroidShield_envII</li>
				  <li>guy762_DroidShield_defI</li>
				  <li>guy762_DroidShield_basicIII</li>
				  <li>guy762_DroidShield_ion</li>
				  <li>guy762_DroidShield_defII</li>
				  <li>guy762_DroidShield_baragwin</li>
				  <li MayRequire ="guy762.KotORGadgets">guy762_DroidShield_arkanian</li>
				  <li MayRequire ="guy762.KotORGadgets">guy762_DroidShield_echani</li>
				  <li MayRequire ="guy762.KotORGadgets">guy762_DroidShield_verpine</li>
				  
				  <li>guy762_DroidHardware_scav</li>
				</apparelList>
			</raceRestriction>
		</alienRace>
        <uiIconPath>UI/Icon_IT</uiIconPath>
		<statBases>
			<MarketValue>9250</MarketValue>
			<GlobalLearningFactor>2.5</GlobalLearningFactor>
			
			<MHC_MaintenanceRetention>1.25</MHC_MaintenanceRetention>
			
			<IncomingDamageFactor>1</IncomingDamageFactor>
			
			<MDR_ComplexityLimit MayRequire="Killathon.MechanicalHumanlikes.MechDronesReprogrammed">30</MDR_ComplexityLimit>
            <MDR_SkillLimit MayRequire="Killathon.MechanicalHumanlikes.MechDronesReprogrammed">16</MDR_SkillLimit>
		</statBases>
		<race>
			<body>ATR_KotORDroidBody_3CITUD</body>
		</race>
		<modExtensions Inherit="False">
			<li Class="MechHumanlikes.MHC_MechanicalPawnExtension">
                <canBeSapient>false</canBeSapient>
				<droneSkillLevel>14</droneSkillLevel>
                <dronesCanHaveTraits>false</dronesCanHaveTraits>
				<useCustomNoneGenderNameMakers>true</useCustomNoneGenderNameMakers>
                <sapientNoneGenderNameMaker>guy762_DroidNamer_IT</sapientNoneGenderNameMaker>
                <droneNoneGenderNameMaker>guy762_DroidNamer_IT</droneNoneGenderNameMaker>
                <letPawnKindHandleDroneBackstories>false</letPawnKindHandleDroneBackstories>
                <droneChildhoodBackstoryDef>guy762_Backstory_TsUD_IT</droneChildhoodBackstoryDef>
                <droneAdulthoodBackstoryDef>guy762_Backstory_techdroid</droneAdulthoodBackstoryDef>
                <blacklistedNeeds>
                    <li>DrugDesire</li>
                    <li MayRequire="Dubwise.DubsBadHygiene">Hygiene</li>
                    <li MayRequire="Dubwise.DubsBadHygiene">Bladder</li>
                    <li MayRequire="Dubwise.DubsBadHygiene">DBHThirst</li>
					<li MayRequire="rim.job.world">Sex</li>
                </blacklistedNeeds>
                <blacklistedSapientNeeds>
                    <li>RoomSize</li>
                    <li>Joy</li>
                    <li>Beauty</li>
                    <li>Comfort</li>
                    <li>Outdoors</li>
                    <li>Indoors</li>
                </blacklistedSapientNeeds>
                <mechanicalNeeds>
                    <li><key>MHC_Coolant</key><value>1</value></li>
                    <li><key>MHC_Lubrication</key><value>0.5</value></li>
                </mechanicalNeeds>
            </li>
            <li Class="ATReforged.ATR_PawnExtension">
                <isAndroid>true</isAndroid>
            </li>
			<li Class="MechHumanlikes.MDR_ProgrammableDroneExtension" MayRequire="Killathon.MechanicalHumanlikes.MechDronesReprogrammed">
                <maxDirectives>6</maxDirectives>
				<inherentSkills>
                    <li><key>Shooting</key><value>4</value></li>
                    <li><key>Intellectual</key><value>14</value></li>
                </inherentSkills>
				<inherentWorkTypes>
					<li>Hunting</li>
					<li>Research</li>
					<li>Firefighter</li>
					<li>BasicWorker</li>
				</inherentWorkTypes>
				<forbiddenWorkTypes>
					<li>Art</li>
					<li>Cleaning</li>
					<li>Warden</li>
					<li>Doctor</li>
					<li>Handling</li>
					<li>Cooking</li>
					<li MayRequire="Orion.Hospitality">Diplomat</li>
				</forbiddenWorkTypes>
            </li>
		</modExtensions>
		<tradeTags Inherit="False">
            <li>guy762TT_KotORDroids_techadv</li>
		</tradeTags>
		<butcherProducts>
            <Steel>20</Steel>
			<Plasteel>15</Plasteel>
			<ComponentIndustrial>4</ComponentIndustrial>
			<ComponentSpacer>3</ComponentSpacer>
			<TechprofSubpersonaCore>1</TechprofSubpersonaCore>
		</butcherProducts>
	</AlienRace.ThingDef_AlienRace>
	


</Defs>