<?xml version="1.0" encoding="utf-8" ?>
<Defs>

	<ThingDef MayRequire="Ludeon.RimWorld.Biotech" ParentName="KotORRangedWeapon_OffHand">
		<defName>guy762_mininglaser</defName>
		<label>mining laser</label>
		<description>This industrial hand-held laser can double as a makeshift blaster.</description>
		<techLevel>Spacer</techLevel>
		<thingClass>ThingWithComps</thingClass>
		<graphicData>
			<texPath>kotorionpistol_mining</texPath>
			<graphicClass>Graphic_Single</graphicClass>
			<drawSize>0.8</drawSize>
		</graphicData>
		<soundInteract>kotorsound_select_hvypistol</soundInteract>
		<statBases>
			<MarketValue>150</MarketValue>
			<Mass>4.0</Mass>
			<AccuracyTouch>0.80</AccuracyTouch>
			<AccuracyShort>0.70</AccuracyShort>
			<AccuracyMedium>0.50</AccuracyMedium>
			<AccuracyLong>0.40</AccuracyLong>
			<RangedWeapon_Cooldown>2</RangedWeapon_Cooldown>
		</statBases>
		<equippedStatOffsets>
		  <MiningSpeed>0.2</MiningSpeed>
		  <SmoothingSpeed>0.2</SmoothingSpeed>
		</equippedStatOffsets>
		<weaponTags>
			<li>KotORRanged_offhand</li>
		</weaponTags>
		<tradeTags Inherit="False">
			<li>guy762TT_KotORRanged</li>
		</tradeTags>
		<verbs>
			<li>
			  <verbClass>AthenaFramework.Verb_ShootRunningBeam</verbClass>
			  <hasStandardCommand>true</hasStandardCommand>
			  <warmupTime>1.25</warmupTime>
			  <range>13</range>
			  <minRange>1.5</minRange>
			  <stopBurstWithoutLos>false</stopBurstWithoutLos>
			  <ticksBetweenBurstShots>5</ticksBetweenBurstShots>
			  <burstShotCount>6</burstShotCount>
			  <beamDamageDef>guy762_BeamDamage_energy</beamDamageDef>
			  <soundCastTail>GunTail_Medium</soundCastTail>
			  <muzzleFlashScale>9</muzzleFlashScale>
			  <soundCastBeam>kotorsound_stunbeam</soundCastBeam>
			  <beamGroundFleckDef>Fleck_BeamBurn</beamGroundFleckDef>
			  <beamFleckChancePerTick>0.32</beamFleckChancePerTick>
			  <beamMoteDef>guy762_Mote_BlasterBeam</beamMoteDef>
			  <beamEndEffecterDef>GraserBeam_End</beamEndEffecterDef>
			  <beamChanceToStartFire>0</beamChanceToStartFire>
			  <beamChanceToAttachFire>0</beamChanceToAttachFire>
			  <beamLineFleckDef>Fleck_BeamSpark</beamLineFleckDef>
			  <beamStartOffset>0</beamStartOffset>
			  <beamLineFleckChanceCurve>
				<points>
				  <li>(0, 0)</li>
				  <li>(0.65, 0.4)</li>
				  <li>(1, 0.75)</li>
				</points>
			  </beamLineFleckChanceCurve>
			  <ai_IsWeapon>true</ai_IsWeapon>
			  <onlyManualCast>true</onlyManualCast>
			</li>
		</verbs>
		<tools>
			<li>
				<label>stock</label>
				<capacities>
					<li>Blunt</li>
				</capacities>
				<power>9</power>
				<cooldownTime>2</cooldownTime>
			</li>
			<li>
				<label>barrel</label>
				<capacities>
					<li>Blunt</li>
					<li>Poke</li>
				</capacities>
				<power>9</power>
				<cooldownTime>2</cooldownTime>
			</li>
		</tools>
	</ThingDef>
	
	

	
	

</Defs>