﻿<?xml version="1.0" encoding="utf-8" ?>

<Defs>
	
	<PawnKindDef Name="KotORDroidBase_good" Abstract="True">
		<defaultFactionType>Ancients</defaultFactionType>
		<maxGenerationAge>100</maxGenerationAge>
		<invNutrition>2</invNutrition>
		<invFoodDef>guy762_DroidBattery</invFoodDef>
		<biocodeWeaponChance>0.05</biocodeWeaponChance>
		<useFactionXenotypes>false</useFactionXenotypes>
		
		<inventoryOptions>
		  <skipChance>0.5</skipChance>
		  <subOptionsChooseOne>
			<li MayRequire ="guy762.KotORGadgets">
				<thingDef>guy762_repairkit</thingDef>
				<countRange>1~3</countRange>
			</li>
			<!--li>
				<thingDef>guy762_DroidBattery</thingDef>
				<countRange>1~2</countRange>
			</li-->
		  </subOptionsChooseOne>
		</inventoryOptions>
		
		<apparelAllowHeadgearChance>1</apparelAllowHeadgearChance>
		<initialWillRange>0.5~2</initialWillRange>
		<initialResistanceRange>5~10</initialResistanceRange>
		<apparelIgnoreSeasons>false</apparelIgnoreSeasons>
		<chemicalAddictionChance>0</chemicalAddictionChance>
		<combatEnhancingDrugsChance>0</combatEnhancingDrugsChance>
	  </PawnKindDef>
	  
	  <PawnKindDef Name="KotORDroidBase_bad" Abstract="True">
		<defaultFactionType>guy762_KotORFaction_RogueDroids</defaultFactionType>
		<maxGenerationAge>100</maxGenerationAge>
		<invNutrition>1</invNutrition>
		<invFoodDef>guy762_DroidBattery</invFoodDef>
		<biocodeWeaponChance>0.05</biocodeWeaponChance>
		<useFactionXenotypes>false</useFactionXenotypes>
		<isFighter>true</isFighter>
		<requiredWorkTags>
		  <li>Violent</li>
		</requiredWorkTags>
		
		<inventoryOptions>
		  <skipChance>0.5</skipChance>
		  <subOptionsChooseOne>
			<li MayRequire ="guy762.KotORGadgets">
				<thingDef>guy762_repairkit</thingDef>
				<countRange>1~3</countRange>
			</li>
		  </subOptionsChooseOne>
		</inventoryOptions>
		
		<initialWillRange>0.5~2</initialWillRange>
		<initialResistanceRange>5~10</initialResistanceRange>
		<apparelIgnoreSeasons>false</apparelIgnoreSeasons>
		<chemicalAddictionChance>0</chemicalAddictionChance>
		<combatEnhancingDrugsChance>0</combatEnhancingDrugsChance>
	  </PawnKindDef>
	  
	  
	  
	  
	
	  
	  <PawnKindDef Name="KotORDroidGood_3C" ParentName="KotORDroidBase_good">
		<defName>KotORDroidGood_3C</defName>
		<label>utility droid</label>
		<race>guy762_DroidRace_3Cseries</race>
		<combatPower>20</combatPower>
		<isFighter>false</isFighter>
		<itemQuality>Normal</itemQuality>
		<apparelMoney>1000~5000</apparelMoney>
		<apparelTags>
		  <li>KotORDroidArmorT1_weak</li>
		  <li>KotORDroidUpgrade_repair</li>
		  <li>KotORDroidShield_weak</li>
		  <li>KotORDroidGadget_repairdroid</li>
		</apparelTags>
	  </PawnKindDef>
	  
	  <PawnKindDef Name="KotORDroidGood_R8009" ParentName="KotORDroidBase_good">
		<defName>KotORDroidGood_R8009</defName>
		<label>maintenance droid</label>
		<race>guy762_DroidRace_R8009UD</race>
		<combatPower>10</combatPower>
		<isFighter>false</isFighter>
		<itemQuality>Poor</itemQuality>
		<apparelMoney>500~2500</apparelMoney>
		<apparelTags>
		  <li>KotORDroidArmorT1_weak</li>
		  <li>KotORDroidUpgrade_repair</li>
		  <li>KotORDroidGadget_repairdroid</li>
		</apparelTags>
	  </PawnKindDef>
	  
	  <PawnKindDef Name="KotORDroidGood_GE3PD" ParentName="KotORDroidBase_good">
		<defName>KotORDroidGood_GE3PD</defName>
		<label>protocol droid</label>
		<race>guy762_DroidRace_GE3PD</race>
		<combatPower>30</combatPower>
		<isFighter>false</isFighter>
		<itemQuality>Normal</itemQuality>
		<apparelMoney>500~2500</apparelMoney>
		<apparelTags>
		  <li>KotORDroidArmorT1_weak</li>
		  <li>KotORDroidUpgrade_repair</li>
		</apparelTags>
	  </PawnKindDef>
	  
	  <PawnKindDef Name="KotORDroidGood_GE3LD" ParentName="KotORDroidBase_good">
		<defName>KotORDroidGood_GE3LD</defName>
		<label>labor droid</label>
		<race>guy762_DroidRace_GE3LD</race>
		<combatPower>10</combatPower>
		<isFighter>false</isFighter>
		<itemQuality>Poor</itemQuality>
		<apparelMoney>500~2500</apparelMoney>
		<apparelTags>
		  <li>KotORDroidArmorT1_weak</li>
		  <li>KotORDroidUpgrade_repair</li>
		</apparelTags>
	  </PawnKindDef>
	  
	  <PawnKindDef Name="KotORDroidGood_KX12UPD" ParentName="KotORDroidBase_good">
		<defName>KotORDroidGood_KX12UPD</defName>
		<label>medical droid</label>
		<race>guy762_DroidRace_KX12UPD</race>
		<combatPower>75</combatPower>
		<itemQuality>Normal</itemQuality>
		<apparelMoney>2500~5000</apparelMoney>
		<apparelTags>
		  <li>KotORDroidArmorT1_mid</li>
		  <li>KotORDroidArmorT1_stuffable</li>
		  <li>KotORDroidUpgrade_combat</li>
		  <li>KotORDroidShield_mid</li>
		</apparelTags>
		<apparelRequired>
		   <li>guy762_DroidGadget_kolto</li>
		</apparelRequired>
		<inventoryOptions Inherit="False"/>
	  </PawnKindDef>
	  
	  <PawnKindDef Name="KotORDroidGood_KM1HMD" ParentName="KotORDroidBase_good">
		<defName>KotORDroidGood_KM1HMD</defName>
		<label>fire control droid</label>
		<race>guy762_DroidRace_KM1HMD</race>
		<combatPower>25</combatPower>
		<itemQuality>Normal</itemQuality>
		<apparelMoney>2500~5000</apparelMoney>
		<apparelTags>
		  <li>KotORDroidArmorT3_stuffable</li>
		  <li>KotORDroidArmorT3_miningdroid</li>
		</apparelTags>
		<apparelRequired>
		   <li>guy762_HvyShield_thermal</li>
		   <li>guy762_LgtCannon_firefoam</li>
		</apparelRequired>
		<!--skinColorOverride>(95,120,185)</skinColorOverride-->
	  </PawnKindDef>
	  
	  
	  
	  
	  
	  
	  
	  
	  
	  
	  
	  
	  
	  
	  <PawnKindDef Name="KotORDroidBad_KM1MD" ParentName="KotORDroidBase_bad">
		<defName>KotORDroidBad_KM1MD</defName>
		<label>mining droid</label>
		<race>guy762_DroidRace_KM1MD</race>
		<combatPower>50</combatPower>
		<itemQuality>Poor</itemQuality>
		<apparelMoney>2500~5000</apparelMoney>
		<apparelTags>
		  <li>KotORDroidArmorT2_stuffable</li>
		  <li>KotORDroidArmorT2_miningdroid</li>
		  <li>KotORDroidShield_miningdroid</li>
		  <li>KotORLgtCannon_miningdroid</li>
		</apparelTags>
		<apparelRequired>
		   <li>guy762_DroidArmorMid_env</li>
		   <li>guy762_LgtCannon_mininglaser</li>
		</apparelRequired>
		
		<specificApparelRequirements>
			<li>
				<apparelLayer>OnSkin</apparelLayer>
				<alternateTagChoices>
				  <li>
					<tag>KotORDroidArmorT2_stuffable</tag>
					<chance>0.45</chance>
				  </li>
				  <li>
					<tag>KotORDroidArmorT2_miningdroid</tag>
					<chance>0.45</chance>
				  </li>
				</alternateTagChoices>
			</li>
		</specificApparelRequirements>
		
		<canBeSapper>true</canBeSapper>
	  </PawnKindDef>
	  
	  <PawnKindDef Name="KotORDroidBad_KM1HMD" ParentName="KotORDroidBase_bad">
		<defName>KotORDroidBad_KM1HMD</defName>
		<label>excavation droid</label>
		<race>guy762_DroidRace_KM1HMD</race>
		<combatPower>150</combatPower>
		<itemQuality>Normal</itemQuality>
		<apparelMoney>7500~15000</apparelMoney>
		<apparelTags>
		  <li>KotORDroidArmorT3_stuffable</li>
		  <li>KotORDroidArmorT3_miningdroid</li>
		  <li>KotORDroidShield_miningdroid</li>
		</apparelTags>
		<apparelRequired>
		   <li>guy762_LgtCannon_mininglaser</li>
		   <li>guy762_LgtCannon_sonic</li>
		   <li>guy762_DroidArmorHvy_env</li>
		</apparelRequired>
		
		<specificApparelRequirements>
			<li>
				<apparelLayer>OnSkin</apparelLayer>
				<alternateTagChoices>
				  <li>
					<tag>KotORDroidArmorT3_stuffable</tag>
					<chance>0.45</chance>
				  </li>
				  <li>
					<tag>KotORDroidArmorT3_miningdroid</tag>
					<chance>0.45</chance>
				  </li>
				</alternateTagChoices>
			</li>
		</specificApparelRequirements>
		
		<canBeSapper>true</canBeSapper>
		<isGoodBreacher>true</isGoodBreacher>
	  </PawnKindDef>
	  
	  <PawnKindDef Name="KotORDroidBad_KX12UPD" ParentName="KotORDroidBase_bad">
		<defName>KotORDroidBad_KX12UPD</defName>
		<label>probe droid</label>
		<race>guy762_DroidRace_KX12UPD</race>
		<combatPower>35</combatPower>
		<itemQuality>Poor</itemQuality>
		<apparelMoney>1000~2500</apparelMoney>
		<apparelTags>
		  <li>KotORDroidArmorT1_weak</li>
		  <li>KotORDroidArmorT1_stuffable</li>
		  <li>KotORDroidUpgrade_combat</li>
		  <li>KotORDroidShield_weak</li>
		</apparelTags>
		<apparelRequired>
		   <li>guy762_DroidWeapon_holdout</li>
		   <li>guy762_DroidArmorLte_czerka</li>
		</apparelRequired>
		
		<specificApparelRequirements>
			<li>
				<apparelLayer>OnSkin</apparelLayer>
				<alternateTagChoices>
				  <li>
					<tag>KotORDroidArmorT1_stuffable</tag>
					<chance>0.45</chance>
				  </li>
				  <li>
					<tag>KotORDroidArmorT1_weak</tag>
					<chance>0.45</chance>
				  </li>
				</alternateTagChoices>
			</li>
		</specificApparelRequirements>
	  </PawnKindDef>
	  
	  <PawnKindDef Name="KotORDroidBad_MPDMkI" ParentName="KotORDroidBase_bad">
		<defName>KotORDroidBad_MPDMkI</defName>
		<label>patrol droid</label>
		<race>guy762_DroidRace_MPDMkI</race>
		<combatPower>50</combatPower>
		<itemQuality>Normal</itemQuality>
		<apparelMoney>1000~2500</apparelMoney>
		<apparelTags>
		  <li>KotORDroidArmorT1_mid</li>
		  <li>KotORDroidArmorT1_stuffable</li>
		  <li>KotORDroidUpgrade_combat</li>
		  <li>KotORDroidShield_weak</li>
		</apparelTags>
		<apparelRequired>
		   <li>guy762_DroidWeapon_holdout</li>
		   <li>guy762_DroidArmorLte_czerka</li>
		</apparelRequired>
		
		<specificApparelRequirements>
			<li>
				<apparelLayer>OnSkin</apparelLayer>
				<alternateTagChoices>
				  <li>
					<tag>KotORDroidArmorT1_stuffable</tag>
					<chance>0.45</chance>
				  </li>
				  <li>
					<tag>KotORDroidArmorT1_mid</tag>
					<chance>0.45</chance>
				  </li>
				</alternateTagChoices>
			</li>
		</specificApparelRequirements>
	  </PawnKindDef>
	  
	  
	  <PawnKindDef Name="KotORDroidBad_KX12APD" ParentName="KotORDroidBase_bad">
		<defName>KotORDroidBad_KX12APD</defName>
		<label>assassin probe</label>
		<race>guy762_DroidRace_KX12APD</race>
		<combatPower>150</combatPower>
		<itemQuality>Good</itemQuality>
		<apparelMoney>7500~10000</apparelMoney>
		<apparelTags>
		  <li>KotORDroidArmorT1_strong</li>
		  <li>KotORDroidArmorT1_stuffable</li>
		  <li>KotORDroidUpgrade_combat</li>
		  <li>KotORDroidWeapon_battledroid</li>
		</apparelTags>
		<apparelRequired>
		   <li MayRequire ="guy762.KotORGadgets">guy762_DroidStealthDevice</li>
		   <li>guy762_DroidWeapon_railgun</li>
		   <li>guy762_DroidArmorLte_agrinium</li>
		</apparelRequired>
		
		<specificApparelRequirements>
			<li>
				<apparelLayer>OnSkin</apparelLayer>
				<alternateTagChoices>
				  <li>
					<tag>KotORDroidArmorT1_stuffable</tag>
					<chance>0.45</chance>
				  </li>
				  <li>
					<tag>KotORDroidArmorT1_strong</tag>
					<chance>0.45</chance>
				  </li>
				</alternateTagChoices>
			</li>
		</specificApparelRequirements>
	  </PawnKindDef>
	  
	  <PawnKindDef Name="KotORDroidBad_KX12APD_sapper" ParentName="KotORDroidBase_bad">
		<defName>KotORDroidBad_KX12APD_sapper</defName>
		<label>saboteur probe</label>
		<race>guy762_DroidRace_KX12APD</race>
		<combatPower>150</combatPower>
		<itemQuality>Good</itemQuality>
		<apparelMoney>7500~10000</apparelMoney>
		<apparelTags>
		  <li>KotORDroidArmorT1_strong</li>
		  <li>KotORDroidArmorT1_stuffable</li>
		  <li>KotORDroidUpgrade_combat</li>
		  <li>KotORDroidWeapon_battledroid</li>
		</apparelTags>
		<apparelRequired>
		   <li MayRequire ="guy762.KotORGadgets">guy762_DroidStealthDevice</li>
		   <li>guy762_DroidWeapon_sonic</li>
		   <li>guy762_DroidArmorLte_agrinium</li>
		</apparelRequired>
		
		<specificApparelRequirements>
			<li>
				<apparelLayer>OnSkin</apparelLayer>
				<alternateTagChoices>
				  <li>
					<tag>KotORDroidArmorT1_stuffable</tag>
					<chance>0.45</chance>
				  </li>
				  <li>
					<tag>KotORDroidArmorT1_strong</tag>
					<chance>0.45</chance>
				  </li>
				</alternateTagChoices>
			</li>
		</specificApparelRequirements>
		
		<canBeSapper>true</canBeSapper>
		<isGoodBreacher>true</isGoodBreacher>
	  </PawnKindDef>
	  
	  
	  <PawnKindDef Name="KotORDroidBad_DevWD_weak" ParentName="KotORDroidBase_bad">
		<defName>KotORDroidBad_DevWD_weak</defName>
		<label>war droid</label>
		<race>guy762_DroidRace_DevWD</race>
		<combatPower>75</combatPower>
		<itemQuality>Poor</itemQuality>
		<apparelMoney>1000~2500</apparelMoney>
		<apparelTags>
		  <li>KotORDroidArmorT1_weak</li>
		  <li>KotORDroidArmorT1_stuffable</li>
		  <li>KotORDroidUpgrade_combat</li>
		  <li>KotORDroidShield_weak</li>
		  <li>KotORUtility_weakgrenade</li>
		</apparelTags>
		<apparelRequired>
		   <li>Apparel_Bandolier</li>
		   <li>guy762_DroidArmorLte_czerka</li>
		</apparelRequired>
		<specificApparelRequirements>
			<li>
				<apparelLayer>Shell</apparelLayer>
				<stuff>Synthread</stuff>
				<color>(250,250,250)</color>
			</li>
			<li>
				<apparelLayer>OnSkin</apparelLayer>
				<alternateTagChoices>
				  <li>
					<tag>KotORDroidArmorT1_stuffable</tag>
					<chance>0.45</chance>
				  </li>
				  <li>
					<tag>KotORDroidArmorT1_weak</tag>
					<chance>0.45</chance>
				  </li>
				</alternateTagChoices>
			</li>
		</specificApparelRequirements>
		<weaponMoney>500~2500</weaponMoney>
		<weaponTags>
		  <li>SaV_WarDroid_closerange</li>
		  <!--li>SaV_AsnDroid_weak</li-->
		</weaponTags>
	  </PawnKindDef>
	  
	  <PawnKindDef Name="KotORDroidBad_DevWD_strong" ParentName="KotORDroidBase_bad">
		<defName>KotORDroidBad_DevWD_strong</defName>
		<label>elite war droid</label>
		<race>guy762_DroidRace_DevAD</race>
		<combatPower>150</combatPower>
		<itemQuality>Good</itemQuality>
		<apparelMoney>5000~7500</apparelMoney>
		<apparelTags>
		  <li>KotORDroidArmorT2_mid</li>
		  <li>KotORDroidUpgrade_combat</li>
		  <li>KotORDroidShield_mid</li>
		  <li>KotORDroidWeapon_battledroid</li>
		</apparelTags>
		<apparelRequired>
		   <li>Apparel_Cape</li>
		   <li>guy762_DroidArmorMid_czerka</li>
		</apparelRequired>
		<specificApparelRequirements>
			<li>
				<apparelLayer>Shell</apparelLayer>
				<stuff>Synthread</stuff>
				<color>(55,55,60)</color>
			</li>
			<li>
				<apparelLayer>OnSkin</apparelLayer>
				<alternateTagChoices>
				  <li>
					<tag>KotORDroidArmorT2_stuffable</tag>
					<chance>0.45</chance>
				  </li>
				  <li>
					<tag>KotORDroidArmorT2_mid</tag>
					<chance>0.45</chance>
				  </li>
				</alternateTagChoices>
			</li>
		</specificApparelRequirements>
		<weaponMoney>2500~5000</weaponMoney>
		<weaponTags>
		  <li>SaV_WarDroid_mid</li>
		</weaponTags>
		<inventoryOptions>
		  <skipChance>0.25</skipChance>
		  <subOptionsChooseOne>
			<li MayRequire ="guy762.KotORGadgets">
				<thingDef>guy762_repairkit_adv</thingDef>
				<countRange>1~3</countRange>
			</li>
			<li>
				<thingDef>guy762_DroidBattery</thingDef>
				<countRange>1~2</countRange>
			</li>
		  </subOptionsChooseOne>
		</inventoryOptions>
	  </PawnKindDef>
	  
	  
	  <PawnKindDef Name="KotORDroidBad_DevWD_magnaguard" ParentName="KotORDroidBase_bad">
		<defName>KotORDroidBad_DevWD_magnaguard</defName>
		<label>bodyguard droid</label>
		<race>guy762_DroidRace_DevAD</race>
		<combatPower>200</combatPower>
		<itemQuality>Excellent</itemQuality>
		<skinColorOverride>(85,90,120)</skinColorOverride>
		<apparelMoney>10000~12500</apparelMoney>
		<apparelTags>
		  <li>KotORDroidUpgrade_combat</li>
		  <li>KotORDroidShield_melee</li>
		  <li>KotORDroidShield_strong</li>
		  <li>KotORDroidWeapon_battledroid</li>
		</apparelTags>
		<apparelRequired>
		   <li>Apparel_Cape</li>
		   <li>guy762_DroidArmorMid_quadranium</li>
		</apparelRequired>
		<specificApparelRequirements>
			<li>
				<apparelLayer>Shell</apparelLayer>
				<stuff>Synthread</stuff>
				<color>(235,220,215)</color>
			</li>
		</specificApparelRequirements>
		<weaponMoney>20000~22000</weaponMoney>
		<weaponTags>
		  <li>KotORSniper</li>
		  <li>SaV_geonosianmelee</li>
		</weaponTags>
		<biocodeWeaponChance>0.9</biocodeWeaponChance>
		<inventoryOptions>
		  <skipChance>0.25</skipChance>
		  <subOptionsChooseOne>
			<li MayRequire ="guy762.KotORGadgets">
				<thingDef>guy762_repairkit_adv</thingDef>
				<countRange>1~3</countRange>
			</li>
			<li>
				<thingDef>guy762_DroidBattery</thingDef>
				<countRange>1~2</countRange>
			</li>
		  </subOptionsChooseOne>
		</inventoryOptions>
	  </PawnKindDef>
	  
	  
	  
	  
	  
	  <PawnKindDef Name="KotORDroidBad_SentWD" ParentName="KotORDroidBase_bad">
		<defName>KotORDroidBad_SentWD</defName>
		<label>war droid</label>
		<race>guy762_DroidRace_SentWD</race>
		<combatPower>125</combatPower>
		<itemQuality>Normal</itemQuality>
		<apparelMoney>1000~2500</apparelMoney>
		<apparelTags>
		  <li>KotORDroidArmorT2_weak</li>
		  <li>KotORDroidArmorT2_stuffable</li>
		  <li>KotORDroidUpgrade_combat</li>
		  <li>KotORDroidShield_weak</li>
		  <li>KotORUtility_weakgrenade</li>
		  <li>KotORDroidWeapon_explosive</li>
		</apparelTags>
		<apparelRequired>
		   <li>guy762_DroidArmorMid_czerka</li>
		</apparelRequired>
		<specificApparelRequirements>
			<li>
				<apparelLayer>OnSkin</apparelLayer>
				<alternateTagChoices>
				  <li>
					<tag>KotORDroidArmorT2_stuffable</tag>
					<chance>0.45</chance>
				  </li>
				  <li>
					<tag>KotORDroidArmorT2_weak</tag>
					<chance>0.45</chance>
				  </li>
				</alternateTagChoices>
			</li>
		</specificApparelRequirements>
		<weaponMoney>500~2500</weaponMoney>
		<weaponTags>
		  <li>SaV_WarDroid_closerange</li>
		</weaponTags>
	  </PawnKindDef>
	  
	  
	  
	  <PawnKindDef Name="KotORDroidBad_ADMkI" ParentName="KotORDroidBase_bad">
		<defName>KotORDroidBad_ADMkI</defName>
		<label>assault droid</label>
		<race>guy762_DroidRace_ADMkI</race>
		<maxPerGroup>6</maxPerGroup>
		<combatPower>250</combatPower>
		<itemQuality>Normal</itemQuality>
		<apparelMoney>10000~25000</apparelMoney>
		<apparelTags>
		  <li>KotORDroidArmorT3_weak</li>
		  <li>KotORDroidArmorT3_stuffable</li>
		  <li>KotORDroidUpgrade_combat</li>
		  <li>KotORHvyShield_weak</li>
		  <li>KotORDroidWeapon_wardroid</li>
		</apparelTags>
		<apparelRequired>
		   <li>guy762_DroidWeapon_trishot</li>
		   <li>guy762_DroidArmorHvy_czerka</li>
		</apparelRequired>
		<specificApparelRequirements>
			<li>
				<apparelLayer>OnSkin</apparelLayer>
				<alternateTagChoices>
				  <li>
					<tag>KotORDroidArmorT3_stuffable</tag>
					<chance>0.45</chance>
				  </li>
				  <li>
					<tag>KotORDroidArmorT3_weak</tag>
					<chance>0.45</chance>
				  </li>
				</alternateTagChoices>
			</li>
		</specificApparelRequirements>
		<inventoryOptions>
		  <skipChance>0.25</skipChance>
		  <subOptionsChooseOne>
			<li MayRequire ="guy762.KotORGadgets">
				<thingDef>guy762_repairkit_adv</thingDef>
				<countRange>1~3</countRange>
			</li>
			<li>
				<thingDef>guy762_DroidBattery</thingDef>
				<countRange>1~2</countRange>
			</li>
		  </subOptionsChooseOne>
		</inventoryOptions>
	  </PawnKindDef>
	  
	  
	  
	  <PawnKindDef Name="KotORDroidBad_ADMkIV" ParentName="KotORDroidBase_bad">
		<defName>KotORDroidBad_ADMkIV</defName>
		<label>heavy assault droid</label>
		<race>guy762_DroidRace_ADMkIV</race>
		<maxPerGroup>4</maxPerGroup>
		<combatPower>500</combatPower>
		<itemQuality>Normal</itemQuality>
		<apparelMoney>50000~75000</apparelMoney>
		<apparelTags>
		  <li>KotORDroidArmorT3_mid</li>
		  <li>KotORDroidArmorT3_stuffable</li>
		  <li>KotORDroidUpgrade_combat</li>
		  <li>KotORHvyShield_mid</li>
		  <li>KotORLgtCannon_artillery</li>
		  <li>KotORLgtCannon_antipersonnel</li>
		</apparelTags>
		<apparelRequired>
		   <li>guy762_LgtCannon_hvyrep</li>
		   <li>guy762_DroidArmorHvy_czerka</li>
		</apparelRequired>
		<specificApparelRequirements>
			<li>
				<apparelLayer>OnSkin</apparelLayer>
				<alternateTagChoices>
				  <li>
					<tag>KotORDroidArmorT3_stuffable</tag>
					<chance>0.45</chance>
				  </li>
				  <li>
					<tag>KotORDroidArmorT3_mid</tag>
					<chance>0.45</chance>
				  </li>
				</alternateTagChoices>
			</li>
		</specificApparelRequirements>
		<inventoryOptions>
		  <skipChance>0.25</skipChance>
		  <subOptionsChooseOne>
			<li MayRequire ="guy762.KotORGadgets">
				<thingDef>guy762_repairkit_adv</thingDef>
				<countRange>1~3</countRange>
			</li>
			<li>
				<thingDef>guy762_DroidBattery</thingDef>
				<countRange>1~2</countRange>
			</li>
		  </subOptionsChooseOne>
		</inventoryOptions>
	  </PawnKindDef>
	  
	  
	  
	<PawnKindDef Name="KotORDroidBad_hk50" ParentName="KotORDroidBase_bad">
		<defName>KotORDroidBad_hk50</defName>
		<label>HK-50 unit</label>
		<race>guy762_DroidRace_HK50series</race>
		<combatPower>500</combatPower>
		<!--factionLeader>true</factionLeader-->
		<maxPerGroup>3</maxPerGroup>
		<itemQuality>Excellent</itemQuality>
		<apparelMoney>10000~25000</apparelMoney>
		<apparelTags>
		  <li>KotORDroidArmorT2</li>
		  <li>KotORDroidUpgrade_hacking</li>
		  <li>KotORDroidUpgrade_combat</li>
		  <li>KotORDroidWeapon_asndroid</li>
		  <li>KotORUtility_stronggrenade</li>
		</apparelTags>
		<apparelRequired>
		   <li>guy762_DroidArmorMid_desh</li>
		   <li>guy762_DroidShield_defII</li>
		</apparelRequired>
		<specificApparelRequirements>
			<li>
				<apparelLayer>OnSkin</apparelLayer>
				<alternateTagChoices>
				  <li>
					<tag>KotORDroidArmorT2_stuffable</tag>
					<chance>0.45</chance>
				  </li>
				  <li>
					<tag>KotORDroidArmorT2_strong</tag>
					<chance>0.45</chance>
				  </li>
				</alternateTagChoices>
			</li>
		</specificApparelRequirements>
		<weaponMoney>5000~25000</weaponMoney>
		<weaponTags>
		  <li>SaV_bountyhunter_hvy</li>
		  <li>SaV_heavy</li>
		  <li>KotORSniper</li>
		</weaponTags>
		<inventoryOptions>
		  <skipChance>0.125</skipChance>
		  <subOptionsChooseOne>
			<li MayRequire ="guy762.KotORGadgets">
				<thingDef>guy762_repairkit_con</thingDef>
				<countRange>1~3</countRange>
			</li>
			<li>
				<thingDef>guy762_DroidBattery</thingDef>
				<countRange>1~2</countRange>
			</li>
		  </subOptionsChooseOne>
		</inventoryOptions>
		<forcedTraits>
			<ATR_FeelingsTowardOrganics>4</ATR_FeelingsTowardOrganics>
		</forcedTraits>
	  </PawnKindDef> 
	  
	  
	  
	  
	  
	  
	  
	  
	  
	  
	  
	  
	  
	  
	  
	  
	  
	  
	  
	  
	  
	  
	  
	  
	  
	  
	  
	  
	  
	  
	  
	  
	  
	  
	  
	  <PawnKindDef Name="KotORHero_HK47"  ParentName="KotORDroidBase_good">
		<defName>KotORHero_HK47</defName>
		<label>HK unit</label>
		<minGenerationAge>14</minGenerationAge>
		<maxGenerationAge>15</maxGenerationAge>
		<race>guy762_DroidRace_HKseries</race>
		<combatPower>5000</combatPower>
		<itemQuality>Legendary</itemQuality>
		<apparelMoney>99999999</apparelMoney>
		<apparelTags>
		  <li>KotORDroidWeapon_asndroid</li>
		  <li>KotORDroidWeapon_destructive</li>
		  <li>KotORDroidWeapon_strong</li>
		</apparelTags>
		<apparelRequired>
		   <li>guy762_DroidArmorMid_quadranium</li>
		   <li>guy762_DroidSensor_hk</li>	
		   <li>guy762_DroidShield_ion</li>	
		   <li>guy762_DroidSoftware_anatomy</li>
		   <li>guy762_DroidHardware_systems</li>
		</apparelRequired>
		<weaponMoney>99999999</weaponMoney>
		<weaponTags>
		  <li>SaV_hk47</li>
		</weaponTags>
		<biocodeWeaponChance>1</biocodeWeaponChance>
		<skills>
		  <li>
			<skill>Shooting</skill>
			<range>19~20</range>
		  </li>
		  <li>
			<skill>Melee</skill>
			<range>19~20</range>
		  </li>
		</skills>
		<techHediffsMoney>
			<min>2000</min>
			<max>10000</max>
		</techHediffsMoney>
		<techHediffsTags>
			<li>Advanced</li>
		</techHediffsTags>
		<isFighter>true</isFighter>
		<requiredWorkTags>
		  <li>Violent</li>
		</requiredWorkTags>
		<inventoryOptions>
		  <skipChance>0</skipChance>
		  <subOptionsChooseOne>
			<li MayRequire ="guy762.KotORGadgets">
				<thingDef>guy762_repairkit_con</thingDef>
				<countRange>3~6</countRange>
			</li>
			<li>
				<thingDef>guy762_DroidBattery</thingDef>
				<countRange>1~2</countRange>
			</li>
		  </subOptionsChooseOne>
		</inventoryOptions>
		<forcedTraits>
			<ATR_FeelingsTowardOrganics>3</ATR_FeelingsTowardOrganics>
		</forcedTraits>
	  </PawnKindDef>


 </Defs>
