<?xml version="1.0" encoding="utf-8" ?>
<Defs>

  <ScenarioDef>
    <defName>KotORScenario_T3andHK</defName>
    <label>Marooned Droids</label>
    <description>Emerging from the wreckage of a notorious freighter, two droids must embark on a journey to escape this backwater planet.</description>
    <scenario>
      <summary>Two infamous droids and a shipwrecked freighter.</summary>
      <playerFaction>
        <def>PlayerFaction</def>
        <factionDef>PlayerColony</factionDef>
      </playerFaction>
      <parts>

        <!-- Game start dialog -->
        <li Class="ScenPart_GameStartDialog">
          <def>GameStartDialog</def>
          <text>In a barrage of turbolaser fire, the Ebon Hawk once again finds itself plummeting towards the surface of a backwater outer rim colony world. Though you tried your best to keep her together, you can do little more than magnetize your treads to the floor as the hull splits apart in the atmosphere.\n\nEmerging from the wreckage, surprised at your own survival of such a rough landing, you get to work pulling out what useful equipment remains intact. To your great dismay, you notice a rusted orange bipedal figure caught in the webbing of the cargo hold that also seems to have survived the crash mostly-intact. It seems you are forced to suffer his company a little while longer.\n\nAs he reactivates and assaults you with a barrage of incessant chattering about your current situation, you begin calculating your next move. The data you carry in your memory banks is vital to the survival of the Galactic Republic, and you must leave this planet and return to Republic space at all costs. Perhaps some entity here would offer you passage offworld, or perhaps a new vessel could be constructed, but one fact remains: time is not on your side. The Republic's impending doom is close behind you, and should you escape this planet too late then all will be lost.\n\nThe galaxy is counting on you, T3-M4.</text>
          <closeSound>GameStartSting</closeSound>
        </li>

        <!-- Config pages -->
        <li Class="ScenPart_ConfigPage_ConfigureStartingPawns_KindDefs">
          <def>ConfigurePawnsKindDefs</def>
          <pawnChoiceCount>1</pawnChoiceCount>
          <leftBehindPawnKind>KotORPlayableHero_T3M4</leftBehindPawnKind>
          <kindCounts>
			<li>
              <kindDef>KotORPlayableHero_T3M4</kindDef>
              <count>1</count>
              <requiredAtStart>true</requiredAtStart>
            </li>
          </kindCounts>
        </li>
		

		<li Class="ScenPart_StartingAnimal">
          <def>StartingAnimal</def>
          <count>1</count>
          <animalKind>KotORPlayableHero_HK47</animalKind>
        </li>
		
		
		

        <!-- Player starting stuff spawn method-->
        <li Class="ScenPart_PlayerPawnsArriveMethod">
          <def>PlayerPawnsArriveMethod</def>
          <method>Standing</method>
        </li>

        <!-- Starting research -->
        <li Class="ScenPart_StartingResearch">
          <def>StartingResearch</def>
          <project>MicroelectronicsBasics</project>
        </li>
        <li Class="ScenPart_StartingResearch">
          <def>StartingResearch</def>
          <project>ATR_MechanicalInsight</project>
        </li>
        <li Class="ScenPart_StartingResearch">
          <def>StartingResearch</def>
          <project>Batteries</project>
        </li>


        <!-- Player starting things -->
        <li Class="ScenPart_StartingThing_Defined">
			<def>StartingThing_Defined</def>
			<thingDef>MHC_ChargingStation</thingDef>
			<count>2</count>
		</li>
		<li Class="ScenPart_StartingThing_Defined">
			<def>StartingThing_Defined</def>
			<thingDef>MHC_CoolantPack</thingDef>
			<count>15</count>
		</li>
		<li Class="ScenPart_StartingThing_Defined">
			<def>StartingThing_Defined</def>
			<thingDef>MHC_LubricationPack</thingDef>
			<count>15</count>
		</li>
		<li Class="ScenPart_StartingThing_Defined">
			<def>StartingThing_Defined</def>
			<thingDef>MHC_RepairStimIntermediate</thingDef>
			<count>6</count>
		</li>
		
		<li Class="ScenPart_StartingThing_Defined">
			<def>StartingThing_Defined</def>
			<thingDef>guy762_DroidBattery_adv</thingDef>
			<count>20</count>
		</li>
		<li MayRequire ="guy762.KotORGadgets" Class="ScenPart_StartingThing_Defined">
			<def>StartingThing_Defined</def>
			<thingDef>guy762_repairkit</thingDef>
			<count>15</count>
		</li>
		<li MayRequire ="guy762.KotORGadgets" Class="ScenPart_StartingThing_Defined">
			<def>StartingThing_Defined</def>
			<thingDef>guy762_repairkit_con</thingDef>
			<count>5</count>
		</li>
		<li Class="ScenPart_StartingThing_Defined">
			<def>StartingThing_Defined</def>
			<thingDef>ComponentIndustrial</thingDef>
			<count>20</count>
		</li>


		<!-- Scatter some things near player start -->
		<li Class="ScenPart_ScatterThingsNearPlayerStart">
			<def>ScatterThingsNearPlayerStart</def>
			<thingDef>Steel</thingDef>
			<count>450</count>
		</li>
		<li Class="ScenPart_ScatterThingsNearPlayerStart">
			<def>ScatterThingsNearPlayerStart</def>
			<thingDef>Plasteel</thingDef>
			<count>180</count>
		</li>
		
		
		
		
		<!-- ebon hawk wreckage -->
		<li Class="ScenPart_ScatterThingsNearPlayerStart">
			<def>ScatterThingsNearPlayerStart</def>
			<thingDef>guy762_ShipChunk_EbonHawkaft</thingDef>
			<count>1</count>
		</li>
		<li Class="ScenPart_ScatterThingsNearPlayerStart">
			<def>ScatterThingsNearPlayerStart</def>
			<thingDef>guy762_ShipChunk_EbonHawkfore</thingDef>
			<count>1</count>
		</li>
		
		<li Class="ScenPart_ScatterThingsAnywhere">
			<def>ScatterThingsNearPlayerStart</def>
			<thingDef>guy762_ShipChunk_EbonHawkport</thingDef>
			<count>1</count>
		</li>
		<li Class="ScenPart_ScatterThingsAnywhere">
			<def>ScatterThingsNearPlayerStart</def>
			<thingDef>guy762_ShipChunk_EbonHawkstarboard</thingDef>
			<count>1</count>
		</li>
		
		
		
		<!-- Scatter some things anywhere -->
		<li Class="ScenPart_ScatterThingsAnywhere">
			<def>ScatterThingsAnywhere</def>
			<thingDef>ShipChunk</thingDef>
			<count>25</count>
		</li>
		<li Class="ScenPart_ScatterThingsAnywhere">
			<def>ScatterThingsAnywhere</def>
			<thingDef>ChunkSlagSteel</thingDef>
			<count>100</count>
		</li>
		
		
		

      </parts>
    </scenario>
  </ScenarioDef>



















</Defs>