<?xml version="1.0" encoding="utf-8" ?>
<Defs>
	
	  
	  
	  <ThingDef ParentName="BuildingBase">
		<defName>guy762_ShipChunk_EbonHawkport</defName>
		<label>ship chunk</label>
		<description>A chunk of a military spacecraft. It seems to have been torn off either by uncontrolled re-entry forces or some kind of weapon.\n\nHaving landed not long ago, it still contains useful resources which you can acquire by deconstructing it.</description>
		<category>Building</category>
		<graphicData>
		  <texPath>Buildings/EbonHawk_port</texPath>
		  <graphicClass>Graphic_Single</graphicClass>
		  <drawSize>(9,15)</drawSize>
		  <damageData>
			<rect>(0.1,0.1,1.8,1.8)</rect>
		  </damageData>
		  <shadowData>
			<volume>(1.39,0.5,1.25)</volume>
		  </shadowData>
		</graphicData>
		<altitudeLayer>Building</altitudeLayer>
		<pathCost>42</pathCost>
		<blockWind>true</blockWind>
		<passability>PassThroughOnly</passability>
		<fillPercent>0.50</fillPercent>
		<size>(9,15)</size>
		<statBases>
		  <MaxHitPoints>750</MaxHitPoints>
		  <Flammability>0</Flammability>
		  <Beauty>-10</Beauty>
		  <WorkToBuild>24000</WorkToBuild>
		</statBases>
		<leaveResourcesWhenKilled>true</leaveResourcesWhenKilled>
		<killedLeavings>
		  <ChunkSlagSteel>4</ChunkSlagSteel>
		  <Steel>30</Steel>
		  <ComponentIndustrial>1</ComponentIndustrial>
		  <Plasteel>10</Plasteel>
		  <ComponentSpacer>1</ComponentSpacer>
		</killedLeavings>
		<costList>
		  <Steel>80</Steel>
		  <Plasteel>40</Plasteel>
		  <Uranium>40</Uranium>
		  <ComponentIndustrial>10</ComponentIndustrial>
		  <ComponentSpacer>4</ComponentSpacer>
		</costList>
		<building>
		  <claimable>false</claimable>
		  <alwaysDeconstructible>true</alwaysDeconstructible>
		</building>
		<selectable>true</selectable>
		<soundImpactDefault>BulletImpact_Metal</soundImpactDefault>
		<drawerType>MapMeshOnly</drawerType>
		<repairEffect>ConstructMetal</repairEffect>
	  </ThingDef>
	  
	  
	  
	  
	  
	  
	  
	  
	  
	  
	  
	  
	  
	  
	  
	  
	  <ThingDef ParentName="BuildingBase">
		<defName>guy762_ShipChunk_EbonHawkstarboard</defName>
		<label>ship chunk</label>
		<description>A chunk of a military spacecraft. It seems to have been torn off either by uncontrolled re-entry forces or some kind of weapon.\n\nHaving landed not long ago, it still contains useful resources which you can acquire by deconstructing it.</description>
		<category>Building</category>
		<graphicData>
		  <texPath>Buildings/EbonHawk_starboard</texPath>
		  <graphicClass>Graphic_Single</graphicClass>
		  <drawSize>(9,19)</drawSize>
		  <damageData>
			<rect>(0.1,0.1,1.8,1.8)</rect>
		  </damageData>
		  <shadowData>
			<volume>(1.39,0.5,1.25)</volume>
		  </shadowData>
		</graphicData>
		<altitudeLayer>Building</altitudeLayer>
		<pathCost>42</pathCost>
		<blockWind>true</blockWind>
		<passability>PassThroughOnly</passability>
		<fillPercent>0.50</fillPercent>
		<size>(9,19)</size>
		<statBases>
		  <MaxHitPoints>875</MaxHitPoints>
		  <Flammability>0</Flammability>
		  <Beauty>-10</Beauty>
		  <WorkToBuild>28000</WorkToBuild>
		</statBases>
		<leaveResourcesWhenKilled>true</leaveResourcesWhenKilled>
		<killedLeavings>
		  <ChunkSlagSteel>6</ChunkSlagSteel>
		  <Steel>40</Steel>
		  <ComponentIndustrial>2</ComponentIndustrial>
		  <Plasteel>15</Plasteel>
		  <ComponentSpacer>1</ComponentSpacer>
		</killedLeavings>
		<costList>
		  <Steel>120</Steel>
		  <Plasteel>60</Plasteel>
		  <Uranium>60</Uranium>
		  <ComponentIndustrial>12</ComponentIndustrial>
		  <ComponentSpacer>4</ComponentSpacer>
		</costList>
		<building>
		  <claimable>false</claimable>
		  <alwaysDeconstructible>true</alwaysDeconstructible>
		</building>
		<selectable>true</selectable>
		<soundImpactDefault>BulletImpact_Metal</soundImpactDefault>
		<drawerType>MapMeshOnly</drawerType>
		<repairEffect>ConstructMetal</repairEffect>
	  </ThingDef>
	  
	  
	  
	  
	  
	  
	  
	  
	  
	  
	  <ThingDef ParentName="BuildingBase">
		<defName>guy762_ShipChunk_EbonHawkfore</defName>
		<label>ship chunk</label>
		<description>A chunk of a military spacecraft. It seems to have been torn off either by uncontrolled re-entry forces or some kind of weapon.\n\nHaving landed not long ago, it still contains useful resources which you can acquire by deconstructing it.</description>
		<category>Building</category>
		<graphicData>
		  <texPath>Buildings/EbonHawk_fore</texPath>
		  <graphicClass>Graphic_Single</graphicClass>
		  <drawSize>(15,19)</drawSize>
		  <damageData>
			<rect>(0.1,0.1,1.8,1.8)</rect>
		  </damageData>
		  <shadowData>
			<volume>(1.39,0.5,1.25)</volume>
		  </shadowData>
		</graphicData>
		<altitudeLayer>Building</altitudeLayer>
		<pathCost>42</pathCost>
		<blockWind>true</blockWind>
		<passability>PassThroughOnly</passability>
		<fillPercent>0.50</fillPercent>
		<size>(15,19)</size>
		<statBases>
		  <MaxHitPoints>1000</MaxHitPoints>
		  <Flammability>0</Flammability>
		  <Beauty>-10</Beauty>
		  <WorkToBuild>36000</WorkToBuild>
		</statBases>
		<leaveResourcesWhenKilled>true</leaveResourcesWhenKilled>
		<killedLeavings>
		  <ChunkSlagSteel>10</ChunkSlagSteel>
		  <Steel>100</Steel>
		  <ComponentIndustrial>10</ComponentIndustrial>
		  <Plasteel>40</Plasteel>
		  <ComponentSpacer>4</ComponentSpacer>
		</killedLeavings>
		<costList>
		  <Steel>400</Steel>
		  <Plasteel>100</Plasteel>
		  <Uranium>100</Uranium>
		  <ComponentIndustrial>36</ComponentIndustrial>
		  <ComponentSpacer>16</ComponentSpacer>
		</costList>
		<building>
		  <claimable>false</claimable>
		  <alwaysDeconstructible>true</alwaysDeconstructible>
		</building>
		<selectable>true</selectable>
		<soundImpactDefault>BulletImpact_Metal</soundImpactDefault>
		<drawerType>MapMeshOnly</drawerType>
		<repairEffect>ConstructMetal</repairEffect>
	  </ThingDef>
	  
	  
	  
	  
	  
	  
	  
	  
	  
	  
	  
	  <ThingDef ParentName="BuildingBase">
		<defName>guy762_ShipChunk_EbonHawkaft</defName>
		<label>ship chunk</label>
		<description>A chunk of a military spacecraft. It seems to have been torn off either by uncontrolled re-entry forces or some kind of weapon.\n\nUnlike other chunks in the area, this seems to contain a barely-functional power plant capable of producing a minor amount of electricity.</description>
		<category>Building</category>
		<graphicData>
		  <texPath>Buildings/EbonHawk_aft</texPath>
		  <graphicClass>Graphic_Single</graphicClass>
		  <drawSize>(20,11)</drawSize>
		  <damageData>
			<rect>(0.1,0.1,1.8,1.8)</rect>
		  </damageData>
		  <shadowData>
			<volume>(1.39,0.5,1.25)</volume>
		  </shadowData>
		</graphicData>
		<altitudeLayer>Building</altitudeLayer>
		<pathCost>42</pathCost>
		<blockWind>true</blockWind>
		<passability>PassThroughOnly</passability>
		<fillPercent>0.50</fillPercent>
		<size>(20,11)</size>
		<statBases>
		  <MaxHitPoints>1250</MaxHitPoints>
		  <Flammability>0</Flammability>
		  <Beauty>-10</Beauty>
		  <WorkToBuild>36000</WorkToBuild>
		</statBases>
		<leaveResourcesWhenKilled>true</leaveResourcesWhenKilled>
		<killedLeavings>
		  <ChunkSlagSteel>10</ChunkSlagSteel>
		  <Steel>100</Steel>
		  <ComponentIndustrial>10</ComponentIndustrial>
		  <Plasteel>40</Plasteel>
		  <ComponentSpacer>4</ComponentSpacer>
		</killedLeavings>
		<costList>
		  <Steel>400</Steel>
		  <Plasteel>100</Plasteel>
		  <Uranium>100</Uranium>
		  <ComponentIndustrial>32</ComponentIndustrial>
		  <ComponentSpacer>14</ComponentSpacer>
		</costList>
		<building>
		  <claimable>true</claimable>
		  <alwaysDeconstructible>true</alwaysDeconstructible>
		</building>
		<selectable>true</selectable>
		<soundImpactDefault>BulletImpact_Metal</soundImpactDefault>
		<drawerType>MapMeshOnly</drawerType>
		<repairEffect>ConstructMetal</repairEffect>
		<comps>
		  <li Class="CompProperties_Power">
			<compClass>CompPowerPlant</compClass>
			<basePowerConsumption>-1000</basePowerConsumption>
			<transmitsPower>true</transmitsPower>
		  </li>
		</comps>
	  </ThingDef>
	
	
  
</Defs>