<?xml version="1.0" encoding="utf-8" ?>
<Defs>


<!--Genes-->

  
    <GeneDef>
    <defName>GS_Primitive</defName>
    <label>Primitive</label>
    <labelShortAdj>kind</labelShortAdj>
    <description>Carriers of this gene are very primitive and enjoy a much more simple life.</description>
    <iconPath>UI/Icons/Genes/Primitive</iconPath>
    <displayCategory>Miscellaneous</displayCategory>
    <displayOrderInCategory>60</displayOrderInCategory>
    <forcedTraits>
      <li>
        <def>Ascetic</def>
      </li>
    </forcedTraits>
    <biostatMet>-1</biostatMet>
  </GeneDef>
  
  
 </Defs>