﻿<?xml version="1.0" encoding="utf-8" ?>
<Defs>
  
  
  <ThingDef ParentName="ApparelNoQualityBase">
    <defName>guy762_DroidWeapon_trishot</defName>
    <label>Droid tri-shot</label>
    <description>Often installed as a "last resort" weapon on advanced war droids, this mounted blaster fires three bolts at once.</description>
    <graphicData>
      <texPath>Items/droidweapon/droidweapon_trishot</texPath>
      <graphicClass>Graphic_Single</graphicClass>
	  <onGroundRandomRotateAngle>0</onGroundRandomRotateAngle>
    </graphicData>
	<soundInteract>kotorsound_select_ion</soundInteract>
    <techLevel>Spacer</techLevel>
    <statBases>
      <Mass>2</Mass>
      <EquipDelay>25</EquipDelay>
      <MarketValue>300</MarketValue>
      <MaxHitPoints>200</MaxHitPoints>
	  <AccuracyTouch>0.70</AccuracyTouch>
	  <AccuracyShort>0.60</AccuracyShort>
	  <AccuracyMedium>0.40</AccuracyMedium>
	  <AccuracyLong>0.30</AccuracyLong>
	  <RangedWeapon_Cooldown>2.25</RangedWeapon_Cooldown>
	  <RangedWeapon_DamageMultiplier>1</RangedWeapon_DamageMultiplier>
    </statBases>
    <tickerType>Normal</tickerType>
    <thingCategories>
      <li>guy762_weaponmod</li>
    </thingCategories>
    <apparel>
      <countsAsClothingForNudity>false</countsAsClothingForNudity>
      <careIfWornByCorpse>false</careIfWornByCorpse>
      <careIfDamaged>false</careIfDamaged>
      <ignoredByNonViolent>true</ignoredByNonViolent>
      <wearPerDay>0</wearPerDay>
      <bodyPartGroups>
        <li>Arms</li>
      </bodyPartGroups>
      <layers>
        <li>Belt</li>
      </layers>
	  <tags>
		<li>KotORDroidWeapon_mid</li>
		<li>KotORDroidWeapon_infinite</li>
		<li>KotORDroidWeapon_battledroid</li>
		<li>KotORDroidWeapon_wardroid</li>
	  </tags>
    </apparel>
	<tradeTags>
      <li>guy762TT_DroidEquipment</li>
	  <li>guy762TT_DroidWeapons</li>
	  <li>guy762TT_weaponmod_adv</li>
    </tradeTags>
    <resourceReadoutPriority>Middle</resourceReadoutPriority>
    <tradeNeverStack>true</tradeNeverStack>
    <smeltable>false</smeltable>
    <burnableByRecipe>false</burnableByRecipe>
	<verbs>
		<li>
			<label>tri-shot blaster</label>
			<commandIcon>Items/droidweapon/droidweapon_trishot</commandIcon>
			<verbClass>Verb_Shoot</verbClass>
			<hasStandardCommand>true</hasStandardCommand>
			<defaultProjectile>KotORBlasterBolt_default</defaultProjectile>
			<warmupTime>1</warmupTime>
			<range>23</range>
			<ticksBetweenBurstShots>0</ticksBetweenBurstShots>
			<burstShotCount>3</burstShotCount>
			<soundCast>kotorsound_heavy2</soundCast>
			<soundCastTail>GunTail_Medium</soundCastTail>
			<muzzleFlashScale>9</muzzleFlashScale>
			<ai_IsWeapon>true</ai_IsWeapon>
			<onlyManualCast>true</onlyManualCast>
		</li>
	</verbs>
	<comps>
		<li Class="MVCF.Comps.CompProperties_VerbGiver">
			<verbProps>
				<li>
					<label>tri-shot blaster</label>
					<visualLabel>mounted tri-shot blaster</visualLabel>
					<!--canBeToggled>true</canBeToggled-->
					<description>A mounted tri-shot blaster.</description>
				</li>
			</verbProps>
		</li>
		<li Class="AthenaFramework.CompProperties_PrerequisiteEquippable">
			<prerequisites>
				<li>BionicArm</li>
			</prerequisites>
			<cantReason>No bionic part to attach to!</cantReason>
		  </li>
	</comps>
  </ThingDef>
  
  <ThingDef ParentName="ApparelNoQualityBase">
    <defName>guy762_DroidWeapon_railgun</defName>
    <label>Droid rail shot</label>
    <description>This powerful rail gun punches through most armor with ease, and is accurate over distances much greater than most other droid-mounted weapons.</description>
    <graphicData>
      <texPath>Items/droidweapon/droidweapon_railgun</texPath>
      <graphicClass>Graphic_Single</graphicClass>
	  <onGroundRandomRotateAngle>0</onGroundRandomRotateAngle>
    </graphicData>
	<soundInteract>kotorsound_select_ion</soundInteract>
    <techLevel>Spacer</techLevel>
    <statBases>
      <Mass>2</Mass>
      <EquipDelay>25</EquipDelay>
      <MarketValue>7620</MarketValue>
      <MaxHitPoints>200</MaxHitPoints>
	  <AccuracyTouch>0.95</AccuracyTouch>
	  <AccuracyShort>0.85</AccuracyShort>
	  <AccuracyMedium>0.65</AccuracyMedium>
	  <AccuracyLong>0.55</AccuracyLong>
	  <RangedWeapon_Cooldown>5</RangedWeapon_Cooldown>
	  <RangedWeapon_DamageMultiplier>1</RangedWeapon_DamageMultiplier>
    </statBases>
    <tickerType>Normal</tickerType>
    <thingCategories>
      <li>guy762_weaponmod</li>
    </thingCategories>
    <apparel>
      <countsAsClothingForNudity>false</countsAsClothingForNudity>
      <careIfWornByCorpse>false</careIfWornByCorpse>
      <careIfDamaged>false</careIfDamaged>
      <ignoredByNonViolent>true</ignoredByNonViolent>
      <wearPerDay>0</wearPerDay>
      <bodyPartGroups>
        <li>Arms</li>
      </bodyPartGroups>
      <layers>
        <li>Belt</li>
      </layers>
	  <tags>
		<li>KotORDroidWeapon_strong</li>
		<li>KotORDroidWeapon_infinite</li>
		<li>KotORDroidWeapon_asndroid</li>
	  </tags>
    </apparel>
	<tradeTags>
      <li>guy762TT_DroidEquipment</li>
	  <li>guy762TT_DroidWeapons</li>
	  <li>guy762TT_weaponmod_rare</li>
    </tradeTags>
    <resourceReadoutPriority>Middle</resourceReadoutPriority>
    <tradeNeverStack>true</tradeNeverStack>
    <smeltable>false</smeltable>
    <burnableByRecipe>false</burnableByRecipe>
	<verbs>
		<li>
			<label>rail shot</label>
			<commandIcon>Items/droidweapon/droidweapon_railgun</commandIcon>
			<verbClass>Verb_Shoot</verbClass>
			<hasStandardCommand>true</hasStandardCommand>
			<defaultProjectile>KotORRailgun</defaultProjectile>
			<warmupTime>4</warmupTime>
			<range>32</range>
			<ticksBetweenBurstShots>20</ticksBetweenBurstShots>
			<burstShotCount>1</burstShotCount>
			<soundCast>kotorsound_railgun</soundCast>
			<soundCastTail>GunTail_Heavy</soundCastTail>
			<muzzleFlashScale>9</muzzleFlashScale>
			<ai_IsWeapon>true</ai_IsWeapon>
			<forcedMissRadius>0.01</forcedMissRadius>
			<onlyManualCast>true</onlyManualCast>
		</li>
	</verbs>
	<comps>
		<li Class="MVCF.Comps.CompProperties_VerbGiver">
			<verbProps>
				<li>
					<label>rail shot</label>
					<visualLabel>mounted rail gun</visualLabel>
					<!--canBeToggled>true</canBeToggled-->
					<description>A mounted rail gun.</description>
				</li>
			</verbProps>
		</li>
		<li Class="AthenaFramework.CompProperties_PrerequisiteEquippable">
			<prerequisites>
				<li>BionicArm</li>
			</prerequisites>
			<cantReason>No bionic part to attach to!</cantReason>
		  </li>
	</comps>
	<thingSetMakerTags>
      <li>RewardStandardLowFreq</li>
    </thingSetMakerTags>
  </ThingDef>
  
  
  
  
  
  
  
  
  <ThingDef ParentName="ApparelNoQualityBase">
    <defName>guy762_DroidWeapon_flamethrower</defName>
    <label>Droid flamethrower</label>
    <description>This droid-mounted weapon can inflict damage over a broad area. The incendiary compounds within border on military quality, though the unit was initially designed for industrial purposes.</description>
    <graphicData>
      <texPath>Items/droidweapon/droidweapon_flame</texPath>
      <graphicClass>Graphic_Single</graphicClass>
	  <onGroundRandomRotateAngle>0</onGroundRandomRotateAngle>
    </graphicData>
	<soundInteract>kotorsound_select_ion</soundInteract>
    <techLevel>Spacer</techLevel>
    <statBases>
      <Mass>2</Mass>
      <EquipDelay>25</EquipDelay>
      <MarketValue>900</MarketValue>
      <MaxHitPoints>200</MaxHitPoints>
	  <AccuracyTouch>0.50</AccuracyTouch>
	  <AccuracyShort>0.40</AccuracyShort>
	  <AccuracyMedium>0.20</AccuracyMedium>
	  <AccuracyLong>0.10</AccuracyLong>
	  <RangedWeapon_Cooldown>6</RangedWeapon_Cooldown>
	  <RangedWeapon_DamageMultiplier>0.8</RangedWeapon_DamageMultiplier>
    </statBases>
    <tickerType>Normal</tickerType>
    <thingCategories>
      <li>guy762_weaponmod</li>
    </thingCategories>
    <apparel>
      <countsAsClothingForNudity>false</countsAsClothingForNudity>
      <careIfWornByCorpse>false</careIfWornByCorpse>
      <careIfDamaged>false</careIfDamaged>
      <ignoredByNonViolent>true</ignoredByNonViolent>
      <wearPerDay>0</wearPerDay>
      <bodyPartGroups>
        <li>Arms</li>
      </bodyPartGroups>
      <layers>
        <li>Belt</li>
      </layers>
	  <tags>
		<li>KotORDroidWeapon_destructive</li>
		<li>KotORDroidWeapon_wardroid</li>
	  </tags>
    </apparel>
	<tradeTags>
      <li>guy762TT_DroidEquipment</li>
	  <li>guy762TT_DroidWeapons</li>
	  <li>guy762TT_weaponmod_rare</li>
    </tradeTags>
    <resourceReadoutPriority>Middle</resourceReadoutPriority>
    <tradeNeverStack>true</tradeNeverStack>
    <smeltable>false</smeltable>
    <burnableByRecipe>false</burnableByRecipe>
	<verbs>
		<li>
			<label>flamethrower</label>
			<commandIcon>Items/droidweapon/droidweapon_flame</commandIcon>
			<verbClass>Verb_SpewFire</verbClass>
			<hasStandardCommand>true</hasStandardCommand>
			<warmupTime>0.5</warmupTime>
			<range>7</range>
			<ticksBetweenBurstShots>4</ticksBetweenBurstShots>
			<burstShotCount>10</burstShotCount>
			<soundCast>kotorsound_flamethrower</soundCast>
			<muzzleFlashScale>9</muzzleFlashScale>
			<ai_IsWeapon>true</ai_IsWeapon>
			<ai_AvoidFriendlyFireRadius>6.9</ai_AvoidFriendlyFireRadius>
			<ai_IsBuildingDestroyer>true</ai_IsBuildingDestroyer>
			<onlyManualCast>true</onlyManualCast>
			<targetParams>
				<canTargetLocations>true</canTargetLocations>
			</targetParams>
		</li>
	</verbs>
	<comps>
		<li Class="MVCF.Comps.CompProperties_VerbGiver">
			<verbProps>
				<li>
					<label>flamethrower</label>
					<visualLabel>mounted flamethrower</visualLabel>
					<!--canBeToggled>true</canBeToggled-->
					<description>A mounted flamethrower.</description>
				</li>
			</verbProps>
		</li>
		<li Class="CompProperties_Reloadable">
			<maxCharges>3</maxCharges>
			<hotKey>Misc4</hotKey>
			<chargeNoun>incendiary</chargeNoun>
			<displayGizmoWhileUndrafted>false</displayGizmoWhileUndrafted>
			<destroyOnEmpty>true</destroyOnEmpty>
		  </li>
		  <li Class="CompProperties_Explosive">
			<explosiveRadius>2.66</explosiveRadius>
			<explosiveDamageType>Flame</explosiveDamageType>
			<requiredDamageTypeToExplode>Flame</requiredDamageTypeToExplode>
		</li>
		<li Class="AthenaFramework.CompProperties_PrerequisiteEquippable">
			<prerequisites>
				<li>BionicArm</li>
			</prerequisites>
			<cantReason>No bionic part to attach to!</cantReason>
		  </li>
	</comps>
	<thingSetMakerTags>
      <li>RewardStandardMidFreq</li>
    </thingSetMakerTags>
  </ThingDef>
  
  <ThingDef ParentName="ApparelNoQualityBase">
    <defName>guy762_DroidWeapon_seekerrocket</defName>
    <label>Droid seeker-missile launcher</label>
    <description>This droid-mounted weapon can fire a "seeker" missile, which homes in on the target once fired.</description>
    <graphicData>
      <texPath>Items/droidweapon/droidweapon_seeker</texPath>
      <graphicClass>Graphic_Single</graphicClass>
	  <onGroundRandomRotateAngle>0</onGroundRandomRotateAngle>
    </graphicData>
	<soundInteract>kotorsound_select_ion</soundInteract>
    <techLevel>Spacer</techLevel>
    <statBases>
      <Mass>2</Mass>
      <EquipDelay>25</EquipDelay>
      <MarketValue>2200</MarketValue>
      <MaxHitPoints>200</MaxHitPoints>
	  <AccuracyTouch>0.50</AccuracyTouch>
	  <AccuracyShort>0.40</AccuracyShort>
	  <AccuracyMedium>0.20</AccuracyMedium>
	  <AccuracyLong>0.10</AccuracyLong>
	  <RangedWeapon_Cooldown>4</RangedWeapon_Cooldown>
    </statBases>
    <tickerType>Normal</tickerType>
    <thingCategories>
      <li>guy762_weaponmod</li>
    </thingCategories>
    <apparel>
      <countsAsClothingForNudity>false</countsAsClothingForNudity>
      <careIfWornByCorpse>false</careIfWornByCorpse>
      <careIfDamaged>false</careIfDamaged>
      <ignoredByNonViolent>true</ignoredByNonViolent>
      <wearPerDay>0</wearPerDay>
      <bodyPartGroups>
        <li>Arms</li>
      </bodyPartGroups>
      <layers>
        <li>Belt</li>
      </layers>
	  <tags>
		<li>KotORDroidWeapon_strong</li>
		<li>KotORDroidWeapon_wardroid</li>
	  </tags>
    </apparel>
	<tradeTags>
      <li>guy762TT_DroidEquipment</li>
	  <li>guy762TT_DroidWeapons</li>
	  <li>guy762TT_weaponmod_adv</li>
    </tradeTags>
    <resourceReadoutPriority>Middle</resourceReadoutPriority>
    <tradeNeverStack>true</tradeNeverStack>
    <smeltable>false</smeltable>
    <burnableByRecipe>false</burnableByRecipe>
	<verbs>
		<li>
			<label>seeker-missile launcher</label>
			<commandIcon>Items/droidweapon/droidweapon_seeker</commandIcon>
			<verbClass>Verb_Shoot</verbClass>
			<hasStandardCommand>true</hasStandardCommand>
			<defaultProjectile>KotORMissile_seeker</defaultProjectile>
			<warmupTime>3</warmupTime>
			<range>25</range>
			<ticksBetweenBurstShots>30</ticksBetweenBurstShots>
			<burstShotCount>1</burstShotCount>
			<soundCast>kotorsound_rocket</soundCast>
			<soundCastTail>GunTail_Medium</soundCastTail>
			<muzzleFlashScale>9</muzzleFlashScale>
			<ai_IsWeapon>true</ai_IsWeapon>
			<forcedMissRadius>0.01</forcedMissRadius>
			<onlyManualCast>true</onlyManualCast>
		</li>
	</verbs>
	<comps>
		<li Class="MVCF.Comps.CompProperties_VerbGiver">
			<verbProps>
				<li>
					<label>seeker-missile launcher</label>
					<visualLabel>mounted seeker-missile launcher</visualLabel>
					<!--canBeToggled>true</canBeToggled-->
					<description>A mounted seeker-missile launcher.</description>
				</li>
			</verbProps>
		</li>
		<li Class="CompProperties_Reloadable">
			<maxCharges>5</maxCharges>
			<hotKey>Misc4</hotKey>
			<chargeNoun>missile</chargeNoun>
			<displayGizmoWhileUndrafted>false</displayGizmoWhileUndrafted>
			<destroyOnEmpty>true</destroyOnEmpty>
		  </li>
		  <li Class="CompProperties_Explosive">
			<explosiveRadius>2.66</explosiveRadius>
			<explosiveDamageType>Bomb</explosiveDamageType>
			<requiredDamageTypeToExplode>Flame</requiredDamageTypeToExplode>
		</li>
		<li Class="AthenaFramework.CompProperties_PrerequisiteEquippable">
			<prerequisites>
				<li>BionicArm</li>
			</prerequisites>
			<cantReason>No bionic part to attach to!</cantReason>
		  </li>
	</comps>
  </ThingDef>
  
  <ThingDef ParentName="ApparelNoQualityBase">
    <defName>guy762_DroidWeapon_microrocket</defName>
    <label>Droid micro-rocket launcher</label>
    <description>Unlike Seeker-missile launchers, this device fires a barrage of micro-rockets designed to overwhelm the enemy.</description>
    <graphicData>
      <texPath>Items/droidweapon/droidweapon_microrocket</texPath>
      <graphicClass>Graphic_Single</graphicClass>
	  <onGroundRandomRotateAngle>0</onGroundRandomRotateAngle>
    </graphicData>
	<soundInteract>kotorsound_select_ion</soundInteract>
    <techLevel>Spacer</techLevel>
    <statBases>
      <Mass>2</Mass>
      <EquipDelay>25</EquipDelay>
      <MarketValue>2000</MarketValue>
      <MaxHitPoints>200</MaxHitPoints>
	  <AccuracyTouch>0.50</AccuracyTouch>
	  <AccuracyShort>0.40</AccuracyShort>
	  <AccuracyMedium>0.20</AccuracyMedium>
	  <AccuracyLong>0.10</AccuracyLong>
	  <RangedWeapon_Cooldown>4</RangedWeapon_Cooldown>
    </statBases>
    <tickerType>Normal</tickerType>
    <thingCategories>
      <li>guy762_weaponmod</li>
    </thingCategories>
    <apparel>
      <countsAsClothingForNudity>false</countsAsClothingForNudity>
      <careIfWornByCorpse>false</careIfWornByCorpse>
      <careIfDamaged>false</careIfDamaged>
      <ignoredByNonViolent>true</ignoredByNonViolent>
      <wearPerDay>0</wearPerDay>
      <bodyPartGroups>
        <li>Arms</li>
      </bodyPartGroups>
      <layers>
        <li>Belt</li>
      </layers>
	  <tags>
		<li>KotORDroidWeapon_strong</li>
		<li>KotORDroidWeapon_asndroid</li>
	  </tags>
    </apparel>
	<tradeTags>
      <li>guy762TT_DroidEquipment</li>
	  <li>guy762TT_DroidWeapons</li>
	  <li>guy762TT_weaponmod_adv</li>
    </tradeTags>
    <resourceReadoutPriority>Middle</resourceReadoutPriority>
    <tradeNeverStack>true</tradeNeverStack>
    <smeltable>false</smeltable>
    <burnableByRecipe>false</burnableByRecipe>
	<verbs>
		<li>
			<label>micro-rocket launcher</label>
			<commandIcon>Items/droidweapon/droidweapon_microrocket</commandIcon>
			<verbClass>Verb_Shoot</verbClass>
			<hasStandardCommand>true</hasStandardCommand>
			<defaultProjectile>KotORRocket_micro</defaultProjectile>
			<warmupTime>2</warmupTime>
			<range>25</range>
			<ticksBetweenBurstShots>15</ticksBetweenBurstShots>
			<burstShotCount>3</burstShotCount>
			<soundCast>kotorsound_rocket</soundCast>
			<soundCastTail>GunTail_Medium</soundCastTail>
			<muzzleFlashScale>9</muzzleFlashScale>
			<ai_IsWeapon>true</ai_IsWeapon>
			<forcedMissRadius>0.01</forcedMissRadius>
			<onlyManualCast>true</onlyManualCast>
		</li>
	</verbs>
	<comps>
		<li Class="MVCF.Comps.CompProperties_VerbGiver">
			<verbProps>
				<li>
					<label>micro-rocket launcher</label>
					<visualLabel>mounted micro-rocket launcher</visualLabel>
					<!--canBeToggled>true</canBeToggled-->
					<description>A mounted micro-rocket launcher.</description>
				</li>
			</verbProps>
		</li>
		<li Class="CompProperties_Reloadable">
			<maxCharges>15</maxCharges>
			<hotKey>Misc4</hotKey>
			<chargeNoun>rocket</chargeNoun>
			<displayGizmoWhileUndrafted>false</displayGizmoWhileUndrafted>
			<destroyOnEmpty>true</destroyOnEmpty>
		  </li>
		  <li Class="CompProperties_Explosive">
			<explosiveRadius>2.66</explosiveRadius>
			<explosiveDamageType>Bomb</explosiveDamageType>
			<requiredDamageTypeToExplode>Flame</requiredDamageTypeToExplode>
		</li>
		<li Class="AthenaFramework.CompProperties_PrerequisiteEquippable">
			<prerequisites>
				<li>BionicArm</li>
			</prerequisites>
			<cantReason>No bionic part to attach to!</cantReason>
		  </li>
	</comps>
  </ThingDef>
  
  

</Defs>
