<ModMetaData>
	<name>Star Wars KotOR Gadgets and Equipment</name>
	<packageId>guy762.KotORGadgets</packageId>
	<author>guy762</author>
	<description>Adds energy shields, stealth field generators, medpacs, jetpacks, and more from Star Wars: Knights of the Old Republic and Star Wars: Knights of the Old Republic II - The Sith Lords.</description>
	<supportedVersions>
		<li>1.4</li>
	</supportedVersions>
	
	<modDependencies>
		<li>
			<packageId>Ludeon.RimWorld.Royalty</packageId>
			<displayName>Royalty</displayName>
		</li>
		<li>
			<packageId>Ludeon.RimWorld.Biotech</packageId>
			<displayName>Biotech</displayName>
		</li>
		<li>
			<packageId>OskarPotocki.VanillaFactionsExpanded.Core</packageId>
			<displayName>Vanilla Expanded Framework</displayName>
			<steamWorkshopUrl>steam://url/CommunityFilePage/2023507013</steamWorkshopUrl>
			<downloadUrl>https://github.com/Vanilla-Expanded/VanillaExpandedFramework</downloadUrl>
		  </li>
		  <li>
			<packageId>smartkar.athenaframework</packageId>
			<displayName>Athena Framework</displayName>
			<steamWorkshopUrl>steam://url/CommunityFilePage/2903359518</steamWorkshopUrl>
		  </li>
		  <li>
            <packageId>guy762.KotORWeapons</packageId>
            <displayName>Star Wars KotOR Weapons and Armor</displayName>
            <steamWorkshopUrl>https://steamcommunity.com/sharedfiles/filedetails/?id=2938932438</steamWorkshopUrl>
        </li>
	</modDependencies>
	

	<loadAfter>
		<li>Ludeon.RimWorld</li>
		<li>Ludeon.RimWorld.Royalty</li>
		<li>Ludeon.RimWorld.Biotech</li>
		<li>OskarPotocki.VanillaFactionsExpanded.Core</li>
		<li>smartkar.athenaframework</li>
		<li>guy762.KotORWeapons</li>
	</loadAfter>
</ModMetaData>