﻿<?xml version="1.0" encoding="utf-8"?>
<Defs>

  <ThingDef ParentName="guy762_kotorshortsaber">
    <defName>guy762_kotorshortsaber_red</defName>
	<weaponTags Inherit="False">
		<li>SE_sithsaber_dual</li>
		<li>SaV_darkjedisaber</li>
	</weaponTags>
    <comps>
	  <li Class="ModularWeapons.CompProperties_ModularParts">
		<compClass>ModularWeapons.CompModularParts</compClass>
		<bundlePackageId>guy762.KotORWeaponsArmor</bundlePackageId>
		<partKinds>
			<li>guy762_slot_colorcrystal</li>
			<li>guy762_slot_focuscrystal</li>
			<!--li>guy762_slot_lens</li>
			<li>guy762_slot_emitter</li-->
		</partKinds>
		<majorKinds>
			<li>guy762_slot_colorcrystal</li>
		</majorKinds>
		<randomizeParts>false</randomizeParts>
		<defaultParts>
			<li>guy762_colorcrystal_red</li>
		</defaultParts>
	  </li>
    </comps>
  </ThingDef>
  
  <ThingDef ParentName="guy762_kotorshortsaber">
    <defName>guy762_kotorshortsaber_orange</defName>
	<weaponTags Inherit="False">
		<li>SaV_darkjedisaber</li>
	</weaponTags>
    <comps>
	  <li Class="ModularWeapons.CompProperties_ModularParts">
		<compClass>ModularWeapons.CompModularParts</compClass>
		<bundlePackageId>guy762.KotORWeaponsArmor</bundlePackageId>
		<partKinds>
			<li>guy762_slot_colorcrystal</li>
			<li>guy762_slot_focuscrystal</li>
			<!--li>guy762_slot_lens</li>
			<li>guy762_slot_emitter</li-->
		</partKinds>
		<majorKinds>
			<li>guy762_slot_colorcrystal</li>
		</majorKinds>
		<randomizeParts>false</randomizeParts>
		<defaultParts>
			<li>guy762_colorcrystal_orange</li>
		</defaultParts>
	  </li>
    </comps>
  </ThingDef>
  
  <ThingDef ParentName="guy762_kotorshortsaber">
    <defName>guy762_kotorshortsaber_yellow</defName>
	<weaponTags Inherit="False">
		<li>OR_jedisaber_dual</li>
		<li>OR_jedisentinel</li>
		<li>SaV_jediexilesaber</li>
	</weaponTags>
    <comps>
	  <li Class="ModularWeapons.CompProperties_ModularParts">
		<compClass>ModularWeapons.CompModularParts</compClass>
		<bundlePackageId>guy762.KotORWeaponsArmor</bundlePackageId>
		<partKinds>
			<li>guy762_slot_colorcrystal</li>
			<li>guy762_slot_focuscrystal</li>
			<!--li>guy762_slot_lens</li>
			<li>guy762_slot_emitter</li-->
		</partKinds>
		<majorKinds>
			<li>guy762_slot_colorcrystal</li>
		</majorKinds>
		<randomizeParts>false</randomizeParts>
		<defaultParts>
			<li>guy762_colorcrystal_yellow</li>
		</defaultParts>
	  </li>
    </comps>
  </ThingDef>
  
  <ThingDef ParentName="guy762_kotorshortsaber">
    <defName>guy762_kotorshortsaber_green</defName>
	<weaponTags Inherit="False">
		<li>OR_jedisaber_dual</li>
		<li>SaV_jediexilesaber</li>
	</weaponTags>
    <comps>
	  <li Class="ModularWeapons.CompProperties_ModularParts">
		<compClass>ModularWeapons.CompModularParts</compClass>
		<bundlePackageId>guy762.KotORWeaponsArmor</bundlePackageId>
		<partKinds>
			<li>guy762_slot_colorcrystal</li>
			<li>guy762_slot_focuscrystal</li>
			<!--li>guy762_slot_lens</li>
			<li>guy762_slot_emitter</li-->
		</partKinds>
		<majorKinds>
			<li>guy762_slot_colorcrystal</li>
		</majorKinds>
		<randomizeParts>false</randomizeParts>
		<defaultParts>
			<li>guy762_colorcrystal_green</li>
		</defaultParts>
	  </li>
    </comps>
  </ThingDef>
  
  <ThingDef ParentName="guy762_kotorshortsaber">
    <defName>guy762_kotorshortsaber_blue</defName>
	<weaponTags Inherit="False">
		<li>OR_jedisaber_dual</li>
		<li>SaV_jediexilesaber</li>
	</weaponTags>
    <comps>
	  <li Class="ModularWeapons.CompProperties_ModularParts">
		<compClass>ModularWeapons.CompModularParts</compClass>
		<bundlePackageId>guy762.KotORWeaponsArmor</bundlePackageId>
		<partKinds>
			<li>guy762_slot_colorcrystal</li>
			<li>guy762_slot_focuscrystal</li>
			<!--li>guy762_slot_lens</li>
			<li>guy762_slot_emitter</li-->
		</partKinds>
		<majorKinds>
			<li>guy762_slot_colorcrystal</li>
		</majorKinds>
		<randomizeParts>false</randomizeParts>
		<defaultParts>
			<li>guy762_colorcrystal_blue</li>
		</defaultParts>
	  </li>
    </comps>
  </ThingDef>
  
  <ThingDef ParentName="guy762_kotorshortsaber">
    <defName>guy762_kotorshortsaber_purple</defName>
	<weaponTags Inherit="False">
		<li>OR_jedisaber_dual</li>
		<li>SE_sithsaber_dual</li>
		<li>SaV_darkjedisaber</li>
		<li>SaV_jediexilesaber</li>
	</weaponTags>
    <comps>
	  <li Class="ModularWeapons.CompProperties_ModularParts">
		<compClass>ModularWeapons.CompModularParts</compClass>
		<bundlePackageId>guy762.KotORWeaponsArmor</bundlePackageId>
		<partKinds>
			<li>guy762_slot_colorcrystal</li>
			<li>guy762_slot_focuscrystal</li>
			<!--li>guy762_slot_lens</li>
			<li>guy762_slot_emitter</li-->
		</partKinds>
		<majorKinds>
			<li>guy762_slot_colorcrystal</li>
		</majorKinds>
		<randomizeParts>false</randomizeParts>
		<defaultParts>
			<li>guy762_colorcrystal_purple</li>
		</defaultParts>
	  </li>
    </comps>
  </ThingDef>
  
  <ThingDef ParentName="guy762_kotorshortsaber">
    <defName>guy762_kotorshortsaber_white</defName>
	<weaponTags Inherit="False">
		<li>SaV_jediexilesaber</li>
	</weaponTags>
    <comps>
	  <li Class="ModularWeapons.CompProperties_ModularParts">
		<compClass>ModularWeapons.CompModularParts</compClass>
		<bundlePackageId>guy762.KotORWeaponsArmor</bundlePackageId>
		<partKinds>
			<li>guy762_slot_colorcrystal</li>
			<li>guy762_slot_focuscrystal</li>
			<!--li>guy762_slot_lens</li>
			<li>guy762_slot_emitter</li-->
		</partKinds>
		<majorKinds>
			<li>guy762_slot_colorcrystal</li>
		</majorKinds>
		<randomizeParts>false</randomizeParts>
		<defaultParts>
			<li>guy762_colorcrystal_white</li>
		</defaultParts>
	  </li>
    </comps>
  </ThingDef>
  
  
  
  
  
  
  
  
  
  
  
  
  
  
  <ThingDef ParentName="guy762_kotorshortsaber">
    <defName>guy762_kotornaddsaber</defName>
	<label>Freedon Nadd's short lightsaber</label>
	<description>This short lightsaber once belonged to the powerful Sith Lord Freedon Nadd. Freedon Nadd trained with (and later destroyed) Naga Sadow's spirit and brought the power of the dark side to Onderon.</description>
	<statBases>
      <MarketValue>100000</MarketValue>
    </statBases>
	<weaponTags Inherit="False">
		<li>KotORMelee_legendary</li>
		<li>SE_nihilite</li>
	</weaponTags>
	<tradeTags Inherit="False">
		<li>guy762TT_KotORLegendary</li>
	</tradeTags>
	<relicChance>5</relicChance>
    <comps>
	  <li Class="ModularWeapons.CompProperties_ModularParts">
		<compClass>ModularWeapons.CompModularParts</compClass>
		<bundlePackageId>guy762.KotORWeaponsArmor</bundlePackageId>
		<partKinds>
			<li>guy762_slot_naddsabercolor</li>
			<li>guy762_slot_focuscrystal</li>
			<!--li>guy762_slot_lens</li>
			<li>guy762_slot_emitter</li-->
		</partKinds>
		<majorKinds>
			<li>guy762_slot_naddsabercolor</li>
		</majorKinds>
		<randomizeParts>true</randomizeParts>
		<defaultParts>
			<li>guy762_colorcrystal_nadd</li>
		</defaultParts>
	  </li>
    </comps>
  </ThingDef>
 
  

  
</Defs>