﻿<?xml version="1.0" encoding="utf-8"?>
<loadFolders>
	<v1.4>
		<li>/</li>
		<li>1.4</li>
		<li IfModNotActive="jecrell.jecstools">1.4/AdditionalMods/_BorrowedFromJecsTools</li>
		<li IfModNotActive="MG.KnightsOfTheOuterRim">1.4/AdditionalMods/_NO_KotORCore</li>
		<li IfModActive="Killathon.AndroidTiersReforged">1.4/AdditionalMods/ATR</li>
		<li IfModActive="Killathon.MechanicalHumanlikesCore">1.4/AdditionalMods/MHC</li>
		<li IfModActive="Roolo.DualWield">1.4/AdditionalMods/DualWield</li>
		<!--li IfModActive="Owlchemist.Tacticowl">1.4/AdditionalMods/Tacticowl</li-->
		<!--li IfModNotActive="smartkar.athenaframework">1.4/AdditionalMods/_NO_AthenaFramework</li-->
		<li IfModActive="smartkar.athenaframework">1.4/AdditionalMods/AthenaFramework</li>
		<li IfModNotActive="Ogam.MedievalOverhaul.ArcaneArchaeologists">1.4/AdditionalMods/Taranchuk_colorTwo</li>
		
		<li IfModNotActive="jecrell.StarWarsTheForce">1.4/AdditionalMods/_SpawnableSabers</li>
		<li IfModActive="jecrell.StarWarsTheForce">1.4/AdditionalMods/JecsForce</li>
		
		<li IfModActive="VanillaExpanded.VPsycastsE">1.4/AdditionalMods/VPE</li>
		<li IfModActive="lee.theforce.psycast">1.4/AdditionalMods/_ForceVPE</li>
	</v1.4>
</loadFolders>