<?xml version="1.0" encoding="utf-8" ?>
<Defs>

	<!-- Hyper Stimulant Recipes -->
	<RecipeDef>
		<defName>KotORRecipe_stim_hypercon</defName>
		<label>make hyper-adrenal stamina</label>
		<description>make 10 hyper-adrenal stamina needles</description>
		<jobString>Making 10 hyper-adrenal stamina.</jobString>
		<workSpeedStat>DrugSynthesisSpeed</workSpeedStat>
		<soundWorking>Recipe_Drug</soundWorking>
		<workAmount>7500</workAmount>
		<ingredients>
			<li>
				<filter>
				<thingDefs>
					<li>Yayo</li>
				</thingDefs>
				</filter>
				<count>10</count>
			</li>
			<li>
				<filter>
				<thingDefs>
					<li>Neutroamine</li>
				</thingDefs>
				</filter>
				<count>25</count>
			</li>
		</ingredients>
		<fixedIngredientFilter>
			<thingDefs>
				<li>Yayo</li>
				<li>Neutroamine</li>
			</thingDefs>
		</fixedIngredientFilter>
		<products>
			<guy762_stim_hypercon>10</guy762_stim_hypercon>
		</products>
		<skillRequirements>
			<Medicine>10</Medicine>
		</skillRequirements>
		<workSkill>Medicine</workSkill>
		<displayPriority>766</displayPriority>
		<researchPrerequisite>GoJuiceProduction</researchPrerequisite>
		<recipeUsers>
			<li>DrugLab</li>
		</recipeUsers>
	</RecipeDef>
	
	<RecipeDef>
		<defName>KotORRecipe_stim_hyperdex</defName>
		<label>make hyper-adrenal alacrity</label>
		<description>make 10 hyper-adrenal alacrity needles</description>
		<jobString>Making 10 hyper-adrenal alacrity.</jobString>
		<workSpeedStat>DrugSynthesisSpeed</workSpeedStat>
		<soundWorking>Recipe_Drug</soundWorking>
		<workAmount>7500</workAmount>
		<ingredients>
			<li>
				<filter>
				<thingDefs>
					<li>Yayo</li>
				</thingDefs>
				</filter>
				<count>10</count>
			</li>
			<li>
				<filter>
				<thingDefs>
					<li>Neutroamine</li>
				</thingDefs>
				</filter>
				<count>25</count>
			</li>
		</ingredients>
		<fixedIngredientFilter>
			<thingDefs>
				<li>Yayo</li>
				<li>Neutroamine</li>
			</thingDefs>
		</fixedIngredientFilter>
		<products>
			<guy762_stim_hyperdex>10</guy762_stim_hyperdex>
		</products>
		<skillRequirements>
			<Medicine>10</Medicine>
		</skillRequirements>
		<workSkill>Medicine</workSkill>
		<displayPriority>767</displayPriority>
		<researchPrerequisite>GoJuiceProduction</researchPrerequisite>
		<recipeUsers>
			<li>DrugLab</li>
		</recipeUsers>
	</RecipeDef>
	
	<RecipeDef>
		<defName>KotORRecipe_stim_hyperstr</defName>
		<label>make hyper-adrenal strength</label>
		<description>make 10 hyper-adrenal strength needles</description>
		<jobString>Making 10 hyper-adrenal strength.</jobString>
		<workSpeedStat>DrugSynthesisSpeed</workSpeedStat>
		<soundWorking>Recipe_Drug</soundWorking>
		<workAmount>7500</workAmount>
		<ingredients>
			<li>
				<filter>
				<thingDefs>
					<li>Yayo</li>
				</thingDefs>
				</filter>
				<count>10</count>
			</li>
			<li>
				<filter>
				<thingDefs>
					<li>Neutroamine</li>
				</thingDefs>
				</filter>
				<count>25</count>
			</li>
		</ingredients>
		<fixedIngredientFilter>
			<thingDefs>
				<li>Yayo</li>
				<li>Neutroamine</li>
			</thingDefs>
		</fixedIngredientFilter>
		<products>
			<guy762_stim_hyperstr>10</guy762_stim_hyperstr>
		</products>
		<skillRequirements>
			<Medicine>10</Medicine>
		</skillRequirements>
		<workSkill>Medicine</workSkill>
		<displayPriority>768</displayPriority>
		<researchPrerequisite>GoJuiceProduction</researchPrerequisite>
		<recipeUsers>
			<li>DrugLab</li>
		</recipeUsers>
	</RecipeDef>
	
	<RecipeDef>
		<defName>KotORRecipe_stim_hyperbattle</defName>
		<label>make hyper-battle stimulants</label>
		<description>make 10 hyper-battle stimulant needles</description>
		<jobString>Making 10 hyper-battle stimulants.</jobString>
		<workSpeedStat>DrugSynthesisSpeed</workSpeedStat>
		<soundWorking>Recipe_Drug</soundWorking>
		<workAmount>7500</workAmount>
		<ingredients>
			<li>
				<filter>
				<thingDefs>
					<li>Yayo</li>
				</thingDefs>
				</filter>
				<count>10</count>
			</li>
			<li>
				<filter>
				<thingDefs>
					<li>Neutroamine</li>
				</thingDefs>
				</filter>
				<count>25</count>
			</li>
		</ingredients>
		<fixedIngredientFilter>
			<thingDefs>
				<li>Yayo</li>
				<li>Neutroamine</li>
			</thingDefs>
		</fixedIngredientFilter>
		<products>
			<guy762_stim_hyperbattle>10</guy762_stim_hyperbattle>
		</products>
		<skillRequirements>
			<Medicine>10</Medicine>
		</skillRequirements>
		<workSkill>Medicine</workSkill>
		<displayPriority>769</displayPriority>
		<researchPrerequisite>GoJuiceProduction</researchPrerequisite>
		<recipeUsers>
			<li>DrugLab</li>
		</recipeUsers>
	</RecipeDef>
	
	
</Defs>
