<?xml version="1.0" encoding="utf-8" ?>
<Defs>

	
	<ThingDef ParentName="BenchBase">
		<defName>guy762_KotORWorkbench</defName>
		<label>Aratech workbench</label>
		<description>A highly advanced workbench for creating and modifying weapons and armor.</description>
		<thingClass>ModularWeapons.Building_GunsmithStation</thingClass>
		<graphicData>
		  <texPath>Buildings_Madman/armour_workbench</texPath>
		  <graphicClass>Graphic_Multi</graphicClass>
		  <drawSize>(3,3)</drawSize>
		  <damageData>
			<cornerTL>Damage/Corner</cornerTL>
			<cornerTR>Damage/Corner</cornerTR>
			<cornerBL>Damage/Corner</cornerBL>
			<cornerBR>Damage/Corner</cornerBR>
		  </damageData>
		</graphicData>
		<castEdgeShadows>true</castEdgeShadows>
		<staticSunShadowHeight>0.20</staticSunShadowHeight>
		<costList>
		  <Steel>250</Steel>
		  <ComponentIndustrial>10</ComponentIndustrial>
		  <ComponentSpacer>5</ComponentSpacer>
		</costList>
		<altitudeLayer>Building</altitudeLayer>
		<fillPercent>0.5</fillPercent>
		<useHitPoints>True</useHitPoints>
		<statBases>
		  <MarketValue>2500</MarketValue>
		  <WorkToBuild>6000</WorkToBuild>
		  <MaxHitPoints>400</MaxHitPoints>
		  <Flammability>0.5</Flammability>
		  <Cleanliness>-3</Cleanliness>
		</statBases>
		<size>(3,1)</size>
		<designationCategory>Production</designationCategory>
		<uiOrder>17620</uiOrder>
		<passability>PassThroughOnly</passability>
		<pathCost>50</pathCost>
		<hasInteractionCell>True</hasInteractionCell>
		<interactionCellOffset>(0,0,-1)</interactionCellOffset>
		<surfaceType>Item</surfaceType>
		<constructionSkillPrerequisite>8</constructionSkillPrerequisite>
		<inspectorTabs>
		  <li>ITab_Bills</li>
		</inspectorTabs>
		<building>
		  <spawnedConceptLearnOpportunity>BillsTab</spawnedConceptLearnOpportunity>
		</building>
		<comps>
		  <li Class="CompProperties_Power">
			<compClass>CompPowerTrader</compClass>
			<shortCircuitInRain>true</shortCircuitInRain>
			<basePowerConsumption>200</basePowerConsumption>
		  </li>
		  <li Class="CompProperties_Flickable"/>
		  <li Class="CompProperties_AffectedByFacilities">
			<linkableFacilities>
			  <li>ToolCabinet</li>
			</linkableFacilities>
		  </li>
		  <li Class="CompProperties_Breakdownable"/>
		</comps>
		<placeWorkers>
		  <li>PlaceWorker_ShowFacilitiesConnections</li>
		  <li>PlaceWorker_PreventInteractionSpotOverlap</li>
		</placeWorkers>
		<constructEffect>ConstructMetal</constructEffect>
		<researchPrerequisites>
		  <li>guy762_ResearchKotOR_workbench</li>
		</researchPrerequisites>
	  </ThingDef>
	  
	  <WorkGiverDef>
		<defName>guy762_DoBillsAratechWorkbench</defName>
		<label>make things at Aratech workbench</label>
		<giverClass>WorkGiver_DoBill</giverClass>
		<workType>Smithing</workType>
		<priorityInType>75</priorityInType>
		<fixedBillGiverDefs>
		  <li>guy762_KotORWorkbench</li>
		</fixedBillGiverDefs>
		<verb>work</verb>
		<gerund>working at</gerund>
		<requiredCapacities>
		  <li>Manipulation</li>
		</requiredCapacities>
		<prioritizeSustains>true</prioritizeSustains>
	  </WorkGiverDef>
	
</Defs>