<?xml version="1.0" encoding="utf-8" ?>
<Defs>

	<ThingDef ParentName="guy762_crystalbase">
		<defName>guy762_crystalitem_stygium</defName>
		<label>Crystal, Stygium</label>
		<description>The stygium mineral can be used to create cloaking effects that foil enemy sensors. In its pure crystal form, it is suitable for a lightsaber.</description>
		<graphicData>
		  <texPath>Items/Upgrades/Lightsaber/crystal_styg</texPath>
		  <graphicClass>Graphic_Single</graphicClass>
		  <shaderType>TransparentPostLight</shaderType>
		  <color>(255,255,255)</color>
		</graphicData>
		<statBases>
		  <MarketValue>2980</MarketValue>
		  <Mass>0.2</Mass>
		</statBases>
		<tradeTags>
		  <li>guy762TT_sabermod_adv</li>
		</tradeTags>
	</ThingDef>
	
	
</Defs>