<?xml version="1.0" encoding="utf-8" ?>
<Defs>

	<SoundDef>
		<defName>kotorsound_TsUD_death</defName>	
		<context>MapOnly</context>
		<eventNames />	
		<maxSimultaneous>1</maxSimultaneous>	
		<subSounds>
			<li>
				<grains>
					<li Class="AudioGrain_Clip">
						<clipPath>T3/p_t3-m4_dead</clipPath>
					</li>
				</grains>	
				<volumeRange>
				<min>35</min>        
				<max>35</max>
				</volumeRange>  		
				<pitchRange>
					<min>0.8</min>				
					<max>1.2</max>
				</pitchRange>			
				<sustainLoop>False</sustainLoop>
			</li>
		</subSounds>
	</SoundDef>
	
	<SoundDef>
		<defName>kotorsound_TsUD_wounded</defName>	
		<context>MapOnly</context>
		<eventNames />	
		<maxSimultaneous>1</maxSimultaneous>	
		<subSounds>
			<li>
				<grains>
					<li Class="AudioGrain_Folder">
						<clipFolderPath>T3/T3_hit</clipFolderPath>
					</li>
				</grains>	
				<volumeRange>
				<min>35</min>        
				<max>35</max>
				</volumeRange>  		
				<pitchRange>
					<min>0.8</min>				
					<max>1.2</max>
				</pitchRange>			
				<sustainLoop>False</sustainLoop>
			</li>
		</subSounds>
	</SoundDef>
	
	<SoundDef>
		<defName>kotorsound_TsUD_ambient</defName>	
		<context>MapOnly</context>
		<eventNames />	
		<maxSimultaneous>1</maxSimultaneous>	
		<subSounds>
			<li>
				<grains>
					<li Class="AudioGrain_Folder">
						<clipFolderPath>T3/T3_amb</clipFolderPath>
					</li>
				</grains>	
				<volumeRange>
				<min>35</min>        
				<max>35</max>
				</volumeRange>  		
				<pitchRange>
					<min>0.8</min>				
					<max>1.2</max>
				</pitchRange>			
				<sustainLoop>False</sustainLoop>
			</li>
		</subSounds>
	</SoundDef>
	
	<SoundDef>
		<defName>kotorsound_TsUD_angry</defName>	
		<context>MapOnly</context>
		<eventNames />	
		<maxSimultaneous>1</maxSimultaneous>	
		<subSounds>
			<li>
				<grains>
					<li Class="AudioGrain_Folder">
						<clipFolderPath>T3/T3_battle</clipFolderPath>
					</li>
				</grains>	
				<volumeRange>
				<min>35</min>        
				<max>35</max>
				</volumeRange>  		
				<pitchRange>
					<min>0.8</min>				
					<max>1.2</max>
				</pitchRange>			
				<sustainLoop>False</sustainLoop>
			</li>
		</subSounds>
	</SoundDef>
	
	<SoundDef>
		<defName>kotorsound_TsUD_call</defName>	
		<context>MapOnly</context>
		<eventNames />	
		<maxSimultaneous>1</maxSimultaneous>	
		<subSounds>
			<li>
				<grains>
					<li Class="AudioGrain_Folder">
						<clipFolderPath>T3/T3_call</clipFolderPath>
					</li>
				</grains>	
				<volumeRange>
				<min>35</min>        
				<max>35</max>
				</volumeRange>  		
				<pitchRange>
					<min>0.8</min>				
					<max>1.2</max>
				</pitchRange>			
				<sustainLoop>False</sustainLoop>
			</li>
		</subSounds>
	</SoundDef>
	
	
</Defs>