<?xml version="1.0" encoding="utf-8" ?>
<Defs>


	



	<!--scopes-->

	  <ModularWeapons.ModularPartDef>
		<defName>guy762_scopemod_accuracy</defName>
		<label>accuracy scope</label>
		<kind>guy762_slot_scope</kind>
		<path>NoVisual</path>
		<massFactor>0.2</massFactor>
		<AccTouchFactor>0.1</AccTouchFactor>
		<AccShortFactor>0.1</AccShortFactor>
		<AccMediumFactor>0.1</AccMediumFactor>
		<AccLongFactor>0.1</AccLongFactor>
		<costList>
		  <guy762_scopeitem_accuracy>1</guy762_scopeitem_accuracy>
		</costList>
		<isRare>true</isRare>
	  </ModularWeapons.ModularPartDef>
	  
	  <ModularWeapons.ModularPartDef>
		<defName>guy762_scopemod_crippling</defName>
		<label>crippling scope</label>
		<kind>guy762_slot_scope</kind>
		<path>NoVisual</path>
		<massFactor>0.3</massFactor>
		<dmgMultiplierFactor>0.1</dmgMultiplierFactor>
		<costList>
		  <guy762_scopeitem_crippling>1</guy762_scopeitem_crippling>
		</costList>
		<isRare>true</isRare>
	  </ModularWeapons.ModularPartDef>
	  
	  <ModularWeapons.ModularPartDef>
		<defName>guy762_scopemod_holographic</defName>
		<label>holographic scope</label>
		<kind>guy762_slot_scope</kind>
		<path>NoVisual</path>
		<massFactor>0.1</massFactor>
		<AccTouchFactor>0.25</AccTouchFactor>
		<AccShortFactor>0.25</AccShortFactor>
		<warmupTimeFactor>-0.2</warmupTimeFactor>
		<costList>
		  <guy762_scopeitem_holographic>1</guy762_scopeitem_holographic>
		</costList>
		<isRare>true</isRare>
	  </ModularWeapons.ModularPartDef>
	  
	  <ModularWeapons.ModularPartDef>
		<defName>guy762_scopemod_targeting</defName>
		<label>targeting scope</label>
		<kind>guy762_slot_scope</kind>
		<path>NoVisual</path>
		<massFactor>0.3</massFactor>
		<AccMediumFactor>0.25</AccMediumFactor>
		<AccLongFactor>0.25</AccLongFactor>
		<warmupTimeFactor>-0.2</warmupTimeFactor>
		<costList>
		  <guy762_scopeitem_targeting>1</guy762_scopeitem_targeting>
		</costList>
		<isRare>true</isRare>
	  </ModularWeapons.ModularPartDef>


	<!--powercells-->
	
	
	  <ModularWeapons.ModularPartDef>
		<defName>guy762_powermod_optimized</defName>
		<label>optimized power cell</label>
		<kind>guy762_slot_power</kind>
		<path>NoVisual</path>
		<massFactor>0.3</massFactor>
		<cooldownFactor>-0.25</cooldownFactor>
		<costList>
		  <guy762_pcellitem_optimized>1</guy762_pcellitem_optimized>
		</costList>
		<isRare>true</isRare>
	  </ModularWeapons.ModularPartDef>
	  
	  <ModularWeapons.ModularPartDef>
		<defName>guy762_powermod_pulsator</defName>
		<label>power pulsator</label>
		<kind>guy762_slot_power</kind>
		<path>NoVisual</path>
		<massFactor>0.3</massFactor>
		<dmgMultiplierFactor>0.2</dmgMultiplierFactor>
		<costList>
		  <guy762_pcellitem_pulsator>1</guy762_pcellitem_pulsator>
		</costList>
		<isRare>true</isRare>
	  </ModularWeapons.ModularPartDef>
	  
	  <ModularWeapons.ModularPartDef>
		<defName>guy762_powermod_rylith</defName>
		<label>Rylith power cell</label>
		<kind>guy762_slot_power</kind>
		<path>NoVisual</path>
		<massFactor>0.4</massFactor>
		<dmgMultiplierFactor>0.4</dmgMultiplierFactor>
		<cooldownFactor>0.5</cooldownFactor>
		<costList>
		  <guy762_pcellitem_rylith>1</guy762_pcellitem_rylith>
		</costList>
		<isRare>true</isRare>
		<researchPrerequisites>
		  <li>guy762_ResearchKotOR_advupgrade</li>
		</researchPrerequisites>
	  </ModularWeapons.ModularPartDef>
	  
	  <ModularWeapons.ModularPartDef>
		<defName>guy762_powermod_ion</defName>
		<label>ion charger</label>
		<kind>guy762_slot_power</kind>
		<path>NoVisual</path>
		<description>Adds an additional attack verb which deals ion damage.</description>
		<massFactor>0.4</massFactor>
		<underbarrelVerb>
			<label>ion charge</label>
			<description>Fire a burst charged with ionized energy.</description>
			<iconPath>UI/Ion_Shot</iconPath>
			<commandIcon>UI/Ion_Shot</commandIcon>
			<verbClass>Verb_Shoot</verbClass>
			<hasStandardCommand>true</hasStandardCommand>
			<defaultProjectile>KotORBlasterBolt_ioncharger</defaultProjectile>
			<warmupTime>3</warmupTime>
			<range>25</range>
			<ticksBetweenBurstShots>16</ticksBetweenBurstShots>
			<burstShotCount>3</burstShotCount>
			<soundCast>kotorsound_heavy1</soundCast>
			<soundCastTail>GunTail_Medium</soundCastTail>
			<muzzleFlashScale>9</muzzleFlashScale>
			<ai_IsWeapon>true</ai_IsWeapon>
		</underbarrelVerb>
		<costList>
		  <guy762_pcellitem_ion>1</guy762_pcellitem_ion>
		</costList>
		<isRare>true</isRare>
		<researchPrerequisites>
		  <li>guy762_ResearchKotOR_advupgrade</li>
		</researchPrerequisites>
	  </ModularWeapons.ModularPartDef>
	  
	  <ModularWeapons.ModularPartDef>
		<defName>guy762_powermod_charge</defName>
		<label>energy charger</label>
		<kind>guy762_slot_power</kind>
		<path>NoVisual</path>
		<description>Adds an additional attack verb which fires a single shot with increased damage.</description>
		<massFactor>0.4</massFactor>
		<underbarrelVerb>
			<label>power blast</label>
			<description>Fire a single overcharged bolt.</description>
			<iconPath>UI/Power_Blast</iconPath>
			<commandIcon>UI/Power_Blast</commandIcon>
			<verbClass>Verb_Shoot</verbClass>
			<hasStandardCommand>true</hasStandardCommand>
			<defaultProjectile>KotORBlasterBolt_heavy</defaultProjectile>
			<warmupTime>4.5</warmupTime>
			<defaultCooldownTime>3</defaultCooldownTime>
			<range>25</range>
			<ticksBetweenBurstShots>18</ticksBetweenBurstShots>
			<burstShotCount>1</burstShotCount>
			<soundAiming>kotorsound_powercharge</soundAiming>
			<soundCast>kotorsound_heavy2</soundCast>
			<soundCastTail>GunTail_Medium</soundCastTail>
			<muzzleFlashScale>9</muzzleFlashScale>
			<ai_IsWeapon>true</ai_IsWeapon>
		</underbarrelVerb>
		<costList>
		  <guy762_pcellitem_charge>1</guy762_pcellitem_charge>
		</costList>
		<isRare>true</isRare>
	  </ModularWeapons.ModularPartDef>
	  
	  <ModularWeapons.ModularPartDef>
		<defName>guy762_powermod_advcharge</defName>
		<label>adv. energy charger</label>
		<kind>guy762_slot_power</kind>
		<path>NoVisual</path>
		<description>Adds an additional attack verb which fires a single shot with increased damage.</description>
		<massFactor>0.4</massFactor>
		<underbarrelVerb>
			<label>adv. power blast</label>
			<description>Fire a single overcharged bolt.</description>
			<iconPath>UI/Improved_Power_Blast</iconPath>
			<commandIcon>UI/Improved_Power_Blast</commandIcon>
			<verbClass>Verb_Shoot</verbClass>
			<hasStandardCommand>true</hasStandardCommand>
			<defaultProjectile>KotORBlasterBolt_advheavy</defaultProjectile>
			<warmupTime>5.5</warmupTime>
			<defaultCooldownTime>4</defaultCooldownTime>
			<range>25</range>
			<ticksBetweenBurstShots>18</ticksBetweenBurstShots>
			<burstShotCount>1</burstShotCount>
			<soundAiming>kotorsound_powercharge</soundAiming>
			<soundCast>kotorsound_heavy2</soundCast>
			<soundCastTail>GunTail_Medium</soundCastTail>
			<muzzleFlashScale>9</muzzleFlashScale>
			<ai_IsWeapon>true</ai_IsWeapon>
		</underbarrelVerb>
		<costList>
		  <guy762_pcellitem_advcharge>1</guy762_pcellitem_advcharge>
		</costList>
		<isRare>true</isRare>
		<researchPrerequisites>
		  <li>guy762_ResearchKotOR_advupgrade</li>
		</researchPrerequisites>
	  </ModularWeapons.ModularPartDef>
	  
	  <ModularWeapons.ModularPartDef>
		<defName>guy762_powermod_mstcharge</defName>
		<label>master energy charger</label>
		<kind>guy762_slot_power</kind>
		<path>NoVisual</path>
		<description>Adds an additional attack verb which fires a single shot with increased damage.</description>
		<massFactor>0.4</massFactor>
		<underbarrelVerb>
			<label>master power blast</label>
			<description>Fire a single overcharged bolt.</description>
			<iconPath>UI/Master_Power_Blast</iconPath>
			<commandIcon>UI/Master_Power_Blast</commandIcon>
			<verbClass>Verb_Shoot</verbClass>
			<hasStandardCommand>true</hasStandardCommand>
			<defaultProjectile>KotORBlasterBolt_mstheavy</defaultProjectile>
			<warmupTime>6.5</warmupTime>
			<defaultCooldownTime>5</defaultCooldownTime>
			<range>25</range>
			<ticksBetweenBurstShots>18</ticksBetweenBurstShots>
			<burstShotCount>1</burstShotCount>
			<soundAiming>kotorsound_powercharge</soundAiming>
			<soundCast>kotorsound_heavy2</soundCast>
			<soundCastTail>GunTail_Medium</soundCastTail>
			<muzzleFlashScale>9</muzzleFlashScale>
			<ai_IsWeapon>true</ai_IsWeapon>
		</underbarrelVerb>
		<costList>
		  <guy762_pcellitem_mstcharge>1</guy762_pcellitem_mstcharge>
		</costList>
		<isRare>true</isRare>
		<researchPrerequisites>
		  <li>guy762_ResearchKotOR_advupgrade</li>
		</researchPrerequisites>
	  </ModularWeapons.ModularPartDef>

	
	<!--firing chambers-->
	
	
	  <ModularWeapons.ModularPartDef>
		<defName>guy762_chambermod_precision</defName>
		<label>precision chamber</label>
		<kind>guy762_slot_chamber</kind>
		<path>NoVisual</path>
		<massFactor>0.3</massFactor>
		<AccTouchFactor>0.2</AccTouchFactor>
		<AccShortFactor>0.2</AccShortFactor>
		<AccMediumFactor>0.2</AccMediumFactor>
		<AccLongFactor>0.2</AccLongFactor>
		<costList>
		  <guy762_chamberitem_precision>1</guy762_chamberitem_precision>
		</costList>
		<isRare>true</isRare>
	  </ModularWeapons.ModularPartDef>
	  
	  <ModularWeapons.ModularPartDef>
		<defName>guy762_chambermod_amp</defName>
		<label>amplifying chamber</label>
		<kind>guy762_slot_chamber</kind>
		<path>NoVisual</path>
		<massFactor>0.3</massFactor>
		<dmgMultiplierFactor>0.2</dmgMultiplierFactor>
		<costList>
		  <guy762_chamberitem_amp>1</guy762_chamberitem_amp>
		</costList>
		<isRare>true</isRare>
	  </ModularWeapons.ModularPartDef>
	  
	  <ModularWeapons.ModularPartDef>
		<defName>guy762_chambermod_carbonite</defName>
		<label>carbonite chamber</label>
		<kind>guy762_slot_chamber</kind>
		<path>NoVisual</path>
		<massFactor>0.5</massFactor>
		<cooldownFactor>-0.5</cooldownFactor>
		<costList>
		  <guy762_chamberitem_carbonite>1</guy762_chamberitem_carbonite>
		</costList>
		<isRare>true</isRare>
	  </ModularWeapons.ModularPartDef>
	  
	  <ModularWeapons.ModularPartDef>
		<defName>guy762_chambermod_mando</defName>
		<label>Mandalorian chamber</label>
		<kind>guy762_slot_chamber</kind>
		<path>NoVisual</path>
		<massFactor>0.5</massFactor>
		<AccTouchFactor>0.1</AccTouchFactor>
		<AccShortFactor>0.1</AccShortFactor>
		<AccMediumFactor>0.1</AccMediumFactor>
		<AccLongFactor>0.1</AccLongFactor>
		<dmgMultiplierFactor>0.1</dmgMultiplierFactor>
		<MeleeDodgeChanceFactor>-0.25</MeleeDodgeChanceFactor>
		<costList>
		  <guy762_chamberitem_mando>1</guy762_chamberitem_mando>
		</costList>
		<isRare>true</isRare>
	  </ModularWeapons.ModularPartDef>
	
	
	<!--triggers-->
	
	
	  <ModularWeapons.ModularPartDef>
		<defName>guy762_triggermod_hair</defName>
		<label>hair trigger</label>
		<kind>guy762_slot_trigger</kind>
		<path>NoVisual</path>
		<massFactor>0.1</massFactor>
		<burstCountFactor>3</burstCountFactor>
		<ticksBetweenShotsFactor>-3</ticksBetweenShotsFactor>
		<costList>
		  <guy762_triggeritem_hair>1</guy762_triggeritem_hair>
		</costList>
		<isRare>true</isRare>
	  </ModularWeapons.ModularPartDef>
	  
	  <ModularWeapons.ModularPartDef>
		<defName>guy762_triggermod_rapid</defName>
		<label>rapid-fire trigger</label>
		<kind>guy762_slot_trigger</kind>
		<path>NoVisual</path>
		<description>Adds an additional attack verb which fires additional blaster bolts with reduced accuracy.</description>
		<massFactor>0.2</massFactor>
		<underbarrelVerb>
			<label>rapid shot</label>
			<description>Fire extra bolts with reduced accuracy.</description>
			<iconPath>UI/Rapid_Shot</iconPath>
			<commandIcon>UI/Rapid_Shot</commandIcon>
			<verbClass>Verb_Shoot</verbClass>
			<hasStandardCommand>true</hasStandardCommand>
			<defaultProjectile>KotORBlasterBolt_default</defaultProjectile>
			<warmupTime>3.75</warmupTime>
			<defaultCooldownTime>3</defaultCooldownTime>
			<range>23</range>
			<ticksBetweenBurstShots>10</ticksBetweenBurstShots>
			<burstShotCount>9</burstShotCount>
			<forcedMissRadius>1.75</forcedMissRadius>
			<soundCast>kotorsound_pistol</soundCast>
			<soundCastTail>GunTail_Medium</soundCastTail>
			<muzzleFlashScale>9</muzzleFlashScale>
			<ai_IsWeapon>true</ai_IsWeapon>
		</underbarrelVerb>
		<costList>
		  <guy762_triggeritem_rapid>1</guy762_triggeritem_rapid>
		</costList>
		<isRare>true</isRare>
	  </ModularWeapons.ModularPartDef>
	  
	  <ModularWeapons.ModularPartDef>
		<defName>guy762_triggermod_advrapid</defName>
		<label>adv. rapid-fire trigger</label>
		<kind>guy762_slot_trigger</kind>
		<path>NoVisual</path>
		<description>Adds an additional attack verb which fires additional blaster bolts with reduced accuracy.</description>
		<massFactor>0.2</massFactor>
		<underbarrelVerb>
			<label>adv. rapid shot</label>
			<description>Fire extra bolts with reduced accuracy.</description>
			<iconPath>UI/Improved_Rapid_Shot</iconPath>
			<commandIcon>UI/Improved_Rapid_Shot</commandIcon>
			<verbClass>Verb_Shoot</verbClass>
			<hasStandardCommand>true</hasStandardCommand>
			<defaultProjectile>KotORBlasterBolt_default</defaultProjectile>
			<warmupTime>4</warmupTime>
			<defaultCooldownTime>4</defaultCooldownTime>
			<range>23</range>
			<ticksBetweenBurstShots>8</ticksBetweenBurstShots>
			<burstShotCount>12</burstShotCount>
			<forcedMissRadius>2</forcedMissRadius>
			<soundCast>kotorsound_pistol</soundCast>
			<soundCastTail>GunTail_Medium</soundCastTail>
			<muzzleFlashScale>9</muzzleFlashScale>
			<ai_IsWeapon>true</ai_IsWeapon>
		</underbarrelVerb>
		<costList>
		  <guy762_triggeritem_advrapid>1</guy762_triggeritem_advrapid>
		</costList>
		<isRare>true</isRare>
		<researchPrerequisites>
		  <li>guy762_ResearchKotOR_advupgrade</li>
		</researchPrerequisites>
	  </ModularWeapons.ModularPartDef>
	  
	  <ModularWeapons.ModularPartDef>
		<defName>guy762_triggermod_mstrapid</defName>
		<label>master rapid-fire trigger</label>
		<kind>guy762_slot_trigger</kind>
		<path>NoVisual</path>
		<description>Adds an additional attack verb which fires additional blaster bolts with reduced accuracy.</description>
		<massFactor>0.2</massFactor>
		<underbarrelVerb>
			<label>master rapid shot</label>
			<description>Fire extra bolts with reduced accuracy.</description>
			<iconPath>UI/Master_Rapid_Shot</iconPath>
			<commandIcon>UI/Master_Rapid_Shot</commandIcon>
			<verbClass>Verb_Shoot</verbClass>
			<hasStandardCommand>true</hasStandardCommand>
			<defaultProjectile>KotORBlasterBolt_default</defaultProjectile>
			<warmupTime>4.25</warmupTime>
			<defaultCooldownTime>5</defaultCooldownTime>
			<range>23</range>
			<ticksBetweenBurstShots>6</ticksBetweenBurstShots>
			<burstShotCount>15</burstShotCount>
			<forcedMissRadius>2.25</forcedMissRadius>
			<soundCast>kotorsound_pistol</soundCast>
			<soundCastTail>GunTail_Medium</soundCastTail>
			<muzzleFlashScale>9</muzzleFlashScale>
			<ai_IsWeapon>true</ai_IsWeapon>
		</underbarrelVerb>
		<costList>
		  <guy762_triggeritem_mstrapid>1</guy762_triggeritem_mstrapid>
		</costList>
		<isRare>true</isRare>
		<researchPrerequisites>
		  <li>guy762_ResearchKotOR_advupgrade</li>
		</researchPrerequisites>
	  </ModularWeapons.ModularPartDef>
			
	
	<!--beam focusing-->
	
	
	  <ModularWeapons.ModularPartDef>
		<defName>guy762_beammod_splitter</defName>
		<label>beam splitter</label>
		<kind>guy762_slot_beam</kind>
		<path>NoVisual</path>
		<massFactor>0.2</massFactor>
		<burstCountFactor>3</burstCountFactor>
		<costList>
		  <guy762_beamitem_splitter>1</guy762_beamitem_splitter>
		</costList>
		<isRare>true</isRare>
	  </ModularWeapons.ModularPartDef>
	  
	  <ModularWeapons.ModularPartDef>
		<defName>guy762_beammod_focuser</defName>
		<label>beam focuser</label>
		<kind>guy762_slot_beam</kind>
		<path>NoVisual</path>
		<massFactor>0.2</massFactor>
		<AccTouchFactor>0.2</AccTouchFactor>
		<AccShortFactor>0.2</AccShortFactor>
		<AccMediumFactor>0.2</AccMediumFactor>
		<AccLongFactor>0.2</AccLongFactor>
		<rangeFactor>5</rangeFactor>
		<costList>
		  <guy762_beamitem_focuser>1</guy762_beamitem_focuser>
		</costList>
		<isRare>true</isRare>
	  </ModularWeapons.ModularPartDef>
	  
	  <ModularWeapons.ModularPartDef>
		<defName>guy762_beammod_sniper</defName>
		<label>sniper kit</label>
		<kind>guy762_slot_beam</kind>
		<path>NoVisual</path>
		<description>Adds an additional attack verb which fires a single shot with increased range, accuracy, and armor penetration.</description>
		<massFactor>0.2</massFactor>
		<underbarrelVerb>
			<label>sniper shot</label>
			<description>Fire a single bolt with increased range and armor penetration.</description>
			<iconPath>UI/Sniper_Shot</iconPath>
			<commandIcon>UI/Sniper_Shot</commandIcon>
			<verbClass>Verb_Shoot</verbClass>
			<hasStandardCommand>true</hasStandardCommand>
			<defaultProjectile>KotORBlasterBolt_sniper</defaultProjectile>
			<warmupTime>3.65</warmupTime>
			<range>36</range>
			<accuracyMedium>0.95</accuracyMedium>
			<accuracyLong>0.90</accuracyLong>
			<ticksBetweenBurstShots>20</ticksBetweenBurstShots>
			<burstShotCount>1</burstShotCount>
			<soundCast>kotorsound_sniper</soundCast>
			<soundCastTail>GunTail_Medium</soundCastTail>
			<muzzleFlashScale>9</muzzleFlashScale>
			<ai_IsWeapon>true</ai_IsWeapon>
			<bodypartTagTarget>ConsciousnessSource</bodypartTagTarget>
		</underbarrelVerb>
		<costList>
		  <guy762_beamitem_sniper>1</guy762_beamitem_sniper>
		</costList>
		<isRare>true</isRare>
	  </ModularWeapons.ModularPartDef>
	  
	  <ModularWeapons.ModularPartDef>
		<defName>guy762_beammod_advsniper</defName>
		<label>adv. sniper kit</label>
		<kind>guy762_slot_beam</kind>
		<path>NoVisual</path>
		<description>Adds an additional attack verb which fires a single shot with increased range, accuracy, and armor penetration.</description>
		<massFactor>0.2</massFactor>
		<underbarrelVerb>
			<label>adv. sniper shot</label>
			<description>Fire a single bolt with increased range and armor penetration.</description>
			<iconPath>UI/Improved_Sniper_Shot</iconPath>
			<commandIcon>UI/Improved_Sniper_Shot</commandIcon>
			<verbClass>Verb_Shoot</verbClass>
			<hasStandardCommand>true</hasStandardCommand>
			<defaultProjectile>KotORBlasterBolt_sniper</defaultProjectile>
			<warmupTime>3.5</warmupTime>
			<range>42</range>
			<accuracyMedium>1.00</accuracyMedium>
			<accuracyLong>0.95</accuracyLong>
			<ticksBetweenBurstShots>20</ticksBetweenBurstShots>
			<burstShotCount>1</burstShotCount>
			<soundCast>kotorsound_sniper</soundCast>
			<soundCastTail>GunTail_Medium</soundCastTail>
			<muzzleFlashScale>9</muzzleFlashScale>
			<ai_IsWeapon>true</ai_IsWeapon>
			<bodypartTagTarget>ConsciousnessSource</bodypartTagTarget>
		</underbarrelVerb>
		<costList>
		  <guy762_beamitem_advsniper>1</guy762_beamitem_advsniper>
		</costList>
		<isRare>true</isRare>
		<researchPrerequisites>
		  <li>guy762_ResearchKotOR_advupgrade</li>
		</researchPrerequisites>
	  </ModularWeapons.ModularPartDef>
	  
	  <ModularWeapons.ModularPartDef>
		<defName>guy762_beammod_mstsniper</defName>
		<label>master sniper kit</label>
		<kind>guy762_slot_beam</kind>
		<path>NoVisual</path>
		<description>Adds an additional attack verb which fires a single shot with increased range, accuracy, and armor penetration.</description>
		<massFactor>0.2</massFactor>
		<underbarrelVerb>
			<label>master sniper shot</label>
			<description>Fire a single bolt with increased range and armor penetration.</description>
			<iconPath>UI/Master_Sniper_Shot</iconPath>
			<commandIcon>UI/Master_Sniper_Shot</commandIcon>
			<verbClass>Verb_Shoot</verbClass>
			<hasStandardCommand>true</hasStandardCommand>
			<defaultProjectile>KotORBlasterBolt_sniper</defaultProjectile>
			<warmupTime>3.35</warmupTime>
			<range>48</range>
			<accuracyMedium>1.00</accuracyMedium>
			<accuracyLong>1.00</accuracyLong>
			<ticksBetweenBurstShots>20</ticksBetweenBurstShots>
			<burstShotCount>1</burstShotCount>
			<soundCast>kotorsound_sniper</soundCast>
			<soundCastTail>GunTail_Medium</soundCastTail>
			<muzzleFlashScale>9</muzzleFlashScale>
			<ai_IsWeapon>true</ai_IsWeapon>
			<bodypartTagTarget>ConsciousnessSource</bodypartTagTarget>
		</underbarrelVerb>
		<costList>
		  <guy762_beamitem_mstsniper>1</guy762_beamitem_mstsniper>
		</costList>
		<isRare>true</isRare>
		<researchPrerequisites>
		  <li>guy762_ResearchKotOR_advupgrade</li>
		</researchPrerequisites>
	  </ModularWeapons.ModularPartDef>
	
	
</Defs>