<?xml version="1.0" encoding="utf-8" ?>
<Defs>



	<!--NoVerb slots-->
	
	
	  <ModularWeapons.ModularPartDef>
		<defName>guy762_powermod_optimized_NV</defName>
		<label>optimized power cell</label>
		<kind>guy762_slot_power_NoVerb</kind>
		<path>NoVisual</path>
		<massFactor>0.3</massFactor>
		<cooldownFactor>-0.25</cooldownFactor>
		<costList>
		  <guy762_pcellitem_optimized>1</guy762_pcellitem_optimized>
		</costList>
		<isRare>true</isRare>
	  </ModularWeapons.ModularPartDef>
	  
	  <ModularWeapons.ModularPartDef>
		<defName>guy762_powermod_pulsator_NV</defName>
		<label>power pulsator</label>
		<kind>guy762_slot_power_NoVerb</kind>
		<path>NoVisual</path>
		<massFactor>0.3</massFactor>
		<dmgMultiplierFactor>0.2</dmgMultiplierFactor>
		<costList>
		  <guy762_pcellitem_pulsator>1</guy762_pcellitem_pulsator>
		</costList>
		<isRare>true</isRare>
	  </ModularWeapons.ModularPartDef>
	  
	  <ModularWeapons.ModularPartDef>
		<defName>guy762_powermod_rylith_NV</defName>
		<label>Rylith power cell</label>
		<kind>guy762_slot_power_NoVerb</kind>
		<path>NoVisual</path>
		<massFactor>0.4</massFactor>
		<dmgMultiplierFactor>0.4</dmgMultiplierFactor>
		<cooldownFactor>0.5</cooldownFactor>
		<costList>
		  <guy762_pcellitem_rylith>1</guy762_pcellitem_rylith>
		</costList>
		<isRare>true</isRare>
		<researchPrerequisites>
		  <li>guy762_ResearchKotOR_advupgrade</li>
		</researchPrerequisites>
	  </ModularWeapons.ModularPartDef>
	   
	  <ModularWeapons.ModularPartDef>
		<defName>guy762_beammod_splitter_NV</defName>
		<label>beam splitter</label>
		<kind>guy762_slot_beam_NoVerb</kind>
		<path>NoVisual</path>
		<massFactor>0.2</massFactor>
		<burstCountFactor>3</burstCountFactor>
		<costList>
		  <guy762_beamitem_splitter>1</guy762_beamitem_splitter>
		</costList>
		<isRare>true</isRare>
	  </ModularWeapons.ModularPartDef>
	  
	  <ModularWeapons.ModularPartDef>
		<defName>guy762_beammod_focuser_NV</defName>
		<label>beam focuser</label>
		<kind>guy762_slot_beam_NoVerb</kind>
		<path>NoVisual</path>
		<massFactor>0.2</massFactor>
		<AccTouchFactor>0.2</AccTouchFactor>
		<AccShortFactor>0.2</AccShortFactor>
		<AccMediumFactor>0.2</AccMediumFactor>
		<AccLongFactor>0.2</AccLongFactor>
		<rangeFactor>5</rangeFactor>
		<costList>
		  <guy762_beamitem_focuser>1</guy762_beamitem_focuser>
		</costList>
		<isRare>true</isRare>
	  </ModularWeapons.ModularPartDef>
	  
	  <ModularWeapons.ModularPartDef>
		<defName>guy762_triggermod_hair_NV</defName>
		<label>hair trigger</label>
		<kind>guy762_slot_trigger_NoVerb</kind>
		<path>NoVisual</path>
		<massFactor>0.1</massFactor>
		<burstCountFactor>3</burstCountFactor>
		<ticksBetweenShotsFactor>-3</ticksBetweenShotsFactor>
		<costList>
		  <guy762_triggeritem_hair>1</guy762_triggeritem_hair>
		</costList>
		<isRare>true</isRare>
	  </ModularWeapons.ModularPartDef>
	
	
	
	
	
	
	
	
	
	
	
	
	
	
	
	
	
	
	
	
	
	
	
	
	
	
	
	
	<!--disruptor powercells-->
	
	
	  <ModularWeapons.ModularPartDef>
		<defName>guy762_powermod_optimized_dis</defName>
		<label>optimized power cell</label>
		<kind>guy762_slot_power_dis</kind>
		<path>NoVisual</path>
		<massFactor>0.3</massFactor>
		<cooldownFactor>-0.25</cooldownFactor>
		<costList>
		  <guy762_pcellitem_optimized>1</guy762_pcellitem_optimized>
		</costList>
		<isRare>true</isRare>
	  </ModularWeapons.ModularPartDef>
	  
	  <ModularWeapons.ModularPartDef>
		<defName>guy762_powermod_pulsator_dis</defName>
		<label>power pulsator</label>
		<kind>guy762_slot_power_dis</kind>
		<path>NoVisual</path>
		<massFactor>0.3</massFactor>
		<dmgMultiplierFactor>0.2</dmgMultiplierFactor>
		<costList>
		  <guy762_pcellitem_pulsator>1</guy762_pcellitem_pulsator>
		</costList>
		<isRare>true</isRare>
	  </ModularWeapons.ModularPartDef>
	  
	  <ModularWeapons.ModularPartDef>
		<defName>guy762_powermod_rylith_dis</defName>
		<label>Rylith power cell</label>
		<kind>guy762_slot_power_dis</kind>
		<path>NoVisual</path>
		<massFactor>0.4</massFactor>
		<dmgMultiplierFactor>0.4</dmgMultiplierFactor>
		<cooldownFactor>0.5</cooldownFactor>
		<costList>
		  <guy762_pcellitem_rylith>1</guy762_pcellitem_rylith>
		</costList>
		<isRare>true</isRare>
		<researchPrerequisites>
		  <li>guy762_ResearchKotOR_advupgrade</li>
		</researchPrerequisites>
	  </ModularWeapons.ModularPartDef>
	  
	  <ModularWeapons.ModularPartDef>
		<defName>guy762_powermod_charge_dis</defName>
		<label>energy charger</label>
		<kind>guy762_slot_power_dis</kind>
		<path>NoVisual</path>
		<description>Adds an additional attack verb which fires a single shot with increased damage.</description>
		<massFactor>0.4</massFactor>
		<underbarrelVerb>
			<label>power blast</label>
			<description>Fire a single overcharged bolt.</description>
			<iconPath>UI/Power_Blast</iconPath>
			<commandIcon>UI/Power_Blast</commandIcon>
			<verbClass>Verb_Shoot</verbClass>
			<hasStandardCommand>true</hasStandardCommand>
			<defaultProjectile>KotORDisruptorBolt_heavy</defaultProjectile>
			<warmupTime>4.5</warmupTime>
			<defaultCooldownTime>3</defaultCooldownTime>
			<range>25</range>
			<ticksBetweenBurstShots>18</ticksBetweenBurstShots>
			<burstShotCount>1</burstShotCount>
			<soundAiming>kotorsound_powercharge</soundAiming>
			<soundCast>kotorsound_heavy2</soundCast>
			<soundCastTail>GunTail_Medium</soundCastTail>
			<muzzleFlashScale>9</muzzleFlashScale>
			<ai_IsWeapon>true</ai_IsWeapon>
		</underbarrelVerb>
		<costList>
		  <guy762_pcellitem_charge>1</guy762_pcellitem_charge>
		</costList>
		<isRare>true</isRare>
	  </ModularWeapons.ModularPartDef>
	  
	  <ModularWeapons.ModularPartDef>
		<defName>guy762_powermod_advcharge_dis</defName>
		<label>adv. energy charger</label>
		<kind>guy762_slot_power_dis</kind>
		<path>NoVisual</path>
		<description>Adds an additional attack verb which fires a single shot with increased damage.</description>
		<massFactor>0.4</massFactor>
		<underbarrelVerb>
			<label>adv. power blast</label>
			<description>Fire a single overcharged bolt.</description>
			<iconPath>UI/Improved_Power_Blast</iconPath>
			<commandIcon>UI/Improved_Power_Blast</commandIcon>
			<verbClass>Verb_Shoot</verbClass>
			<hasStandardCommand>true</hasStandardCommand>
			<defaultProjectile>KotORDisruptorBolt_advheavy</defaultProjectile>
			<warmupTime>5.5</warmupTime>
			<defaultCooldownTime>4</defaultCooldownTime>
			<range>25</range>
			<ticksBetweenBurstShots>18</ticksBetweenBurstShots>
			<burstShotCount>1</burstShotCount>
			<soundAiming>kotorsound_powercharge</soundAiming>
			<soundCast>kotorsound_heavy2</soundCast>
			<soundCastTail>GunTail_Medium</soundCastTail>
			<muzzleFlashScale>9</muzzleFlashScale>
			<ai_IsWeapon>true</ai_IsWeapon>
		</underbarrelVerb>
		<costList>
		  <guy762_pcellitem_advcharge>1</guy762_pcellitem_advcharge>
		</costList>
		<isRare>true</isRare>
		<researchPrerequisites>
		  <li>guy762_ResearchKotOR_advupgrade</li>
		</researchPrerequisites>
	  </ModularWeapons.ModularPartDef>
	  
	  <ModularWeapons.ModularPartDef>
		<defName>guy762_powermod_mstcharge_dis</defName>
		<label>master energy charger</label>
		<kind>guy762_slot_power_dis</kind>
		<path>NoVisual</path>
		<description>Adds an additional attack verb which fires a single shot with increased damage.</description>
		<massFactor>0.4</massFactor>
		<underbarrelVerb>
			<label>master power blast</label>
			<description>Fire a single overcharged bolt.</description>
			<iconPath>UI/Master_Power_Blast</iconPath>
			<commandIcon>UI/Master_Power_Blast</commandIcon>
			<verbClass>Verb_Shoot</verbClass>
			<hasStandardCommand>true</hasStandardCommand>
			<defaultProjectile>KotORDisruptorBolt_mstheavy</defaultProjectile>
			<warmupTime>6.5</warmupTime>
			<defaultCooldownTime>5</defaultCooldownTime>
			<range>25</range>
			<ticksBetweenBurstShots>18</ticksBetweenBurstShots>
			<burstShotCount>1</burstShotCount>
			<soundAiming>kotorsound_powercharge</soundAiming>
			<soundCast>kotorsound_heavy2</soundCast>
			<soundCastTail>GunTail_Medium</soundCastTail>
			<muzzleFlashScale>9</muzzleFlashScale>
			<ai_IsWeapon>true</ai_IsWeapon>
		</underbarrelVerb>
		<costList>
		  <guy762_pcellitem_mstcharge>1</guy762_pcellitem_mstcharge>
		</costList>
		<isRare>true</isRare>
		<researchPrerequisites>
		  <li>guy762_ResearchKotOR_advupgrade</li>
		</researchPrerequisites>
	  </ModularWeapons.ModularPartDef>
	  
	  
	<!--disruptor beam focusing-->
	
	
	  <ModularWeapons.ModularPartDef>
		<defName>guy762_beammod_splitter_dis</defName>
		<label>beam splitter</label>
		<kind>guy762_slot_beam_dis</kind>
		<path>NoVisual</path>
		<massFactor>0.2</massFactor>
		<burstCountFactor>3</burstCountFactor>
		<costList>
		  <guy762_beamitem_splitter>1</guy762_beamitem_splitter>
		</costList>
		<isRare>true</isRare>
	  </ModularWeapons.ModularPartDef>
	  
	  <ModularWeapons.ModularPartDef>
		<defName>guy762_beammod_focuser_dis</defName>
		<label>beam focuser</label>
		<kind>guy762_slot_beam_dis</kind>
		<path>NoVisual</path>
		<massFactor>0.2</massFactor>
		<AccTouchFactor>0.2</AccTouchFactor>
		<AccShortFactor>0.2</AccShortFactor>
		<AccMediumFactor>0.2</AccMediumFactor>
		<AccLongFactor>0.2</AccLongFactor>
		<rangeFactor>5</rangeFactor>
		<costList>
		  <guy762_beamitem_focuser>1</guy762_beamitem_focuser>
		</costList>
		<isRare>true</isRare>
	  </ModularWeapons.ModularPartDef>
	  
	  <ModularWeapons.ModularPartDef>
		<defName>guy762_beammod_sniper_dis</defName>
		<label>sniper kit</label>
		<kind>guy762_slot_beam_dis</kind>
		<path>NoVisual</path>
		<description>Adds an additional attack verb which fires a single shot with increased range, accuracy, and armor penetration.</description>
		<massFactor>0.2</massFactor>
		<underbarrelVerb>
			<label>sniper shot</label>
			<description>Fire a single bolt with increased range and armor penetration.</description>
			<iconPath>UI/Sniper_Shot</iconPath>
			<commandIcon>UI/Sniper_Shot</commandIcon>
			<verbClass>Verb_Shoot</verbClass>
			<hasStandardCommand>true</hasStandardCommand>
			<defaultProjectile>KotORDisruptorBolt_sniper</defaultProjectile>
			<warmupTime>3.65</warmupTime>
			<range>36</range>
			<accuracyMedium>0.95</accuracyMedium>
			<accuracyLong>0.90</accuracyLong>
			<ticksBetweenBurstShots>20</ticksBetweenBurstShots>
			<burstShotCount>1</burstShotCount>
			<soundCast>kotorsound_sniper</soundCast>
			<soundCastTail>GunTail_Medium</soundCastTail>
			<muzzleFlashScale>9</muzzleFlashScale>
			<ai_IsWeapon>true</ai_IsWeapon>
			<bodypartTagTarget>ConsciousnessSource</bodypartTagTarget>
		</underbarrelVerb>
		<costList>
		  <guy762_beamitem_sniper>1</guy762_beamitem_sniper>
		</costList>
		<isRare>true</isRare>
	  </ModularWeapons.ModularPartDef>
	  
	  <ModularWeapons.ModularPartDef>
		<defName>guy762_beammod_advsniper_dis</defName>
		<label>adv. sniper kit</label>
		<kind>guy762_slot_beam_dis</kind>
		<path>NoVisual</path>
		<description>Adds an additional attack verb which fires a single shot with increased range, accuracy, and armor penetration.</description>
		<massFactor>0.2</massFactor>
		<underbarrelVerb>
			<label>adv. sniper shot</label>
			<description>Fire a single bolt with increased range and armor penetration.</description>
			<iconPath>UI/Improved_Sniper_Shot</iconPath>
			<commandIcon>UI/Improved_Sniper_Shot</commandIcon>
			<verbClass>Verb_Shoot</verbClass>
			<hasStandardCommand>true</hasStandardCommand>
			<defaultProjectile>KotORDisruptorBolt_sniper</defaultProjectile>
			<warmupTime>3.5</warmupTime>
			<range>42</range>
			<accuracyMedium>1.00</accuracyMedium>
			<accuracyLong>0.95</accuracyLong>
			<ticksBetweenBurstShots>20</ticksBetweenBurstShots>
			<burstShotCount>1</burstShotCount>
			<soundCast>kotorsound_sniper</soundCast>
			<soundCastTail>GunTail_Medium</soundCastTail>
			<muzzleFlashScale>9</muzzleFlashScale>
			<ai_IsWeapon>true</ai_IsWeapon>
			<bodypartTagTarget>ConsciousnessSource</bodypartTagTarget>
		</underbarrelVerb>
		<costList>
		  <guy762_beamitem_advsniper>1</guy762_beamitem_advsniper>
		</costList>
		<isRare>true</isRare>
		<researchPrerequisites>
		  <li>guy762_ResearchKotOR_advupgrade</li>
		</researchPrerequisites>
	  </ModularWeapons.ModularPartDef>
	  
	  <ModularWeapons.ModularPartDef>
		<defName>guy762_beammod_mstsniper_dis</defName>
		<label>master sniper kit</label>
		<kind>guy762_slot_beam_dis</kind>
		<path>NoVisual</path>
		<description>Adds an additional attack verb which fires a single shot with increased range, accuracy, and armor penetration.</description>
		<massFactor>0.2</massFactor>
		<underbarrelVerb>
			<label>master sniper shot</label>
			<description>Fire a single bolt with increased range and armor penetration.</description>
			<iconPath>UI/Master_Sniper_Shot</iconPath>
			<commandIcon>UI/Master_Sniper_Shot</commandIcon>
			<verbClass>Verb_Shoot</verbClass>
			<hasStandardCommand>true</hasStandardCommand>
			<defaultProjectile>KotORDisruptorBolt_sniper</defaultProjectile>
			<warmupTime>3.35</warmupTime>
			<range>48</range>
			<accuracyMedium>1.00</accuracyMedium>
			<accuracyLong>1.00</accuracyLong>
			<ticksBetweenBurstShots>20</ticksBetweenBurstShots>
			<burstShotCount>1</burstShotCount>
			<soundCast>kotorsound_sniper</soundCast>
			<soundCastTail>GunTail_Medium</soundCastTail>
			<muzzleFlashScale>9</muzzleFlashScale>
			<ai_IsWeapon>true</ai_IsWeapon>
			<bodypartTagTarget>ConsciousnessSource</bodypartTagTarget>
		</underbarrelVerb>
		<costList>
		  <guy762_beamitem_mstsniper>1</guy762_beamitem_mstsniper>
		</costList>
		<isRare>true</isRare>
		<researchPrerequisites>
		  <li>guy762_ResearchKotOR_advupgrade</li>
		</researchPrerequisites>
	  </ModularWeapons.ModularPartDef>
	  
	  
	  <!--disruptor triggers-->
	
	
	  <ModularWeapons.ModularPartDef>
		<defName>guy762_triggermod_hair_dis</defName>
		<label>hair trigger</label>
		<kind>guy762_slot_trigger_dis</kind>
		<path>NoVisual</path>
		<massFactor>0.1</massFactor>
		<burstCountFactor>3</burstCountFactor>
		<ticksBetweenShotsFactor>-3</ticksBetweenShotsFactor>
		<costList>
		  <guy762_triggeritem_hair>1</guy762_triggeritem_hair>
		</costList>
		<isRare>true</isRare>
	  </ModularWeapons.ModularPartDef>
	  
	  <ModularWeapons.ModularPartDef>
		<defName>guy762_triggermod_rapid_dis</defName>
		<label>rapid-fire trigger</label>
		<kind>guy762_slot_trigger_dis</kind>
		<path>NoVisual</path>
		<description>Adds an additional attack verb which fires additional blaster bolts with reduced accuracy.</description>
		<massFactor>0.2</massFactor>
		<underbarrelVerb>
			<label>rapid shot</label>
			<description>Fire extra bolts with reduced accuracy.</description>
			<iconPath>UI/Rapid_Shot</iconPath>
			<commandIcon>UI/Rapid_Shot</commandIcon>
			<verbClass>Verb_Shoot</verbClass>
			<hasStandardCommand>true</hasStandardCommand>
			<defaultProjectile>KotORDisruptorBolt_default</defaultProjectile>
			<warmupTime>3.75</warmupTime>
			<defaultCooldownTime>3</defaultCooldownTime>
			<range>23</range>
			<ticksBetweenBurstShots>10</ticksBetweenBurstShots>
			<burstShotCount>9</burstShotCount>
			<forcedMissRadius>1.75</forcedMissRadius>
			<soundCast>kotorsound_heavy1</soundCast>
			<soundCastTail>GunTail_Medium</soundCastTail>
			<muzzleFlashScale>9</muzzleFlashScale>
			<ai_IsWeapon>true</ai_IsWeapon>
		</underbarrelVerb>
		<costList>
		  <guy762_triggeritem_rapid>1</guy762_triggeritem_rapid>
		</costList>
		<isRare>true</isRare>
	  </ModularWeapons.ModularPartDef>
	  
	  <ModularWeapons.ModularPartDef>
		<defName>guy762_triggermod_advrapid_dis</defName>
		<label>adv. rapid-fire trigger</label>
		<kind>guy762_slot_trigger_dis</kind>
		<path>NoVisual</path>
		<description>Adds an additional attack verb which fires additional blaster bolts with reduced accuracy.</description>
		<massFactor>0.2</massFactor>
		<underbarrelVerb>
			<label>adv. rapid shot</label>
			<description>Fire extra bolts with reduced accuracy.</description>
			<iconPath>UI/Improved_Rapid_Shot</iconPath>
			<commandIcon>UI/Improved_Rapid_Shot</commandIcon>
			<verbClass>Verb_Shoot</verbClass>
			<hasStandardCommand>true</hasStandardCommand>
			<defaultProjectile>KotORDisruptorBolt_default</defaultProjectile>
			<warmupTime>4</warmupTime>
			<defaultCooldownTime>4</defaultCooldownTime>
			<range>23</range>
			<ticksBetweenBurstShots>8</ticksBetweenBurstShots>
			<burstShotCount>12</burstShotCount>
			<forcedMissRadius>2</forcedMissRadius>
			<soundCast>kotorsound_pistol</soundCast>
			<soundCastTail>GunTail_Medium</soundCastTail>
			<muzzleFlashScale>9</muzzleFlashScale>
			<ai_IsWeapon>true</ai_IsWeapon>
		</underbarrelVerb>
		<costList>
		  <guy762_triggeritem_advrapid>1</guy762_triggeritem_advrapid>
		</costList>
		<isRare>true</isRare>
		<researchPrerequisites>
		  <li>guy762_ResearchKotOR_advupgrade</li>
		</researchPrerequisites>
	  </ModularWeapons.ModularPartDef>
	  
	  <ModularWeapons.ModularPartDef>
		<defName>guy762_triggermod_mstrapid_dis</defName>
		<label>master rapid-fire trigger</label>
		<kind>guy762_slot_trigger_dis</kind>
		<path>NoVisual</path>
		<description>Adds an additional attack verb which fires additional blaster bolts with reduced accuracy.</description>
		<massFactor>0.2</massFactor>
		<underbarrelVerb>
			<label>master rapid shot</label>
			<description>Fire extra bolts with reduced accuracy.</description>
			<iconPath>UI/Master_Rapid_Shot</iconPath>
			<commandIcon>UI/Master_Rapid_Shot</commandIcon>
			<verbClass>Verb_Shoot</verbClass>
			<hasStandardCommand>true</hasStandardCommand>
			<defaultProjectile>KotORDisruptorBolt_default</defaultProjectile>
			<warmupTime>4.25</warmupTime>
			<defaultCooldownTime>5</defaultCooldownTime>
			<range>23</range>
			<ticksBetweenBurstShots>6</ticksBetweenBurstShots>
			<burstShotCount>15</burstShotCount>
			<forcedMissRadius>2.25</forcedMissRadius>
			<soundCast>kotorsound_pistol</soundCast>
			<soundCastTail>GunTail_Medium</soundCastTail>
			<muzzleFlashScale>9</muzzleFlashScale>
			<ai_IsWeapon>true</ai_IsWeapon>
		</underbarrelVerb>
		<costList>
		  <guy762_triggeritem_mstrapid>1</guy762_triggeritem_mstrapid>
		</costList>
		<isRare>true</isRare>
		<researchPrerequisites>
		  <li>guy762_ResearchKotOR_advupgrade</li>
		</researchPrerequisites>
	  </ModularWeapons.ModularPartDef>

	
	
	
	
	
	
	
	
	
	
	
	
	
	
	
	
	
	
	
	
	
	
	<!--ion powercells-->
	
	
	  <ModularWeapons.ModularPartDef>
		<defName>guy762_powermod_optimized_ion</defName>
		<label>optimized power cell</label>
		<kind>guy762_slot_power_ion</kind>
		<path>NoVisual</path>
		<massFactor>0.3</massFactor>
		<cooldownFactor>-0.25</cooldownFactor>
		<costList>
		  <guy762_pcellitem_optimized>1</guy762_pcellitem_optimized>
		</costList>
		<isRare>true</isRare>
	  </ModularWeapons.ModularPartDef>
	  
	  <ModularWeapons.ModularPartDef>
		<defName>guy762_powermod_pulsator_ion</defName>
		<label>power pulsator</label>
		<kind>guy762_slot_power_ion</kind>
		<path>NoVisual</path>
		<massFactor>0.3</massFactor>
		<dmgMultiplierFactor>0.2</dmgMultiplierFactor>
		<costList>
		  <guy762_pcellitem_pulsator>1</guy762_pcellitem_pulsator>
		</costList>
		<isRare>true</isRare>
	  </ModularWeapons.ModularPartDef>
	  
	  <ModularWeapons.ModularPartDef>
		<defName>guy762_powermod_rylith_ion</defName>
		<label>Rylith power cell</label>
		<kind>guy762_slot_power_ion</kind>
		<path>NoVisual</path>
		<massFactor>0.4</massFactor>
		<dmgMultiplierFactor>0.4</dmgMultiplierFactor>
		<cooldownFactor>0.5</cooldownFactor>
		<costList>
		  <guy762_pcellitem_rylith>1</guy762_pcellitem_rylith>
		</costList>
		<isRare>true</isRare>
		<researchPrerequisites>
		  <li>guy762_ResearchKotOR_advupgrade</li>
		</researchPrerequisites>
	  </ModularWeapons.ModularPartDef>
	  
	  <ModularWeapons.ModularPartDef>
		<defName>guy762_powermod_charge_ion</defName>
		<label>energy charger</label>
		<kind>guy762_slot_power_ion</kind>
		<path>NoVisual</path>
		<description>Adds an additional attack verb which fires a single shot with increased damage.</description>
		<massFactor>0.4</massFactor>
		<underbarrelVerb>
			<label>power blast</label>
			<description>Fire a single overcharged bolt.</description>
			<iconPath>UI/Power_Blast</iconPath>
			<commandIcon>UI/Power_Blast</commandIcon>
			<verbClass>Verb_Shoot</verbClass>
			<hasStandardCommand>true</hasStandardCommand>
			<defaultProjectile>KotORIonBolt_heavy</defaultProjectile>
			<warmupTime>4.5</warmupTime>
			<defaultCooldownTime>3</defaultCooldownTime>
			<range>25</range>
			<ticksBetweenBurstShots>18</ticksBetweenBurstShots>
			<burstShotCount>1</burstShotCount>
			<soundAiming>kotorsound_powercharge</soundAiming>
			<soundCast>kotorsound_heavy2</soundCast>
			<soundCastTail>GunTail_Medium</soundCastTail>
			<muzzleFlashScale>9</muzzleFlashScale>
			<ai_IsWeapon>true</ai_IsWeapon>
		</underbarrelVerb>
		<costList>
		  <guy762_pcellitem_charge>1</guy762_pcellitem_charge>
		</costList>
		<isRare>true</isRare>
	  </ModularWeapons.ModularPartDef>
	  
	  <ModularWeapons.ModularPartDef>
		<defName>guy762_powermod_advcharge_ion</defName>
		<label>adv. energy charger</label>
		<kind>guy762_slot_power_ion</kind>
		<path>NoVisual</path>
		<description>Adds an additional attack verb which fires a single shot with increased damage.</description>
		<massFactor>0.4</massFactor>
		<underbarrelVerb>
			<label>adv. power blast</label>
			<description>Fire a single overcharged bolt.</description>
			<iconPath>UI/Improved_Power_Blast</iconPath>
			<commandIcon>UI/Improved_Power_Blast</commandIcon>
			<verbClass>Verb_Shoot</verbClass>
			<hasStandardCommand>true</hasStandardCommand>
			<defaultProjectile>KotORIonBolt_advheavy</defaultProjectile>
			<warmupTime>5.5</warmupTime>
			<defaultCooldownTime>4</defaultCooldownTime>
			<range>25</range>
			<ticksBetweenBurstShots>18</ticksBetweenBurstShots>
			<burstShotCount>1</burstShotCount>
			<soundAiming>kotorsound_powercharge</soundAiming>
			<soundCast>kotorsound_heavy2</soundCast>
			<soundCastTail>GunTail_Medium</soundCastTail>
			<muzzleFlashScale>9</muzzleFlashScale>
			<ai_IsWeapon>true</ai_IsWeapon>
		</underbarrelVerb>
		<costList>
		  <guy762_pcellitem_advcharge>1</guy762_pcellitem_advcharge>
		</costList>
		<isRare>true</isRare>
		<researchPrerequisites>
		  <li>guy762_ResearchKotOR_advupgrade</li>
		</researchPrerequisites>
	  </ModularWeapons.ModularPartDef>
	  
	  <ModularWeapons.ModularPartDef>
		<defName>guy762_powermod_mstcharge_ion</defName>
		<label>master energy charger</label>
		<kind>guy762_slot_power_ion</kind>
		<path>NoVisual</path>
		<description>Adds an additional attack verb which fires a single shot with increased damage.</description>
		<massFactor>0.4</massFactor>
		<underbarrelVerb>
			<label>master power blast</label>
			<description>Fire a single overcharged bolt.</description>
			<iconPath>UI/Master_Power_Blast</iconPath>
			<commandIcon>UI/Master_Power_Blast</commandIcon>
			<verbClass>Verb_Shoot</verbClass>
			<hasStandardCommand>true</hasStandardCommand>
			<defaultProjectile>KotORIonBolt_mstheavy</defaultProjectile>
			<warmupTime>6.5</warmupTime>
			<defaultCooldownTime>5</defaultCooldownTime>
			<range>25</range>
			<ticksBetweenBurstShots>18</ticksBetweenBurstShots>
			<burstShotCount>1</burstShotCount>
			<soundAiming>kotorsound_powercharge</soundAiming>
			<soundCast>kotorsound_heavy2</soundCast>
			<soundCastTail>GunTail_Medium</soundCastTail>
			<muzzleFlashScale>9</muzzleFlashScale>
			<ai_IsWeapon>true</ai_IsWeapon>
		</underbarrelVerb>
		<costList>
		  <guy762_pcellitem_mstcharge>1</guy762_pcellitem_mstcharge>
		</costList>
		<isRare>true</isRare>
		<researchPrerequisites>
		  <li>guy762_ResearchKotOR_advupgrade</li>
		</researchPrerequisites>
	  </ModularWeapons.ModularPartDef>
	  
	  
	<!--ion beam focusing-->
	
	
	  <ModularWeapons.ModularPartDef>
		<defName>guy762_beammod_splitter_ion</defName>
		<label>beam splitter</label>
		<kind>guy762_slot_beam_ion</kind>
		<path>NoVisual</path>
		<massFactor>0.2</massFactor>
		<burstCountFactor>3</burstCountFactor>
		<costList>
		  <guy762_beamitem_splitter>1</guy762_beamitem_splitter>
		</costList>
		<isRare>true</isRare>
	  </ModularWeapons.ModularPartDef>
	  
	  <ModularWeapons.ModularPartDef>
		<defName>guy762_beammod_focuser_ion</defName>
		<label>beam focuser</label>
		<kind>guy762_slot_beam_ion</kind>
		<path>NoVisual</path>
		<massFactor>0.2</massFactor>
		<AccTouchFactor>0.2</AccTouchFactor>
		<AccShortFactor>0.2</AccShortFactor>
		<AccMediumFactor>0.2</AccMediumFactor>
		<AccLongFactor>0.2</AccLongFactor>
		<rangeFactor>5</rangeFactor>
		<costList>
		  <guy762_beamitem_focuser>1</guy762_beamitem_focuser>
		</costList>
		<isRare>true</isRare>
	  </ModularWeapons.ModularPartDef>
	  
	  <ModularWeapons.ModularPartDef>
		<defName>guy762_beammod_sniper_ion</defName>
		<label>sniper kit</label>
		<kind>guy762_slot_beam_ion</kind>
		<path>NoVisual</path>
		<description>Adds an additional attack verb which fires a single shot with increased range, accuracy, and armor penetration.</description>
		<massFactor>0.2</massFactor>
		<underbarrelVerb>
			<label>sniper shot</label>
			<description>Fire a single bolt with increased range and armor penetration.</description>
			<iconPath>UI/Sniper_Shot</iconPath>
			<commandIcon>UI/Sniper_Shot</commandIcon>
			<verbClass>Verb_Shoot</verbClass>
			<hasStandardCommand>true</hasStandardCommand>
			<defaultProjectile>KotORIonBolt_sniper</defaultProjectile>
			<warmupTime>3.65</warmupTime>
			<range>36</range>
			<accuracyMedium>0.95</accuracyMedium>
			<accuracyLong>0.90</accuracyLong>
			<ticksBetweenBurstShots>20</ticksBetweenBurstShots>
			<burstShotCount>1</burstShotCount>
			<soundCast>kotorsound_sniper</soundCast>
			<soundCastTail>GunTail_Medium</soundCastTail>
			<muzzleFlashScale>9</muzzleFlashScale>
			<ai_IsWeapon>true</ai_IsWeapon>
			<bodypartTagTarget>ConsciousnessSource</bodypartTagTarget>
		</underbarrelVerb>
		<costList>
		  <guy762_beamitem_sniper>1</guy762_beamitem_sniper>
		</costList>
		<isRare>true</isRare>
	  </ModularWeapons.ModularPartDef>
	  
	  <ModularWeapons.ModularPartDef>
		<defName>guy762_beammod_advsniper_ion</defName>
		<label>adv. sniper kit</label>
		<kind>guy762_slot_beam_ion</kind>
		<path>NoVisual</path>
		<description>Adds an additional attack verb which fires a single shot with increased range, accuracy, and armor penetration.</description>
		<massFactor>0.2</massFactor>
		<underbarrelVerb>
			<label>adv. sniper shot</label>
			<description>Fire a single bolt with increased range and armor penetration.</description>
			<iconPath>UI/Improved_Sniper_Shot</iconPath>
			<commandIcon>UI/Improved_Sniper_Shot</commandIcon>
			<verbClass>Verb_Shoot</verbClass>
			<hasStandardCommand>true</hasStandardCommand>
			<defaultProjectile>KotORIonBolt_sniper</defaultProjectile>
			<warmupTime>3.5</warmupTime>
			<range>42</range>
			<accuracyMedium>1.00</accuracyMedium>
			<accuracyLong>0.95</accuracyLong>
			<ticksBetweenBurstShots>20</ticksBetweenBurstShots>
			<burstShotCount>1</burstShotCount>
			<soundCast>kotorsound_sniper</soundCast>
			<soundCastTail>GunTail_Medium</soundCastTail>
			<muzzleFlashScale>9</muzzleFlashScale>
			<ai_IsWeapon>true</ai_IsWeapon>
			<bodypartTagTarget>ConsciousnessSource</bodypartTagTarget>
		</underbarrelVerb>
		<costList>
		  <guy762_beamitem_advsniper>1</guy762_beamitem_advsniper>
		</costList>
		<isRare>true</isRare>
		<researchPrerequisites>
		  <li>guy762_ResearchKotOR_advupgrade</li>
		</researchPrerequisites>
	  </ModularWeapons.ModularPartDef>
	  
	  <ModularWeapons.ModularPartDef>
		<defName>guy762_beammod_mstsniper_ion</defName>
		<label>master sniper kit</label>
		<kind>guy762_slot_beam_ion</kind>
		<path>NoVisual</path>
		<description>Adds an additional attack verb which fires a single shot with increased range, accuracy, and armor penetration.</description>
		<massFactor>0.2</massFactor>
		<underbarrelVerb>
			<label>master sniper shot</label>
			<description>Fire a single bolt with increased range and armor penetration.</description>
			<iconPath>UI/Master_Sniper_Shot</iconPath>
			<commandIcon>UI/Master_Sniper_Shot</commandIcon>
			<verbClass>Verb_Shoot</verbClass>
			<hasStandardCommand>true</hasStandardCommand>
			<defaultProjectile>KotORIonBolt_sniper</defaultProjectile>
			<warmupTime>3.35</warmupTime>
			<range>48</range>
			<accuracyMedium>1.00</accuracyMedium>
			<accuracyLong>1.00</accuracyLong>
			<ticksBetweenBurstShots>20</ticksBetweenBurstShots>
			<burstShotCount>1</burstShotCount>
			<soundCast>kotorsound_sniper</soundCast>
			<soundCastTail>GunTail_Medium</soundCastTail>
			<muzzleFlashScale>9</muzzleFlashScale>
			<ai_IsWeapon>true</ai_IsWeapon>
			<bodypartTagTarget>ConsciousnessSource</bodypartTagTarget>
		</underbarrelVerb>
		<costList>
		  <guy762_beamitem_mstsniper>1</guy762_beamitem_mstsniper>
		</costList>
		<isRare>true</isRare>
		<researchPrerequisites>
		  <li>guy762_ResearchKotOR_advupgrade</li>
		</researchPrerequisites>
	  </ModularWeapons.ModularPartDef>
	  
	  
	  <!--ion triggers-->
	
	
	  <ModularWeapons.ModularPartDef>
		<defName>guy762_triggermod_hair_ion</defName>
		<label>hair trigger</label>
		<kind>guy762_slot_trigger_ion</kind>
		<path>NoVisual</path>
		<massFactor>0.1</massFactor>
		<burstCountFactor>3</burstCountFactor>
		<ticksBetweenShotsFactor>-3</ticksBetweenShotsFactor>
		<costList>
		  <guy762_triggeritem_hair>1</guy762_triggeritem_hair>
		</costList>
		<isRare>true</isRare>
	  </ModularWeapons.ModularPartDef>
	  
	  <ModularWeapons.ModularPartDef>
		<defName>guy762_triggermod_rapid_ion</defName>
		<label>rapid-fire trigger</label>
		<kind>guy762_slot_trigger_ion</kind>
		<path>NoVisual</path>
		<description>Adds an additional attack verb which fires additional blaster bolts with reduced accuracy.</description>
		<massFactor>0.2</massFactor>
		<underbarrelVerb>
			<label>rapid shot</label>
			<description>Fire extra bolts with reduced accuracy.</description>
			<iconPath>UI/Rapid_Shot</iconPath>
			<commandIcon>UI/Rapid_Shot</commandIcon>
			<verbClass>Verb_Shoot</verbClass>
			<hasStandardCommand>true</hasStandardCommand>
			<defaultProjectile>KotORIonBolt_default</defaultProjectile>
			<warmupTime>3.75</warmupTime>
			<defaultCooldownTime>3</defaultCooldownTime>
			<range>23</range>
			<ticksBetweenBurstShots>10</ticksBetweenBurstShots>
			<burstShotCount>9</burstShotCount>
			<forcedMissRadius>1.75</forcedMissRadius>
			<soundCast>kotorsound_pistol</soundCast>
			<soundCastTail>GunTail_Medium</soundCastTail>
			<muzzleFlashScale>9</muzzleFlashScale>
			<ai_IsWeapon>true</ai_IsWeapon>
		</underbarrelVerb>
		<costList>
		  <guy762_triggeritem_rapid>1</guy762_triggeritem_rapid>
		</costList>
		<isRare>true</isRare>
	  </ModularWeapons.ModularPartDef>
	  
	  <ModularWeapons.ModularPartDef>
		<defName>guy762_triggermod_advrapid_ion</defName>
		<label>adv. rapid-fire trigger</label>
		<kind>guy762_slot_trigger_ion</kind>
		<path>NoVisual</path>
		<description>Adds an additional attack verb which fires additional blaster bolts with reduced accuracy.</description>
		<massFactor>0.2</massFactor>
		<underbarrelVerb>
			<label>adv. rapid shot</label>
			<description>Fire extra bolts with reduced accuracy.</description>
			<iconPath>UI/Improved_Rapid_Shot</iconPath>
			<commandIcon>UI/Improved_Rapid_Shot</commandIcon>
			<verbClass>Verb_Shoot</verbClass>
			<hasStandardCommand>true</hasStandardCommand>
			<defaultProjectile>KotORIonBolt_default</defaultProjectile>
			<warmupTime>4</warmupTime>
			<defaultCooldownTime>4</defaultCooldownTime>
			<range>23</range>
			<ticksBetweenBurstShots>8</ticksBetweenBurstShots>
			<burstShotCount>12</burstShotCount>
			<forcedMissRadius>2</forcedMissRadius>
			<soundCast>kotorsound_pistol</soundCast>
			<soundCastTail>GunTail_Medium</soundCastTail>
			<muzzleFlashScale>9</muzzleFlashScale>
			<ai_IsWeapon>true</ai_IsWeapon>
		</underbarrelVerb>
		<costList>
		  <guy762_triggeritem_advrapid>1</guy762_triggeritem_advrapid>
		</costList>
		<isRare>true</isRare>
		<researchPrerequisites>
		  <li>guy762_ResearchKotOR_advupgrade</li>
		</researchPrerequisites>
	  </ModularWeapons.ModularPartDef>
	  
	  <ModularWeapons.ModularPartDef>
		<defName>guy762_triggermod_mstrapid_ion</defName>
		<label>master rapid-fire trigger</label>
		<kind>guy762_slot_trigger_ion</kind>
		<path>NoVisual</path>
		<description>Adds an additional attack verb which fires additional blaster bolts with reduced accuracy.</description>
		<massFactor>0.2</massFactor>
		<underbarrelVerb>
			<label>master rapid shot</label>
			<description>Fire extra bolts with reduced accuracy.</description>
			<iconPath>UI/Master_Rapid_Shot</iconPath>
			<commandIcon>UI/Master_Rapid_Shot</commandIcon>
			<verbClass>Verb_Shoot</verbClass>
			<hasStandardCommand>true</hasStandardCommand>
			<defaultProjectile>KotORIonBolt_default</defaultProjectile>
			<warmupTime>4.25</warmupTime>
			<defaultCooldownTime>5</defaultCooldownTime>
			<range>23</range>
			<ticksBetweenBurstShots>6</ticksBetweenBurstShots>
			<burstShotCount>15</burstShotCount>
			<forcedMissRadius>2.25</forcedMissRadius>
			<soundCast>kotorsound_pistol</soundCast>
			<soundCastTail>GunTail_Medium</soundCastTail>
			<muzzleFlashScale>9</muzzleFlashScale>
			<ai_IsWeapon>true</ai_IsWeapon>
		</underbarrelVerb>
		<costList>
		  <guy762_triggeritem_mstrapid>1</guy762_triggeritem_mstrapid>
		</costList>
		<isRare>true</isRare>
		<researchPrerequisites>
		  <li>guy762_ResearchKotOR_advupgrade</li>
		</researchPrerequisites>
	  </ModularWeapons.ModularPartDef>

	
	
	
	
	
	
	
	
	
	
	
	
	
	
	
	
	
	
	
	
	
	
	
	<!--stun powercells-->
	
	
	  <ModularWeapons.ModularPartDef>
		<defName>guy762_powermod_optimized_stun</defName>
		<label>optimized power cell</label>
		<kind>guy762_slot_power_stun</kind>
		<path>NoVisual</path>
		<massFactor>0.3</massFactor>
		<cooldownFactor>-0.25</cooldownFactor>
		<costList>
		  <guy762_pcellitem_optimized>1</guy762_pcellitem_optimized>
		</costList>
		<isRare>true</isRare>
	  </ModularWeapons.ModularPartDef>
	  
	  <ModularWeapons.ModularPartDef>
		<defName>guy762_powermod_pulsator_stun</defName>
		<label>power pulsator</label>
		<kind>guy762_slot_power_stun</kind>
		<path>NoVisual</path>
		<massFactor>0.3</massFactor>
		<dmgMultiplierFactor>0.2</dmgMultiplierFactor>
		<costList>
		  <guy762_pcellitem_pulsator>1</guy762_pcellitem_pulsator>
		</costList>
		<isRare>true</isRare>
	  </ModularWeapons.ModularPartDef>
	  
	  <ModularWeapons.ModularPartDef>
		<defName>guy762_powermod_rylith_stun</defName>
		<label>Rylith power cell</label>
		<kind>guy762_slot_power_stun</kind>
		<path>NoVisual</path>
		<massFactor>0.4</massFactor>
		<dmgMultiplierFactor>0.4</dmgMultiplierFactor>
		<cooldownFactor>0.5</cooldownFactor>
		<costList>
		  <guy762_pcellitem_rylith>1</guy762_pcellitem_rylith>
		</costList>
		<isRare>true</isRare>
		<researchPrerequisites>
		  <li>guy762_ResearchKotOR_advupgrade</li>
		</researchPrerequisites>
	  </ModularWeapons.ModularPartDef>
	  
	  <ModularWeapons.ModularPartDef>
		<defName>guy762_powermod_charge_stun</defName>
		<label>energy charger</label>
		<kind>guy762_slot_power_stun</kind>
		<path>NoVisual</path>
		<description>Adds an additional attack verb which fires a single shot with increased damage.</description>
		<massFactor>0.4</massFactor>
		<underbarrelVerb>
			<label>power blast</label>
			<description>Fire a single overcharged bolt.</description>
			<iconPath>UI/Power_Blast</iconPath>
			<commandIcon>UI/Power_Blast</commandIcon>
			<verbClass>Verb_Shoot</verbClass>
			<hasStandardCommand>true</hasStandardCommand>
			<defaultProjectile>KotORStunBolt_heavy</defaultProjectile>
			<warmupTime>4.5</warmupTime>
			<defaultCooldownTime>3</defaultCooldownTime>
			<range>25</range>
			<ticksBetweenBurstShots>18</ticksBetweenBurstShots>
			<burstShotCount>1</burstShotCount>
			<soundAiming>kotorsound_powercharge</soundAiming>
			<soundCast>kotorsound_heavy2</soundCast>
			<soundCastTail>GunTail_Medium</soundCastTail>
			<muzzleFlashScale>9</muzzleFlashScale>
			<ai_IsWeapon>true</ai_IsWeapon>
		</underbarrelVerb>
		<costList>
		  <guy762_pcellitem_charge>1</guy762_pcellitem_charge>
		</costList>
		<isRare>true</isRare>
	  </ModularWeapons.ModularPartDef>
	  
	  <ModularWeapons.ModularPartDef>
		<defName>guy762_powermod_advcharge_stun</defName>
		<label>adv. energy charger</label>
		<kind>guy762_slot_power_stun</kind>
		<path>NoVisual</path>
		<description>Adds an additional attack verb which fires a single shot with increased damage.</description>
		<massFactor>0.4</massFactor>
		<underbarrelVerb>
			<label>adv. power blast</label>
			<description>Fire a single overcharged bolt.</description>
			<iconPath>UI/Improved_Power_Blast</iconPath>
			<commandIcon>UI/Improved_Power_Blast</commandIcon>
			<verbClass>Verb_Shoot</verbClass>
			<hasStandardCommand>true</hasStandardCommand>
			<defaultProjectile>KotORStunBolt_advheavy</defaultProjectile>
			<warmupTime>5.5</warmupTime>
			<defaultCooldownTime>4</defaultCooldownTime>
			<range>25</range>
			<ticksBetweenBurstShots>18</ticksBetweenBurstShots>
			<burstShotCount>1</burstShotCount>
			<soundAiming>kotorsound_powercharge</soundAiming>
			<soundCast>kotorsound_heavy2</soundCast>
			<soundCastTail>GunTail_Medium</soundCastTail>
			<muzzleFlashScale>9</muzzleFlashScale>
			<ai_IsWeapon>true</ai_IsWeapon>
		</underbarrelVerb>
		<costList>
		  <guy762_pcellitem_advcharge>1</guy762_pcellitem_advcharge>
		</costList>
		<isRare>true</isRare>
		<researchPrerequisites>
		  <li>guy762_ResearchKotOR_advupgrade</li>
		</researchPrerequisites>
	  </ModularWeapons.ModularPartDef>
	  
	  <ModularWeapons.ModularPartDef>
		<defName>guy762_powermod_mstcharge_stun</defName>
		<label>master energy charger</label>
		<kind>guy762_slot_power_stun</kind>
		<path>NoVisual</path>
		<description>Adds an additional attack verb which fires a single shot with increased damage.</description>
		<massFactor>0.4</massFactor>
		<underbarrelVerb>
			<label>master power blast</label>
			<description>Fire a single overcharged bolt.</description>
			<iconPath>UI/Master_Power_Blast</iconPath>
			<commandIcon>UI/Master_Power_Blast</commandIcon>
			<verbClass>Verb_Shoot</verbClass>
			<hasStandardCommand>true</hasStandardCommand>
			<defaultProjectile>KotORStunBolt_mstheavy</defaultProjectile>
			<warmupTime>6.5</warmupTime>
			<defaultCooldownTime>5</defaultCooldownTime>
			<range>25</range>
			<ticksBetweenBurstShots>18</ticksBetweenBurstShots>
			<burstShotCount>1</burstShotCount>
			<soundAiming>kotorsound_powercharge</soundAiming>
			<soundCast>kotorsound_heavy2</soundCast>
			<soundCastTail>GunTail_Medium</soundCastTail>
			<muzzleFlashScale>9</muzzleFlashScale>
			<ai_IsWeapon>true</ai_IsWeapon>
		</underbarrelVerb>
		<costList>
		  <guy762_pcellitem_mstcharge>1</guy762_pcellitem_mstcharge>
		</costList>
		<isRare>true</isRare>
		<researchPrerequisites>
		  <li>guy762_ResearchKotOR_advupgrade</li>
		</researchPrerequisites>
	  </ModularWeapons.ModularPartDef>
	  
	  
	<!--stun beam focusing-->
	
	
	  <ModularWeapons.ModularPartDef>
		<defName>guy762_beammod_splitter_stun</defName>
		<label>beam splitter</label>
		<kind>guy762_slot_beam_stun</kind>
		<path>NoVisual</path>
		<massFactor>0.2</massFactor>
		<burstCountFactor>3</burstCountFactor>
		<costList>
		  <guy762_beamitem_splitter>1</guy762_beamitem_splitter>
		</costList>
		<isRare>true</isRare>
	  </ModularWeapons.ModularPartDef>
	  
	  <ModularWeapons.ModularPartDef>
		<defName>guy762_beammod_focuser_stun</defName>
		<label>beam focuser</label>
		<kind>guy762_slot_beam_stun</kind>
		<path>NoVisual</path>
		<massFactor>0.2</massFactor>
		<AccTouchFactor>0.2</AccTouchFactor>
		<AccShortFactor>0.2</AccShortFactor>
		<AccMediumFactor>0.2</AccMediumFactor>
		<AccLongFactor>0.2</AccLongFactor>
		<rangeFactor>5</rangeFactor>
		<costList>
		  <guy762_beamitem_focuser>1</guy762_beamitem_focuser>
		</costList>
		<isRare>true</isRare>
	  </ModularWeapons.ModularPartDef>
	  
	  <ModularWeapons.ModularPartDef>
		<defName>guy762_beammod_sniper_stun</defName>
		<label>sniper kit</label>
		<kind>guy762_slot_beam_stun</kind>
		<path>NoVisual</path>
		<description>Adds an additional attack verb which fires a single shot with increased range, accuracy, and armor penetration.</description>
		<massFactor>0.2</massFactor>
		<underbarrelVerb>
			<label>sniper shot</label>
			<description>Fire a single bolt with increased range and armor penetration.</description>
			<iconPath>UI/Sniper_Shot</iconPath>
			<commandIcon>UI/Sniper_Shot</commandIcon>
			<verbClass>Verb_Shoot</verbClass>
			<hasStandardCommand>true</hasStandardCommand>
			<defaultProjectile>KotORStunBolt_sniper</defaultProjectile>
			<warmupTime>3.65</warmupTime>
			<range>36</range>
			<accuracyMedium>0.95</accuracyMedium>
			<accuracyLong>0.90</accuracyLong>
			<ticksBetweenBurstShots>20</ticksBetweenBurstShots>
			<burstShotCount>1</burstShotCount>
			<soundCast>kotorsound_sniper</soundCast>
			<soundCastTail>GunTail_Medium</soundCastTail>
			<muzzleFlashScale>9</muzzleFlashScale>
			<ai_IsWeapon>true</ai_IsWeapon>
			<bodypartTagTarget>ConsciousnessSource</bodypartTagTarget>
		</underbarrelVerb>
		<costList>
		  <guy762_beamitem_sniper>1</guy762_beamitem_sniper>
		</costList>
		<isRare>true</isRare>
	  </ModularWeapons.ModularPartDef>
	  
	  <ModularWeapons.ModularPartDef>
		<defName>guy762_beammod_advsniper_stun</defName>
		<label>adv. sniper kit</label>
		<kind>guy762_slot_beam_stun</kind>
		<path>NoVisual</path>
		<description>Adds an additional attack verb which fires a single shot with increased range, accuracy, and armor penetration.</description>
		<massFactor>0.2</massFactor>
		<underbarrelVerb>
			<label>adv. sniper shot</label>
			<description>Fire a single bolt with increased range and armor penetration.</description>
			<iconPath>UI/Improved_Sniper_Shot</iconPath>
			<commandIcon>UI/Improved_Sniper_Shot</commandIcon>
			<verbClass>Verb_Shoot</verbClass>
			<hasStandardCommand>true</hasStandardCommand>
			<defaultProjectile>KotORStunBolt_sniper</defaultProjectile>
			<warmupTime>3.5</warmupTime>
			<range>42</range>
			<accuracyMedium>1.00</accuracyMedium>
			<accuracyLong>0.95</accuracyLong>
			<ticksBetweenBurstShots>20</ticksBetweenBurstShots>
			<burstShotCount>1</burstShotCount>
			<soundCast>kotorsound_sniper</soundCast>
			<soundCastTail>GunTail_Medium</soundCastTail>
			<muzzleFlashScale>9</muzzleFlashScale>
			<ai_IsWeapon>true</ai_IsWeapon>
			<bodypartTagTarget>ConsciousnessSource</bodypartTagTarget>
		</underbarrelVerb>
		<costList>
		  <guy762_beamitem_advsniper>1</guy762_beamitem_advsniper>
		</costList>
		<isRare>true</isRare>
		<researchPrerequisites>
		  <li>guy762_ResearchKotOR_advupgrade</li>
		</researchPrerequisites>
	  </ModularWeapons.ModularPartDef>
	  
	  <ModularWeapons.ModularPartDef>
		<defName>guy762_beammod_mstsniper_stun</defName>
		<label>master sniper kit</label>
		<kind>guy762_slot_beam_stun</kind>
		<path>NoVisual</path>
		<description>Adds an additional attack verb which fires a single shot with increased range, accuracy, and armor penetration.</description>
		<massFactor>0.2</massFactor>
		<underbarrelVerb>
			<label>master sniper shot</label>
			<description>Fire a single bolt with increased range and armor penetration.</description>
			<iconPath>UI/Master_Sniper_Shot</iconPath>
			<commandIcon>UI/Master_Sniper_Shot</commandIcon>
			<verbClass>Verb_Shoot</verbClass>
			<hasStandardCommand>true</hasStandardCommand>
			<defaultProjectile>KotORStunBolt_sniper</defaultProjectile>
			<warmupTime>3.35</warmupTime>
			<range>48</range>
			<accuracyMedium>1.00</accuracyMedium>
			<accuracyLong>1.00</accuracyLong>
			<ticksBetweenBurstShots>20</ticksBetweenBurstShots>
			<burstShotCount>1</burstShotCount>
			<soundCast>kotorsound_sniper</soundCast>
			<soundCastTail>GunTail_Medium</soundCastTail>
			<muzzleFlashScale>9</muzzleFlashScale>
			<ai_IsWeapon>true</ai_IsWeapon>
			<bodypartTagTarget>ConsciousnessSource</bodypartTagTarget>
		</underbarrelVerb>
		<costList>
		  <guy762_beamitem_mstsniper>1</guy762_beamitem_mstsniper>
		</costList>
		<isRare>true</isRare>
		<researchPrerequisites>
		  <li>guy762_ResearchKotOR_advupgrade</li>
		</researchPrerequisites>
	  </ModularWeapons.ModularPartDef>
	  
	  
	  <!--stun triggers-->
	
	
	  <ModularWeapons.ModularPartDef>
		<defName>guy762_triggermod_hair_stun</defName>
		<label>hair trigger</label>
		<kind>guy762_slot_trigger_stun</kind>
		<path>NoVisual</path>
		<massFactor>0.1</massFactor>
		<burstCountFactor>3</burstCountFactor>
		<ticksBetweenShotsFactor>-3</ticksBetweenShotsFactor>
		<costList>
		  <guy762_triggeritem_hair>1</guy762_triggeritem_hair>
		</costList>
		<isRare>true</isRare>
	  </ModularWeapons.ModularPartDef>
	  
	  <ModularWeapons.ModularPartDef>
		<defName>guy762_triggermod_rapid_stun</defName>
		<label>rapid-fire trigger</label>
		<kind>guy762_slot_trigger_stun</kind>
		<path>NoVisual</path>
		<description>Adds an additional attack verb which fires additional blaster bolts with reduced accuracy.</description>
		<massFactor>0.2</massFactor>
		<underbarrelVerb>
			<label>rapid shot</label>
			<description>Fire extra bolts with reduced accuracy.</description>
			<iconPath>UI/Rapid_Shot</iconPath>
			<commandIcon>UI/Rapid_Shot</commandIcon>
			<verbClass>Verb_Shoot</verbClass>
			<hasStandardCommand>true</hasStandardCommand>
			<defaultProjectile>KotORStunBolt_default</defaultProjectile>
			<warmupTime>3.75</warmupTime>
			<defaultCooldownTime>3</defaultCooldownTime>
			<range>23</range>
			<ticksBetweenBurstShots>10</ticksBetweenBurstShots>
			<burstShotCount>9</burstShotCount>
			<forcedMissRadius>1.75</forcedMissRadius>
			<soundCast>kotorsound_pistol</soundCast>
			<soundCastTail>GunTail_Medium</soundCastTail>
			<muzzleFlashScale>9</muzzleFlashScale>
			<ai_IsWeapon>true</ai_IsWeapon>
		</underbarrelVerb>
		<costList>
		  <guy762_triggeritem_rapid>1</guy762_triggeritem_rapid>
		</costList>
		<isRare>true</isRare>
	  </ModularWeapons.ModularPartDef>
	  
	  <ModularWeapons.ModularPartDef>
		<defName>guy762_triggermod_advrapid_stun</defName>
		<label>adv. rapid-fire trigger</label>
		<kind>guy762_slot_trigger_stun</kind>
		<path>NoVisual</path>
		<description>Adds an additional attack verb which fires additional blaster bolts with reduced accuracy.</description>
		<massFactor>0.2</massFactor>
		<underbarrelVerb>
			<label>rapid shot</label>
			<description>Fire extra bolts with reduced accuracy.</description>
			<iconPath>UI/Improved_Rapid_Shot</iconPath>
			<commandIcon>UI/Improved_Rapid_Shot</commandIcon>
			<verbClass>Verb_Shoot</verbClass>
			<hasStandardCommand>true</hasStandardCommand>
			<defaultProjectile>KotORStunBolt_default</defaultProjectile>
			<warmupTime>4</warmupTime>
			<defaultCooldownTime>4</defaultCooldownTime>
			<range>23</range>
			<ticksBetweenBurstShots>8</ticksBetweenBurstShots>
			<burstShotCount>12</burstShotCount>
			<forcedMissRadius>2</forcedMissRadius>
			<soundCast>kotorsound_pistol</soundCast>
			<soundCastTail>GunTail_Medium</soundCastTail>
			<muzzleFlashScale>9</muzzleFlashScale>
			<ai_IsWeapon>true</ai_IsWeapon>
		</underbarrelVerb>
		<costList>
		  <guy762_triggeritem_advrapid>1</guy762_triggeritem_advrapid>
		</costList>
		<isRare>true</isRare>
		<researchPrerequisites>
		  <li>guy762_ResearchKotOR_advupgrade</li>
		</researchPrerequisites>
	  </ModularWeapons.ModularPartDef>
	  
	  <ModularWeapons.ModularPartDef>
		<defName>guy762_triggermod_mstrapid_stun</defName>
		<label>master rapid-fire trigger</label>
		<kind>guy762_slot_trigger_stun</kind>
		<path>NoVisual</path>
		<description>Adds an additional attack verb which fires additional blaster bolts with reduced accuracy.</description>
		<massFactor>0.2</massFactor>
		<underbarrelVerb>
			<label>master rapid shot</label>
			<description>Fire extra bolts with reduced accuracy.</description>
			<iconPath>UI/Master_Rapid_Shot</iconPath>
			<commandIcon>UI/Master_Rapid_Shot</commandIcon>
			<verbClass>Verb_Shoot</verbClass>
			<hasStandardCommand>true</hasStandardCommand>
			<defaultProjectile>KotORStunBolt_default</defaultProjectile>
			<warmupTime>4.25</warmupTime>
			<defaultCooldownTime>5</defaultCooldownTime>
			<range>23</range>
			<ticksBetweenBurstShots>6</ticksBetweenBurstShots>
			<burstShotCount>15</burstShotCount>
			<forcedMissRadius>2.25</forcedMissRadius>
			<soundCast>kotorsound_pistol</soundCast>
			<soundCastTail>GunTail_Medium</soundCastTail>
			<muzzleFlashScale>9</muzzleFlashScale>
			<ai_IsWeapon>true</ai_IsWeapon>
		</underbarrelVerb>
		<costList>
		  <guy762_triggeritem_mstrapid>1</guy762_triggeritem_mstrapid>
		</costList>
		<isRare>true</isRare>
		<researchPrerequisites>
		  <li>guy762_ResearchKotOR_advupgrade</li>
		</researchPrerequisites>
	  </ModularWeapons.ModularPartDef>

	
	
	
	
	
	
	
	<!--slug powercells-->
	
	
	  <ModularWeapons.ModularPartDef>
		<defName>guy762_powermod_optimized_slug</defName>
		<label>optimized power cell</label>
		<kind>guy762_slot_power_slug</kind>
		<path>NoVisual</path>
		<massFactor>0.3</massFactor>
		<cooldownFactor>-0.25</cooldownFactor>
		<costList>
		  <guy762_pcellitem_optimized>1</guy762_pcellitem_optimized>
		</costList>
		<isRare>true</isRare>
	  </ModularWeapons.ModularPartDef>
	  
	  <ModularWeapons.ModularPartDef>
		<defName>guy762_powermod_pulsator_slug</defName>
		<label>power pulsator</label>
		<kind>guy762_slot_power_slug</kind>
		<path>NoVisual</path>
		<massFactor>0.3</massFactor>
		<dmgMultiplierFactor>0.2</dmgMultiplierFactor>
		<costList>
		  <guy762_pcellitem_pulsator>1</guy762_pcellitem_pulsator>
		</costList>
		<isRare>true</isRare>
	  </ModularWeapons.ModularPartDef>
	  
	  <ModularWeapons.ModularPartDef>
		<defName>guy762_powermod_rylith_slug</defName>
		<label>Rylith power cell</label>
		<kind>guy762_slot_power_slug</kind>
		<path>NoVisual</path>
		<massFactor>0.4</massFactor>
		<dmgMultiplierFactor>0.4</dmgMultiplierFactor>
		<cooldownFactor>0.5</cooldownFactor>
		<costList>
		  <guy762_pcellitem_rylith>1</guy762_pcellitem_rylith>
		</costList>
		<isRare>true</isRare>
		<researchPrerequisites>
		  <li>guy762_ResearchKotOR_advupgrade</li>
		</researchPrerequisites>
	  </ModularWeapons.ModularPartDef>
	  
	  <ModularWeapons.ModularPartDef>
		<defName>guy762_powermod_railgun</defName>
		<label>rail charger</label>
		<kind>guy762_slot_power_slug</kind>
		<path>NoVisual</path>
		<description>Adds an additional attack verb which fires an armor penetrating high-velocity projectile.</description>
		<massFactor>0.4</massFactor>
		<underbarrelVerb>
			<label>rail shot</label>
			<description>Fire a single bolt with increased armor penetration.</description>
			<iconPath>UI/Railgun_Power_Blast</iconPath>
			<commandIcon>UI/Railgun_Power_Blast</commandIcon>
			<verbClass>Verb_Shoot</verbClass>
			<hasStandardCommand>true</hasStandardCommand>
			<defaultProjectile>KotORRailgun</defaultProjectile>
			<warmupTime>4</warmupTime>
			<range>28</range>
			<ticksBetweenBurstShots>24</ticksBetweenBurstShots>
			<burstShotCount>1</burstShotCount>
			<soundCast>kotorsound_railgun</soundCast>
			<soundCastTail>GunTail_Heavy</soundCastTail>
			<muzzleFlashScale>9</muzzleFlashScale>
			<ai_IsWeapon>true</ai_IsWeapon>
		</underbarrelVerb>
		<costList>
		  <ComponentSpacer>3</ComponentSpacer>
		</costList>
		<isRare>true</isRare>
		<researchPrerequisites>
		  <li>guy762_ResearchKotOR_advupgrade</li>
		</researchPrerequisites>
	  </ModularWeapons.ModularPartDef>
	  
	  
	<!--slug beam focusing-->
	
	  
	  <ModularWeapons.ModularPartDef>
		<defName>guy762_beammod_sniper_slug</defName>
		<label>sniper kit</label>
		<kind>guy762_slot_beam_slug</kind>
		<path>NoVisual</path>
		<description>Adds an additional attack verb which fires a single shot with increased range and accuracy.</description>
		<massFactor>0.2</massFactor>
		<underbarrelVerb>
			<label>sniper shot</label>
			<description>Fire a single bolt with increased range and accuracy.</description>
			<iconPath>UI/Sniper_Shot</iconPath>
			<commandIcon>UI/Sniper_Shot</commandIcon>
			<verbClass>Verb_Shoot</verbClass>
			<hasStandardCommand>true</hasStandardCommand>
			<defaultProjectile>KotORSlugBolt</defaultProjectile>
			<warmupTime>3.65</warmupTime>
			<range>42</range>
			<accuracyMedium>0.95</accuracyMedium>
			<accuracyLong>0.90</accuracyLong>
			<ticksBetweenBurstShots>24</ticksBetweenBurstShots>
			<burstShotCount>1</burstShotCount>
			<soundCast>kotorsound_slug</soundCast>
			<soundCastTail>GunTail_Heavy</soundCastTail>
			<muzzleFlashScale>9</muzzleFlashScale>
			<ai_IsWeapon>true</ai_IsWeapon>
			<bodypartTagTarget>ConsciousnessSource</bodypartTagTarget>
		</underbarrelVerb>
		<costList>
		  <guy762_beamitem_sniper>1</guy762_beamitem_sniper>
		</costList>
		<isRare>true</isRare>
	  </ModularWeapons.ModularPartDef>
	  
	  <ModularWeapons.ModularPartDef>
		<defName>guy762_beammod_advsniper_slug</defName>
		<label>adv. sniper kit</label>
		<kind>guy762_slot_beam_slug</kind>
		<path>NoVisual</path>
		<description>Adds an additional attack verb which fires a single shot with increased range and accuracy.</description>
		<massFactor>0.2</massFactor>
		<underbarrelVerb>
			<label>adv. sniper shot</label>
			<description>Fire a single bolt with increased range and accuracy.</description>
			<iconPath>UI/Improved_Sniper_Shot</iconPath>
			<commandIcon>UI/Improved_Sniper_Shot</commandIcon>
			<verbClass>Verb_Shoot</verbClass>
			<hasStandardCommand>true</hasStandardCommand>
			<defaultProjectile>KotORSlugBolt</defaultProjectile>
			<warmupTime>3.5</warmupTime>
			<range>50</range>
			<accuracyMedium>1.00</accuracyMedium>
			<accuracyLong>0.95</accuracyLong>
			<ticksBetweenBurstShots>24</ticksBetweenBurstShots>
			<burstShotCount>1</burstShotCount>
			<soundCast>kotorsound_slug</soundCast>
			<soundCastTail>GunTail_Heavy</soundCastTail>
			<muzzleFlashScale>9</muzzleFlashScale>
			<ai_IsWeapon>true</ai_IsWeapon>
			<bodypartTagTarget>ConsciousnessSource</bodypartTagTarget>
		</underbarrelVerb>
		<costList>
		  <guy762_beamitem_advsniper>1</guy762_beamitem_advsniper>
		</costList>
		<isRare>true</isRare>
		<researchPrerequisites>
		  <li>guy762_ResearchKotOR_advupgrade</li>
		</researchPrerequisites>
	  </ModularWeapons.ModularPartDef>
	  
	  <ModularWeapons.ModularPartDef>
		<defName>guy762_beammod_mstsniper_slug</defName>
		<label>master sniper kit</label>
		<kind>guy762_slot_beam_slug</kind>
		<path>NoVisual</path>
		<description>Adds an additional attack verb which fires a single shot with increased range and accuracy.</description>
		<massFactor>0.2</massFactor>
		<underbarrelVerb>
			<label>master sniper shot</label>
			<description>Fire a single bolt with increased range and accuracy.</description>
			<iconPath>UI/Master_Sniper_Shot</iconPath>
			<commandIcon>UI/Master_Sniper_Shot</commandIcon>
			<verbClass>Verb_Shoot</verbClass>
			<hasStandardCommand>true</hasStandardCommand>
			<defaultProjectile>KotORSlugBolt</defaultProjectile>
			<warmupTime>3.35</warmupTime>
			<range>58</range>
			<accuracyMedium>1.00</accuracyMedium>
			<accuracyLong>1.00</accuracyLong>
			<ticksBetweenBurstShots>24</ticksBetweenBurstShots>
			<burstShotCount>1</burstShotCount>
			<soundCast>kotorsound_slug</soundCast>
			<soundCastTail>GunTail_Heavy</soundCastTail>
			<muzzleFlashScale>9</muzzleFlashScale>
			<ai_IsWeapon>true</ai_IsWeapon>
			<bodypartTagTarget>ConsciousnessSource</bodypartTagTarget>
		</underbarrelVerb>
		<costList>
		  <guy762_beamitem_mstsniper>1</guy762_beamitem_mstsniper>
		</costList>
		<isRare>true</isRare>
		<researchPrerequisites>
		  <li>guy762_ResearchKotOR_advupgrade</li>
		</researchPrerequisites>
	  </ModularWeapons.ModularPartDef>
	  
	
	
	
	
	
	
	
	<!--bowcaster powercells-->
	
	
	  <ModularWeapons.ModularPartDef>
		<defName>guy762_powermod_optimized_bow</defName>
		<label>optimized power cell</label>
		<kind>guy762_slot_power_bow</kind>
		<path>NoVisual</path>
		<massFactor>0.3</massFactor>
		<cooldownFactor>-0.25</cooldownFactor>
		<costList>
		  <guy762_pcellitem_optimized>1</guy762_pcellitem_optimized>
		</costList>
		<isRare>true</isRare>
	  </ModularWeapons.ModularPartDef>
	  
	  <ModularWeapons.ModularPartDef>
		<defName>guy762_powermod_pulsator_bow</defName>
		<label>power pulsator</label>
		<kind>guy762_slot_power_bow</kind>
		<path>NoVisual</path>
		<massFactor>0.3</massFactor>
		<dmgMultiplierFactor>0.2</dmgMultiplierFactor>
		<costList>
		  <guy762_pcellitem_pulsator>1</guy762_pcellitem_pulsator>
		</costList>
		<isRare>true</isRare>
	  </ModularWeapons.ModularPartDef>
	  
	  <ModularWeapons.ModularPartDef>
		<defName>guy762_powermod_rylith_bow</defName>
		<label>Rylith power cell</label>
		<kind>guy762_slot_power_bow</kind>
		<path>NoVisual</path>
		<massFactor>0.4</massFactor>
		<dmgMultiplierFactor>0.4</dmgMultiplierFactor>
		<cooldownFactor>0.5</cooldownFactor>
		<costList>
		  <guy762_pcellitem_rylith>1</guy762_pcellitem_rylith>
		</costList>
		<isRare>true</isRare>
		<researchPrerequisites>
		  <li>guy762_ResearchKotOR_advupgrade</li>
		</researchPrerequisites>
	  </ModularWeapons.ModularPartDef>
	  
	  <ModularWeapons.ModularPartDef>
		<defName>guy762_powermod_charge_bow</defName>
		<label>Bowcaster charger</label>
		<kind>guy762_slot_power_bow</kind>
		<path>NoVisual</path>
		<description>Adds an additional attack verb which fires a single explosive shot with increased damage.</description>
		<massFactor>0.4</massFactor>
		<underbarrelVerb>
			<label>Bowcaster charge shot</label>
			<description>Fire a single charged bolt.</description>
			<iconPath>UI/Bowcaster_Power_Blast</iconPath>
			<commandIcon>UI/Bowcaster_Power_Blast</commandIcon>
			<verbClass>Verb_Shoot</verbClass>
			<hasStandardCommand>true</hasStandardCommand>
			<defaultProjectile>KotORBowcasterBolt_heavy</defaultProjectile>
			<warmupTime>5.5</warmupTime>
			<defaultCooldownTime>4</defaultCooldownTime>
			<range>36</range>
			<ticksBetweenBurstShots>20</ticksBetweenBurstShots>
			<burstShotCount>1</burstShotCount>
			<soundAiming>kotorsound_powercharge</soundAiming>
			<soundCast>kotorsound_bowcaster2</soundCast>
			<soundCastTail>GunTail_Heavy</soundCastTail>
			<muzzleFlashScale>9</muzzleFlashScale>
			<forcedMissRadius>0</forcedMissRadius>
			<ai_IsWeapon>true</ai_IsWeapon>
		</underbarrelVerb>
		<costList>
		  <!--guy762_pcellitem_bowcaster>1</guy762_pcellitem_bowcaster-->
		  <ComponentSpacer>2</ComponentSpacer>
		</costList>
		<isRare>true</isRare>
		<researchPrerequisites>
		  <li>guy762_ResearchKotOR_advupgrade</li>
		</researchPrerequisites>
	  </ModularWeapons.ModularPartDef>
	  
	
	
	
	
	
	
	
	
	
	
	
	
	
	
	
	
	
	
	
	
	
	<!--light repeater triggers-->
	
	
	  <ModularWeapons.ModularPartDef>
		<defName>guy762_triggermod_hair_lgtrep</defName>
		<label>hair trigger</label>
		<kind>guy762_slot_trigger_lgtrep</kind>
		<path>NoVisual</path>
		<massFactor>0.1</massFactor>
		<burstCountFactor>3</burstCountFactor>
		<ticksBetweenShotsFactor>-3</ticksBetweenShotsFactor>
		<costList>
		  <guy762_triggeritem_hair>1</guy762_triggeritem_hair>
		</costList>
		<isRare>true</isRare>
	  </ModularWeapons.ModularPartDef>
	  
	  <ModularWeapons.ModularPartDef>
		<defName>guy762_triggermod_rapid_lgtrep</defName>
		<label>rapid-fire trigger</label>
		<kind>guy762_slot_trigger_lgtrep</kind>
		<path>NoVisual</path>
		<description>Adds an additional attack verb which fires additional blaster bolts with reduced accuracy.</description>
		<massFactor>0.2</massFactor>
		<underbarrelVerb>
			<label>rapid shot</label>
			<description>Fire extra bolts with reduced accuracy.</description>
			<iconPath>UI/Rapid_Shot</iconPath>
			<commandIcon>UI/Rapid_Shot</commandIcon>
			<verbClass>Verb_Shoot</verbClass>
			<hasStandardCommand>true</hasStandardCommand>
			<defaultProjectile>KotORBlasterBolt_default</defaultProjectile>
			<warmupTime>3.75</warmupTime>
			<defaultCooldownTime>3</defaultCooldownTime>
			<range>23</range>
			<ticksBetweenBurstShots>10</ticksBetweenBurstShots>
			<burstShotCount>12</burstShotCount>
			<forcedMissRadius>1.75</forcedMissRadius>
			<soundCast>kotorsound_rifle</soundCast>
			<soundCastTail>GunTail_Medium</soundCastTail>
			<muzzleFlashScale>9</muzzleFlashScale>
			<ai_IsWeapon>true</ai_IsWeapon>
		</underbarrelVerb>
		<costList>
		  <guy762_triggeritem_rapid>1</guy762_triggeritem_rapid>
		</costList>
		<isRare>true</isRare>
	  </ModularWeapons.ModularPartDef>
	  
	  <ModularWeapons.ModularPartDef>
		<defName>guy762_triggermod_advrapid_lgtrep</defName>
		<label>adv. rapid-fire trigger</label>
		<kind>guy762_slot_trigger_lgtrep</kind>
		<path>NoVisual</path>
		<description>Adds an additional attack verb which fires additional blaster bolts with reduced accuracy.</description>
		<massFactor>0.2</massFactor>
		<underbarrelVerb>
			<label>adv. rapid shot</label>
			<description>Fire extra bolts with reduced accuracy.</description>
			<iconPath>UI/Improved_Rapid_Shot</iconPath>
			<commandIcon>UI/Improved_Rapid_Shot</commandIcon>
			<verbClass>Verb_Shoot</verbClass>
			<hasStandardCommand>true</hasStandardCommand>
			<defaultProjectile>KotORBlasterBolt_default</defaultProjectile>
			<warmupTime>4</warmupTime>
			<defaultCooldownTime>4</defaultCooldownTime>
			<range>23</range>
			<ticksBetweenBurstShots>8</ticksBetweenBurstShots>
			<burstShotCount>15</burstShotCount>
			<forcedMissRadius>2</forcedMissRadius>
			<soundCast>kotorsound_rifle</soundCast>
			<soundCastTail>GunTail_Medium</soundCastTail>
			<muzzleFlashScale>9</muzzleFlashScale>
			<ai_IsWeapon>true</ai_IsWeapon>
		</underbarrelVerb>
		<costList>
		  <guy762_triggeritem_advrapid>1</guy762_triggeritem_advrapid>
		</costList>
		<isRare>true</isRare>
		<researchPrerequisites>
		  <li>guy762_ResearchKotOR_advupgrade</li>
		</researchPrerequisites>
	  </ModularWeapons.ModularPartDef>
	  
	  <ModularWeapons.ModularPartDef>
		<defName>guy762_triggermod_mstrapid_lgtrep</defName>
		<label>master rapid-fire trigger</label>
		<kind>guy762_slot_trigger_lgtrep</kind>
		<path>NoVisual</path>
		<description>Adds an additional attack verb which fires additional blaster bolts with reduced accuracy.</description>
		<massFactor>0.2</massFactor>
		<underbarrelVerb>
			<label>master rapid shot</label>
			<description>Fire extra bolts with reduced accuracy.</description>
			<iconPath>UI/Master_Rapid_Shot</iconPath>
			<commandIcon>UI/Master_Rapid_Shot</commandIcon>
			<verbClass>Verb_Shoot</verbClass>
			<hasStandardCommand>true</hasStandardCommand>
			<defaultProjectile>KotORBlasterBolt_default</defaultProjectile>
			<warmupTime>4.25</warmupTime>
			<defaultCooldownTime>5</defaultCooldownTime>
			<range>23</range>
			<ticksBetweenBurstShots>6</ticksBetweenBurstShots>
			<burstShotCount>18</burstShotCount>
			<forcedMissRadius>2.25</forcedMissRadius>
			<soundCast>kotorsound_rifle</soundCast>
			<soundCastTail>GunTail_Medium</soundCastTail>
			<muzzleFlashScale>9</muzzleFlashScale>
			<ai_IsWeapon>true</ai_IsWeapon>
		</underbarrelVerb>
		<costList>
		  <guy762_triggeritem_mstrapid>1</guy762_triggeritem_mstrapid>
		</costList>
		<isRare>true</isRare>
		<researchPrerequisites>
		  <li>guy762_ResearchKotOR_advupgrade</li>
		</researchPrerequisites>
	  </ModularWeapons.ModularPartDef>
	  
	  
	  <!--heavy repeater triggers-->
	
	
	  <ModularWeapons.ModularPartDef>
		<defName>guy762_triggermod_hair_hvyrep</defName>
		<label>hair trigger</label>
		<kind>guy762_slot_trigger_hvyrep</kind>
		<path>NoVisual</path>
		<massFactor>0.1</massFactor>
		<burstCountFactor>3</burstCountFactor>
		<ticksBetweenShotsFactor>-3</ticksBetweenShotsFactor>
		<costList>
		  <guy762_triggeritem_hair>1</guy762_triggeritem_hair>
		</costList>
		<isRare>true</isRare>
	  </ModularWeapons.ModularPartDef>
	  
	  <ModularWeapons.ModularPartDef>
		<defName>guy762_triggermod_rapid_hvyrep</defName>
		<label>rapid-fire trigger</label>
		<kind>guy762_slot_trigger_hvyrep</kind>
		<path>NoVisual</path>
		<description>Adds an additional attack verb which fires additional blaster bolts with reduced accuracy.</description>
		<massFactor>0.2</massFactor>
		<underbarrelVerb>
			<label>rapid shot</label>
			<description>Fire extra bolts with reduced accuracy.</description>
			<iconPath>UI/Rapid_Shot</iconPath>
			<commandIcon>UI/Rapid_Shot</commandIcon>
			<verbClass>Verb_Shoot</verbClass>
			<hasStandardCommand>true</hasStandardCommand>
			<defaultProjectile>KotORBlasterBolt_default</defaultProjectile>
			<warmupTime>3.75</warmupTime>
			<defaultCooldownTime>3</defaultCooldownTime>
			<range>23</range>
			<ticksBetweenBurstShots>10</ticksBetweenBurstShots>
			<burstShotCount>15</burstShotCount>
			<forcedMissRadius>1.75</forcedMissRadius>
			<soundCast>kotorsound_heavy1</soundCast>
			<soundCastTail>GunTail_Medium</soundCastTail>
			<muzzleFlashScale>9</muzzleFlashScale>
			<ai_IsWeapon>true</ai_IsWeapon>
		</underbarrelVerb>
		<costList>
		  <guy762_triggeritem_rapid>1</guy762_triggeritem_rapid>
		</costList>
		<isRare>true</isRare>
	  </ModularWeapons.ModularPartDef>
	  
	  <ModularWeapons.ModularPartDef>
		<defName>guy762_triggermod_advrapid_hvyrep</defName>
		<label>adv. rapid-fire trigger</label>
		<kind>guy762_slot_trigger_hvyrep</kind>
		<path>NoVisual</path>
		<description>Adds an additional attack verb which fires additional blaster bolts with reduced accuracy.</description>
		<massFactor>0.2</massFactor>
		<underbarrelVerb>
			<label>adv. rapid shot</label>
			<description>Fire extra bolts with reduced accuracy.</description>
			<iconPath>UI/Improved_Rapid_Shot</iconPath>
			<commandIcon>UI/Improved_Rapid_Shot</commandIcon>
			<verbClass>Verb_Shoot</verbClass>
			<hasStandardCommand>true</hasStandardCommand>
			<defaultProjectile>KotORBlasterBolt_default</defaultProjectile>
			<warmupTime>4</warmupTime>
			<defaultCooldownTime>4</defaultCooldownTime>
			<range>23</range>
			<ticksBetweenBurstShots>8</ticksBetweenBurstShots>
			<burstShotCount>18</burstShotCount>
			<forcedMissRadius>2</forcedMissRadius>
			<soundCast>kotorsound_heavy1</soundCast>
			<soundCastTail>GunTail_Medium</soundCastTail>
			<muzzleFlashScale>9</muzzleFlashScale>
			<ai_IsWeapon>true</ai_IsWeapon>
		</underbarrelVerb>
		<costList>
		  <guy762_triggeritem_advrapid>1</guy762_triggeritem_advrapid>
		</costList>
		<isRare>true</isRare>
		<researchPrerequisites>
		  <li>guy762_ResearchKotOR_advupgrade</li>
		</researchPrerequisites>
	  </ModularWeapons.ModularPartDef>
	  
	  <ModularWeapons.ModularPartDef>
		<defName>guy762_triggermod_mstrapid_hvyrep</defName>
		<label>master rapid-fire trigger</label>
		<kind>guy762_slot_trigger_hvyrep</kind>
		<path>NoVisual</path>
		<description>Adds an additional attack verb which fires additional blaster bolts with reduced accuracy.</description>
		<massFactor>0.2</massFactor>
		<underbarrelVerb>
			<label>master rapid shot</label>
			<description>Fire extra bolts with reduced accuracy.</description>
			<iconPath>UI/Master_Rapid_Shot</iconPath>
			<commandIcon>UI/Master_Rapid_Shot</commandIcon>
			<verbClass>Verb_Shoot</verbClass>
			<hasStandardCommand>true</hasStandardCommand>
			<defaultProjectile>KotORBlasterBolt_default</defaultProjectile>
			<warmupTime>4.25</warmupTime>
			<defaultCooldownTime>5</defaultCooldownTime>
			<range>23</range>
			<ticksBetweenBurstShots>6</ticksBetweenBurstShots>
			<burstShotCount>21</burstShotCount>
			<forcedMissRadius>2.25</forcedMissRadius>
			<soundCast>kotorsound_heavy1</soundCast>
			<soundCastTail>GunTail_Medium</soundCastTail>
			<muzzleFlashScale>9</muzzleFlashScale>
			<ai_IsWeapon>true</ai_IsWeapon>
		</underbarrelVerb>
		<costList>
		  <guy762_triggeritem_mstrapid>1</guy762_triggeritem_mstrapid>
		</costList>
		<isRare>true</isRare>
		<researchPrerequisites>
		  <li>guy762_ResearchKotOR_advupgrade</li>
		</researchPrerequisites>
	  </ModularWeapons.ModularPartDef>
	  
	  
	  <!--heavy repeater beams-->
	
	
	  <ModularWeapons.ModularPartDef>
		<defName>guy762_beammod_splitter_hvyrep</defName>
		<label>beam splitter</label>
		<kind>guy762_slot_beam_hvyrep</kind>
		<path>NoVisual</path>
		<massFactor>0.2</massFactor>
		<burstCountFactor>3</burstCountFactor>
		<costList>
		  <guy762_beamitem_splitter>1</guy762_beamitem_splitter>
		</costList>
		<isRare>true</isRare>
	  </ModularWeapons.ModularPartDef>
	  
	  <ModularWeapons.ModularPartDef>
		<defName>guy762_beammod_focuser_hvyrep</defName>
		<label>beam focuser</label>
		<kind>guy762_slot_beam_hvyrep</kind>
		<path>NoVisual</path>
		<massFactor>0.2</massFactor>
		<AccTouchFactor>0.2</AccTouchFactor>
		<AccShortFactor>0.2</AccShortFactor>
		<AccMediumFactor>0.2</AccMediumFactor>
		<AccLongFactor>0.2</AccLongFactor>
		<rangeFactor>5</rangeFactor>
		<costList>
		  <guy762_beamitem_focuser>1</guy762_beamitem_focuser>
		</costList>
		<isRare>true</isRare>
	  </ModularWeapons.ModularPartDef>
	  
	  <!--ModularWeapons.ModularPartDef>
		<defName>guy762_beammod_baragwin</defName>
		<label>Baragwin thermal matrix</label>
		<kind>guy762_slot_beam_hvyrep</kind>
		<path>NoVisual</path>
		<description>Adds an additional attack verb which fires a single shot that deals fire damage.</description>
		<massFactor>0.2</massFactor>
		<underbarrelVerb>
			<label>plasma shot</label>
			<description>Fire a single thermal bolt with increased range and armor penetration.</description>
			<iconPath>UI/Baragwin_Sniper_Shot</iconPath>
			<commandIcon>UI/Baragwin_Sniper_Shot</commandIcon>
			<verbClass>Verb_Shoot</verbClass>
			<hasStandardCommand>true</hasStandardCommand>
			<defaultProjectile>KotORSniperBolt_plasma</defaultProjectile>
			<warmupTime>3.65</warmupTime>
			<range>36</range>
			<accuracyMedium>0.95</accuracyMedium>
			<accuracyLong>0.90</accuracyLong>
			<ticksBetweenBurstShots>20</ticksBetweenBurstShots>
			<burstShotCount>1</burstShotCount>
			<soundCast>kotorsound_heavy2</soundCast>
			<soundCastTail>GunTail_Medium</soundCastTail>
			<muzzleFlashScale>9</muzzleFlashScale>
		</underbarrelVerb>
		<costList>
		  <ComponentSpacer>6</ComponentSpacer>
		</costList>
		<isRare>true</isRare>
	  </ModularWeapons.ModularPartDef-->
	
	
</Defs>