<?xml version="1.0" encoding="utf-8" ?>
<Defs>
	
	
	<PawnKindDef Name="KotORPlayableHero_ExileSurik"  ParentName="guy762_HeroPawnKindBase">
		<defName>KotORPlayableHero_ExileSurik</defName>
		<nameMaker>guy762_HeroNamer_ExileSurik</nameMaker>
		<combatPower>500</combatPower>
		<minGenerationAge>37</minGenerationAge>
		<maxGenerationAge>40</maxGenerationAge>
		<fixedGender>Female</fixedGender>
		<forcedHair>Keeper</forcedHair>
		<forcedHairColor>(74,67,62)</forcedHairColor>
		<skinColorOverride>(237,212,172)</skinColorOverride>
		<xenotypeSet>
			<xenotypeChances>
				<Baseliner>999</Baseliner>
			</xenotypeChances>
			<warnIfTotalAbove1>false</warnIfTotalAbove1>
		</xenotypeSet>
		<useFactionXenotypes>false</useFactionXenotypes>
		<itemQuality>Legendary</itemQuality>
		<apparelMoney>29999</apparelMoney>
		<apparelTags>
		  <li>KotORHeroAccessories_exile</li>
		  <li>KotORHeadband_regalvisor</li>
		</apparelTags>
		<apparelRequired>
		   <li>guy762_JediCloak_light</li>
		   <li>guy762_JediTunic_trad</li>
		   <li>guy762_armband</li>
		</apparelRequired>
		<specificApparelRequirements>
			<li>
				<apparelLayer>OnSkin</apparelLayer>
				<apparelDef>guy762_JediTunic_trad</apparelDef>
				<color>(210,210,180)</color>
			</li>
			<li>
				<apparelLayer>Shell</apparelLayer>
				<apparelDef>guy762_JediCloak_light</apparelDef>
				<quality>Legendary</quality>
				<color>(90,110,90)</color>
			</li>
		</specificApparelRequirements>
		<weaponMoney>99999999</weaponMoney>
		<weaponTags>
		  <li>OR_exile</li>
		</weaponTags>
		<skills>
			<li>
				<skill>Melee</skill>
				<range>16~18</range>
			</li>
			<li>
				<skill>Animals</skill>
				<range>16~18</range>
			</li>
			<li>
				<skill>Medicine</skill>
				<range>12~14</range>
			</li>
			<li>
				<skill>Social</skill>
				<range>18~20</range>
			</li>
			<li>
				<skill>Intellectual</skill>
				<range>10~12</range>
			</li>
		</skills>
		<forcedTraits>
			<PsychicSensitivity>2</PsychicSensitivity>
			<Nerves>2</Nerves>
			<FastLearner>0</FastLearner>
			<Beauty>2</Beauty>
			<Bisexual>0</Bisexual>
		</forcedTraits>
		<backstoryFiltersOverride>
		  <li>
			<categories>
			  <li>guy762BSC_exile</li>
			</categories>
		  </li>
		</backstoryFiltersOverride>
		<modExtensions>
         <li Class="VanillaPsycastsExpanded.PawnKindAbilityExtension_Psycasts">
            <implantDef>VPE_PsycastAbilityImplant</implantDef>
            <initialLevel>20</initialLevel>
            <statUpgradePoints>1~2</statUpgradePoints>
            <unlockedPaths>
				<VPE_LightSide>1~4|3~4</VPE_LightSide>
				<VPE_JediTraining>1~4|3~4</VPE_JediTraining>
				<VPE_Force>1~6|3~6</VPE_Force>	
				<VPE_Telekinesis>1~6|3~6</VPE_Telekinesis>		
            </unlockedPaths>
         </li>
		 <li Class="AddGeneForPK.PKAdditionalGenes">
          <geneSets>
            <li>
              <isXenogene>true</isXenogene>
              <chance>1</chance>
              <geneDefs>
                <li>Major_Force_Sensitive</li>
              </geneDefs>
            </li>
          </geneSets>
		</li>
      </modExtensions>
	  </PawnKindDef>
	  
	  <RulePackDef>
        <defName>guy762_HeroNamer_ExileSurik</defName>
        <rulePack>
            <rulesStrings>
                <li>r_name->[meetra] '[exile]' [surik]</li>
				<li>meetra->Meetra</li>
				<li>surik->Surik</li>
				<li>exile->Exile</li>
            </rulesStrings>
        </rulePack>
    </RulePackDef>
	
	<!--RulePackDef>
        <defName>guy762_HeroNamer_ExileJesus</defName>
        <rulePack>
            <rulesStrings>
                <li>r_name->[jesus] '[exile]' [christ]</li>
				<li>jesus->Je-Sui</li>
				<li>christ->Krist</li>
				<li>exile->Exile</li>
            </rulesStrings>
        </rulePack>
    </RulePackDef-->
	
	
	<!--[PAWN_nameDef] [PAWN_possessive] [PAWN_pronoun]-->
	
	
	<BackstoryDef>
		<defName>guy762_BackstoryC_Exile</defName>
		<title>Unusual Padawan</title>
		<titleShort>Padawan</titleShort>
		<baseDesc>[PAWN_nameDef] was trained at the Jedi Enclave on Dantooine under the tutelage of the famed Master Sunrider. [PAWN_pronoun] was found to have rare talents for severing a creature's ties to the force and for forming Force bonds with others, and as a result was watched closely by the academy's Masters.</baseDesc>
		<slot>Childhood</slot>
		<skillGains>
			<li>
				<key>Melee</key>
				<value>8</value>
			</li>
			<li>
				<key>Medicine</key>
				<value>8</value>
			</li>
			<li>
				<key>Social</key>
				<value>8</value>
			</li>
		</skillGains>
		<forcedTraits>
		  <PsychicSensitivity>2</PsychicSensitivity>
		  <FastLearner>0</FastLearner>
		</forcedTraits>
		<requiredWorkTags>
		  <li>Violent</li>
		</requiredWorkTags>
		<bodyTypeMale>Male</bodyTypeMale>
		<bodyTypeFemale>Female</bodyTypeFemale>
		
		<spawnCategories>
			<li>guy762BSC_exile</li>
		</spawnCategories>
		<!--shuffleable>False</shuffleable-->
	</BackstoryDef>
	
	<BackstoryDef>
		<defName>guy762_BackstoryA_Exile</defName>
		<title>Jedi Exile</title>
		<titleShort>Jedi Exile</titleShort>
		<baseDesc>[PAWN_nameDef] was swept up into the Mandalorian Wars and quickly rose to prominence, becoming one of Revan's top generals and leading the charge on a number of bloody campaigns. At the war's end, [PAWN_pronoun] was chosen to lead the Republic forces in a desperate gambit to wipe out the bulk of the Mandalorian forces over the planet Malachor V. [PAWN_nameDef] gave the order to activate the superweapon that would annihilate the Mandalorians, but the resulting devastation of both sides was so great [PAWN_pronoun] had no choice but to sever [PAWN_possessive] own ties to the Force to survive the immense wave of death.\n\n[PAWN_nameDef] returned to the Jedi after the battle to willingly face their judgment for [PAWN_possessive] actions, and was exiled from the Jedi Order.</baseDesc>
		<slot>Adulthood</slot>
		<forcedTraits>
		  <Nerves>2</Nerves>
		</forcedTraits>
		<requiredWorkTags>
		  <li>Violent</li>
		</requiredWorkTags>
		<bodyTypeMale>Male</bodyTypeMale>
		<bodyTypeFemale>Female</bodyTypeFemale>
		
		<spawnCategories>
			<li>guy762BSC_exile</li>
		</spawnCategories>
		<!--shuffleable>False</shuffleable-->
	</BackstoryDef>



</Defs>