<?xml version="1.0" encoding="utf-8" ?>
<Defs>

	
	<PawnKindDef Name="KotORPlayableVillain_Sion"  ParentName="guy762_HeroPawnKindBase">
		<defName>KotORPlayableVillain_Sion</defName>
		<nameMaker>guy762_HeroNamer_Sion</nameMaker>
		<combatPower>500</combatPower>
		<minGenerationAge>68</minGenerationAge>
		<maxGenerationAge>69</maxGenerationAge>
		<fixedGender>Male</fixedGender>
		<forcedHair>Bald</forcedHair>
		<xenotypeSet>
			<xenotypeChances>
				<Baseliner>999</Baseliner>
			</xenotypeChances>
			<warnIfTotalAbove1>false</warnIfTotalAbove1>
		</xenotypeSet>
		<useFactionXenotypes>false</useFactionXenotypes>
		<itemQuality>Legendary</itemQuality>
		<apparelMoney>999999</apparelMoney>
		<apparelTags>
		  <li>SE_apparel_sion</li>
		  <li>KotORHeroAccessories_sion</li>
		</apparelTags>
		<apparelRequired>
		   <li>guy762_SionTunic</li>
		</apparelRequired>
		<weaponMoney>99999999</weaponMoney>
		<weaponTags>
		  <li>SE_sion</li>
		</weaponTags>
		<skills>
			<li>
				<skill>Melee</skill>
				<range>16~18</range>
			</li>
			<li>
				<skill>Social</skill>
				<range>10~12</range>
			</li>
			<li>
				<skill>Intellectual</skill>
				<range>10~12</range>
			</li>
		</skills>
		<forcedTraits>
			<PsychicSensitivity>2</PsychicSensitivity>
			<Psychopath>0</Psychopath>
			<Tough>0</Tough>
			<Abrasive>0</Abrasive>
			<Brawler>0</Brawler>
		</forcedTraits>
		<backstoryFiltersOverride>
		  <li>
			<categories>
			  <li>guy762BSC_sion</li>
			</categories>
		  </li>
		</backstoryFiltersOverride>
		<modExtensions>
			 <li Class="VanillaPsycastsExpanded.PawnKindAbilityExtension_Psycasts">
				<implantDef>VPE_PsycastAbilityImplant</implantDef>
				<initialLevel>30</initialLevel>
				<statUpgradePoints>1~2</statUpgradePoints>
				<unlockedPaths>
				   <VPE_Darkside>1~4|4~8</VPE_Darkside>
				   <VPE_Force>1~6|3~6</VPE_Force>
				   <VPE_Telekinesis>1~6|3~6</VPE_Telekinesis>				
				</unlockedPaths>
			 </li>
			 <li Class="AddGeneForPK.PKAdditionalGenes">
			  <geneSets>
				<li>
				  <isXenogene>true</isXenogene>
				  <chance>1</chance>
				  <geneDefs>
					<li>guy762_gene_sion</li>
				  </geneDefs>
				</li>
			  </geneSets>
			</li>
		</modExtensions>
	  </PawnKindDef>
	  
	  <RulePackDef>
        <defName>guy762_HeroNamer_Sion</defName>
        <rulePack>
            <rulesStrings>
                <li>r_name->[darth] '[darth] [sion]' [sion]</li>
				<li>sion->Sion</li>
				<li>darth->Darth</li>
            </rulesStrings>
        </rulePack>
    </RulePackDef>
	
	<!--[PAWN_nameDef] [PAWN_possessive] [PAWN_pronoun]-->
	
	
	<BackstoryDef>
		<defName>guy762_BackstoryC_Sion</defName>
		<title>Sith Marauder</title>
		<titleShort>Marauder</titleShort>
		<baseDesc>Almost nothing is known about [PAWN_nameDef]'s origins, other than the fact that [PAWN_pronoun] joined the ranks of Exar Kun at a young age and became a distinguished Sith Marauder during the Great Sith War.</baseDesc>
		<slot>Childhood</slot>
		<skillGains>
			<li>
				<key>Melee</key>
				<value>10</value>
			</li>
		</skillGains>
		<forcedTraits>
		  <Psychopath>0</Psychopath>
		  <Abrasive>0</Abrasive>
		  <Brawler>0</Brawler>
		</forcedTraits>
		<requiredWorkTags>
		  <li>Violent</li>
		</requiredWorkTags>
		<workDisables>Caring, PlantWork</workDisables>
		<bodyTypeMale>Male</bodyTypeMale>
		<bodyTypeFemale>Female</bodyTypeFemale>
		
		<spawnCategories>
			<li>guy762BSC_sion</li>
		</spawnCategories>
		<!--shuffleable>False</shuffleable-->
	</BackstoryDef>
	
	<BackstoryDef>
		<defName>guy762_BackstoryA_Sion</defName>
		<title>The Lord of Pain</title>
		<titleShort>Lord of Pain</titleShort>
		<baseDesc>During [PAWN_possessive] time as a Sith Marauder in the Exar Kun war, [PAWN_nameDef] was struck down by a Jedi. However, rather than giving in to [PAWN_possessive] wounds, [PAWN_nameDef] found [PAWN_pronoun] had a rare Force ability to draw upon the power of [PAWN_possessive] own pain and anger to avoid imminent death and hold [PAWN_possessive] damaged body together. In this way, [PAWN_nameDef] survived the Exar Kun war and continue to fight against the Jedi for decades after, rising to prominence in Revan's Sith Empire and being bestowed the title "The Lord of Pain" by Darth Traya.</baseDesc>
		<slot>Adulthood</slot>
		<forcedTraits>
		  <PsychicSensitivity>2</PsychicSensitivity>
		  <Tough>0</Tough>
		</forcedTraits>
		<requiredWorkTags>
		  <li>Violent</li>
		</requiredWorkTags>
		<workDisables>ManualDumb, Artistic, Cooking, Mining, Constructing</workDisables>
		<bodyTypeMale>Male</bodyTypeMale>
		<bodyTypeFemale>Female</bodyTypeFemale>
		
		<spawnCategories>
			<li>guy762BSC_sion</li>
		</spawnCategories>
		<!--shuffleable>False</shuffleable-->
	</BackstoryDef>
	
	
	
	
	
	
	
	
	
	
	<GeneDef MayRequire="guy762.StarWarsXenotypes">
		<defName>guy762_gene_sion</defName>
		<label>Sion's Curse</label>
		<description>The lord of pain.</description>
		<iconPath>Immortalus_SionSkin/Gene_Sion</iconPath>
		<displayCategory>guy762_SWparts_Category</displayCategory>
		<iconColor>(0.75, 0.75, 0.75)</iconColor>
		<displayOrderInCategory>701</displayOrderInCategory>
		<biostatCpx>10</biostatCpx>
		<biostatArc>3</biostatArc>
		<skinColorOverride>(162, 162, 162)</skinColorOverride>
		<graphicData>
		  <graphicPath>Immortalus_SionSkin/head</graphicPath>
		  <visibleNorth>true</visibleNorth>
		  <layer>PostSkin</layer>
		  <colorType>Skin</colorType>
		  <!--colorRGBPostFactor>1</colorRGBPostFactor-->
		  <narrowCrownHorizontalOffset>0.03</narrowCrownHorizontalOffset>
		  <drawOffset>(0, -0.002, 0)</drawOffset>
		</graphicData>
		<exclusionTags>
		  <li>HairStyle</li>
		  <li>BeardStyle</li>
		  <li>SkinColorOverride</li>
		  <li>Force</li>
		</exclusionTags>
		<hairTagFilter>
		  <whitelist>true</whitelist>
		  <tags>
			<li>Bald</li>
		  </tags>
		</hairTagFilter>
		<beardTagFilter>
		  <whitelist>true</whitelist>
		  <tags>
			<li>NoBeard</li>
		  </tags>
		</beardTagFilter>
		<statOffsets>
			<Force_Darkside_Attunement>1</Force_Darkside_Attunement>
			<PsychicSensitivity>1</PsychicSensitivity>
			<PsychicEntropyRecoveryRate>0.5</PsychicEntropyRecoveryRate>
			<PawnBeauty>-2</PawnBeauty>
			
			<PainShockThreshold>10</PainShockThreshold>
		</statOffsets>
		<geneClass>BetterPrerequisites.PGene</geneClass>
		<selectionWeight>0</selectionWeight>
		 <modExtensions>
			<li Class="BetterPrerequisites.GeneExtension">
				<applyBodyHediff>
					<li>
						<hediff>guy762_Hediff_sion</hediff>
					</li>
				</applyBodyHediff>
				<applyPartHediff>
					<li>
						<hediff>VPE_PsycastAbilityImplant</hediff>
						<bodyparts>
						  <li>Brain</li>
						</bodyparts>
					</li>
					<li>
						<hediff>PsychicAmplifier</hediff>
						<bodyparts>
						  <li>Brain</li>
						</bodyparts>
					</li>
				</applyPartHediff>
			</li>
		</modExtensions>
	  </GeneDef>
	  
	  <HediffDef>
		<defName>guy762_Hediff_sion</defName>
		<label>Sion's Curse</label>
		<description>The lord of pain.</description>
		<descriptionHyperlinks><GeneDef>guy762_gene_sion</GeneDef></descriptionHyperlinks>
		<hediffClass>HediffWithComps</hediffClass>
		<!--hediffClass>VanillaPsycastsExpanded.Hediff_Deathshield</hediffClass-->
		<scenarioCanAdd>false</scenarioCanAdd>
		<maxSeverity>1.0</maxSeverity>
		<isBad>true</isBad>
		<comps>
		  <li Class="CosmeticHediff.HediffCompProperties_Cosmetic">
			<graphicPath>Immortalus_SionSkin/Body</graphicPath>
			<layer>skin</layer>
			<useBodytype>true</useBodytype>
			<color>(162, 162, 162)</color>
		  </li>
		  <li Class="SithRage.HediffCompProperties_SithRage">
			<livesLeft>1000000</livesLeft>
		  </li>
		</comps>
		<stages>
		  <li>
			<painFactor>0</painFactor>
			<naturalHealingFactor>10</naturalHealingFactor>
			<totalBleedFactor>0</totalBleedFactor>
			
			<painOffset>-0.9</painOffset>
		  </li>
		</stages>
	  </HediffDef>
	  
	  <ThoughtDef>
		<defName>guy762_ThoughtDef_sion</defName>
		<workerClass>ThoughtWorker_Hediff</workerClass>
		<hediff>guy762_Hediff_sion</hediff>
		<validWhileDespawned>true</validWhileDespawned>
		<developmentalStageFilter>Baby, Child, Adult</developmentalStageFilter>
		<stages>
		  <li>
			<label>the Lord of Pain</label>
			<description>The Force is pain. The Force is focus. The Force is that which drives the strong and kills the weak.</description>
			<baseMoodEffect>-100</baseMoodEffect>
		  </li>
		</stages>
	  </ThoughtDef>



</Defs>