<?xml version="1.0" encoding="utf-8" ?>
<Defs>


	  <GeneDef ParentName="GeneSkinColorOverride">
		<defName>guy762_Skin_PaleOrange</defName>
		<label>pale orange skin</label>
		<labelShortAdj>gray</labelShortAdj>
		<description>Carriers of this produce a pigment that turns their skin a grayish orange color.</description>
		<skinColorOverride>(185,135,90)</skinColorOverride>
		<displayOrderInCategory>68</displayOrderInCategory>
		<symbolPack>
		  <prefixSymbols>
			<li><symbol>orange</symbol></li>
		  </prefixSymbols>
		</symbolPack>
	  </GeneDef>
	  
	  
	  <GeneDef ParentName="GeneSkinColorOverride">
		<defName>guy762_Skin_SlateBlue</defName>
		<label>slate-blue skin</label>
		<labelShortAdj>gray</labelShortAdj>
		<description>Carriers of this produce a slate-blue pigment in their skin.</description>
		<skinColorOverride>(165,180,190)</skinColorOverride>
		<!--skinColorOverride>(135,150,160)</skinColorOverride-->
		<displayOrderInCategory>88</displayOrderInCategory>
		<symbolPack>
		  <prefixSymbols>
			<li><symbol>slate</symbol></li>
		  </prefixSymbols>
		  <suffixSymbols>
			<li><symbol>wisp</symbol></li>
		  </suffixSymbols>
		</symbolPack>
	  </GeneDef>
	  
	  <GeneDef ParentName="GeneSkinColorOverride">
		<defName>guy762_Skin_Lavender</defName>
		<label>lavender skin</label>
		<labelShortAdj>lavender</labelShortAdj>
		<description>Carriers of this produce a lavender pigment in their skin.</description>
		<skinColorOverride>(160,145,200)</skinColorOverride>
		<displayOrderInCategory>84</displayOrderInCategory>
		<symbolPack>
		  <prefixSymbols>
			<li><symbol>slate</symbol></li>
		  </prefixSymbols>
		  <suffixSymbols>
			<li><symbol>wisp</symbol></li>
		  </suffixSymbols>
		</symbolPack>
	  </GeneDef>
	  
	  <GeneDef ParentName="GeneSkinColorOverride">
		<defName>guy762_Skin_Turquoise</defName>
		<label>turquoise skin</label>
		<labelShortAdj>turquoise</labelShortAdj>
		<description>Carriers of this gene produce a pigment that turns their skin a turquoise color.</description>
		<skinColorOverride>(100, 190, 155)</skinColorOverride>
		<displayOrderInCategory>89</displayOrderInCategory>
		<symbolPack>
		  <prefixSymbols>
			<li><symbol>turquoise</symbol></li>
			<li><symbol>sea</symbol></li>
			<li><symbol>aqua</symbol></li>
		  </prefixSymbols>
		</symbolPack>
	  </GeneDef>
	  
	  <GeneDef ParentName="GeneSkinColorOverride">
		<defName>guy762_Skin_BrightGreen</defName>
		<label>bright green skin</label>
		<labelShortAdj>bright green</labelShortAdj>
		<description>Carriers of this gene produce a pigment that gives their skin a bright green color.</description>
		<skinColorOverride>(165,200,75)</skinColorOverride>
		<displayOrderInCategory>91</displayOrderInCategory>
		<symbolPack>
		  <wholeNameSymbols>
			<li><symbol>greenskin</symbol></li>
		  </wholeNameSymbols>
		  <prefixSymbols>
			<li><symbol>green</symbol></li>
			<li><symbol>moss</symbol></li>
			<li><symbol>jade</symbol></li>
			<li><symbol>leaf</symbol></li>
		  </prefixSymbols>
		</symbolPack>
	  </GeneDef>
	  
	  <GeneDef ParentName="GeneSkinColorOverride">
		<defName>guy762_Skin_DarkGreen</defName>
		<label>dark green skin</label>
		<labelShortAdj>dark green</labelShortAdj>
		<description>Carriers of this gene produce a pigment that gives their skin a dark green color.</description>
		<skinColorOverride>(120,125,90)</skinColorOverride>
		<displayOrderInCategory>90</displayOrderInCategory>
		<symbolPack>
		  <wholeNameSymbols>
			<li><symbol>greenskin</symbol></li>
		  </wholeNameSymbols>
		  <prefixSymbols>
			<li><symbol>green</symbol></li>
			<li><symbol>moss</symbol></li>
			<li><symbol>jade</symbol></li>
			<li><symbol>leaf</symbol></li>
		  </prefixSymbols>
		</symbolPack>
	  </GeneDef>
	  
	  <GeneDef ParentName="GeneSkinColorOverride">
		<defName>guy762_Skin_MidGray</defName>
		<label>medium gray skin</label>
		<labelShortAdj>gray</labelShortAdj>
		<description>Carriers of this produce a medium-gray pigment in their skin.</description>
		<skinColorOverride>(162, 162, 162)</skinColorOverride>
		<displayOrderInCategory>96</displayOrderInCategory>
		<symbolPack>
		  <prefixSymbols>
			<li><symbol>gray</symbol></li>
			<li><symbol>slate</symbol></li>
			<li><symbol>fog</symbol></li>
			<li><symbol>gloom</symbol></li>
			<li><symbol>smoke</symbol></li>
			<li><symbol>grim</symbol></li>
			<li><symbol>murk</symbol></li>
			<li><symbol>mist</symbol></li>
		  </prefixSymbols>
		  <suffixSymbols>
			<li><symbol>wisp</symbol></li>
			<li><symbol>ghost</symbol></li>
			<li><symbol>murk</symbol></li>
		  </suffixSymbols>
		</symbolPack>
	  </GeneDef>
	  
	  
	  <GeneDef ParentName="GeneHairColorBase">
		<defName>guy762_Hair_DarkBlue</defName>
		<label>dark blue hair</label>
		<hairColorOverride>(30,40,80)</hairColorOverride>
		<selectionWeight>0.05</selectionWeight>
		<displayOrderInCategory>139</displayOrderInCategory>
	  </GeneDef>
	  
	  <!--GeneDef ParentName="GeneHairColorBase">
		<defName>guy762_Hair_SlateBlue</defName>
		<label>slate-blue hair</label>
		<hairColorOverride>(165,180,190)</hairColorOverride>
		<selectionWeight>0.05</selectionWeight>
		<displayOrderInCategory>141</displayOrderInCategory>
	  </GeneDef-->
	  
	  <GeneDef ParentName="GeneHairColorBase">
		<defName>guy762_Hair_SlateRed</defName>
		<label>slate-red hair</label>
		<hairColorOverride>(125,95,100)</hairColorOverride>
		<selectionWeight>0.05</selectionWeight>
		<displayOrderInCategory>189</displayOrderInCategory>
	  </GeneDef>
	  
	  
	  
	  <GeneDef ParentName="GeneEyeColor">
		<defName>guy762_Eyes_Green</defName>
		<label>green eyes</label>
		<labelShortAdj>green-eyed</labelShortAdj>
		<description>Carriers of this gene have green-pigmented eyes.</description>
		<iconPath>UI/Icons/Genes/Gene_GreenEyes</iconPath>
		<displayOrderInCategory>7</displayOrderInCategory>
		<graphicData>
		  <drawScale>0.28</drawScale>
		  <graphicPath>Pawn/HeadAttachments/greeneyes/GreenEyes_Male</graphicPath>
		  <graphicPathFemale>Pawn/HeadAttachments/greeneyes/GreenEyes_Female</graphicPathFemale>
		</graphicData>
	  </GeneDef>
	  
	  <GeneDef ParentName="GeneEyeColor">
		<defName>guy762_Eyes_Blue</defName>
		<label>blue eyes</label>
		<labelShortAdj>blue-eyed</labelShortAdj>
		<description>Carriers of this gene have blue-pigmented eyes.</description>
		<iconPath>UI/Icons/Genes/Gene_BlueEyes</iconPath>
		<displayOrderInCategory>7</displayOrderInCategory>
		<graphicData>
		  <drawScale>0.28</drawScale>
		  <graphicPath>Pawn/HeadAttachments/blueeyes/BlueEyes_Male</graphicPath>
		  <graphicPathFemale>Pawn/HeadAttachments/blueeyes/BlueEyes_Female</graphicPathFemale>
		</graphicData>
	  </GeneDef>
	  
	  
	  
	  
	  
	  
	  
	  
	  
	  
	  
	  
	  
	  
	  
	  
	  <GeneDef Name="guy762_GeneEyeColorFixed" Abstract="True">
		<displayCategory>guy762_SWparts_Category</displayCategory>
		<biostatCpx>0</biostatCpx>
		<exclusionTags>
		  <li>EyeColor</li>
		</exclusionTags>
		<graphicData>
		  <color>(255, 255, 255)</color>
		  <visibleNorth>false</visibleNorth>
		  <!--drawOnEyes>true</drawOnEyes-->
		  <layer>PostTattoo</layer>
		</graphicData>
	  </GeneDef>
	  
	  <GeneDef ParentName="guy762_GeneEyeColorFixed">
		<defName>guy762_FixedEyes_Gray</defName>
		<label>gray eyes (fixed)</label>
		<labelShortAdj>gray-eyed</labelShortAdj>
		<description>Carriers of this gene have pale white-gray eyes.\n\n[This version of the eye gene has been fixed to line up properly with bigger pawns]</description>
		<iconPath>UI/Icons/Genes/Gene_GrayEyes</iconPath>
		<displayOrderInCategory>1761</displayOrderInCategory>
		<graphicData>
		  <graphicPath>Pawn/NotStupidEyes/Male_FixedEyes_Grey</graphicPath>
		  <graphicPathFemale>Pawn/NotStupidEyes/Female_FixedEyes_Grey</graphicPathFemale>
		</graphicData>
	  </GeneDef>

	  <GeneDef ParentName="guy762_GeneEyeColorFixed">
		<defName>guy762_FixedEyes_Red</defName>
		<label>red eyes (fixed)</label>
		<labelShortAdj>red-eyed</labelShortAdj>
		<description>Carriers of this gene have deeply red-pigmented eyes.\n\n[This version of the eye gene has been fixed to line up properly with bigger pawns]</description>
		<iconPath>UI/Icons/Genes/Gene_RedEyes</iconPath>
		<displayOrderInCategory>1762</displayOrderInCategory>
		<graphicData>
		  <graphicPath>Pawn/NotStupidEyes/Male_FixedEyes_Red</graphicPath>
		  <graphicPathFemale>Pawn/NotStupidEyes/Female_FixedEyes_Red</graphicPathFemale>
		</graphicData>
	  </GeneDef>
	  
	  <GeneDef ParentName="guy762_GeneEyeColorFixed">
		<defName>guy762_FixedEyes_Orange</defName>
		<label>orange eyes (fixed)</label>
		<labelShortAdj>orange-eyed</labelShortAdj>
		<description>Carriers of this gene have deeply orange-pigmented eyes.\n\n[This version of the eye gene has been fixed to line up properly with bigger pawns]</description>
		<iconPath>Things/UI/Orange</iconPath>
		<displayOrderInCategory>1763</displayOrderInCategory>
		<graphicData>
		  <graphicPath>Pawn/NotStupidEyes/Male_FixedEyes_Orange</graphicPath>
		  <graphicPathFemale>Pawn/NotStupidEyes/Female_FixedEyes_Orange</graphicPathFemale>
		</graphicData>
	  </GeneDef>
	  
	  <GeneDef ParentName="guy762_GeneEyeColorFixed">
		<defName>guy762_FixedEyes_Yellow</defName>
		<label>yellow eyes (fixed)</label>
		<labelShortAdj>yellow-eyed</labelShortAdj>
		<description>Carriers of this gene have deeply yellow-pigmented eyes.\n\n[This version of the eye gene has been fixed to line up properly with bigger pawns]</description>
		<iconPath>Things/UI/Yellow</iconPath>
		<displayOrderInCategory>1764</displayOrderInCategory>
		<graphicData>
		  <graphicPath>Pawn/NotStupidEyes/Male_FixedEyes_Yellow</graphicPath>
		  <graphicPathFemale>Pawn/NotStupidEyes/Female_FixedEyes_Yellow</graphicPathFemale>
		</graphicData>
	  </GeneDef>
	  
	  <GeneDef ParentName="guy762_GeneEyeColorFixed">
		<defName>guy762_FixedEyes_Green</defName>
		<label>green eyes (fixed)</label>
		<labelShortAdj>green-eyed</labelShortAdj>
		<description>Carriers of this gene have green-pigmented eyes.\n\n[This version of the eye gene has been fixed to line up properly with bigger pawns]</description>
		<iconPath>UI/Icons/Genes/Gene_GreenEyes</iconPath>
		<displayOrderInCategory>1765</displayOrderInCategory>
		<graphicData>
		  <graphicPath>Pawn/NotStupidEyes/Male_FixedEyes_Green</graphicPath>
		  <graphicPathFemale>Pawn/NotStupidEyes/Female_FixedEyes_Green</graphicPathFemale>
		</graphicData>
	  </GeneDef>
	  
	  <GeneDef ParentName="guy762_GeneEyeColorFixed">
		<defName>guy762_FixedEyes_Blue</defName>
		<label>blue eyes (fixed)</label>
		<labelShortAdj>blue-eyed</labelShortAdj>
		<description>Carriers of this gene have blue-pigmented eyes.\n\n[This version of the eye gene has been fixed to line up properly with bigger pawns]</description>
		<iconPath>UI/Icons/Genes/Gene_BlueEyes</iconPath>
		<displayOrderInCategory>1766</displayOrderInCategory>
		<graphicData>
		  <graphicPath>Pawn/NotStupidEyes/Male_FixedEyes_Blue</graphicPath>
		  <graphicPathFemale>Pawn/NotStupidEyes/Female_FixedEyes_Blue</graphicPathFemale>
		</graphicData>
	  </GeneDef>
	  
	  
	  
	  <GeneDef ParentName="guy762_GeneEyeColorFixed">
		<defName>guy762_FixedEyes_Big</defName>
		<label>big eyes (fixed)</label>
		<labelShortAdj>big-eyed</labelShortAdj>
		<description>Carriers of this gene have large, black eyes.\n\n[This version of the eye gene has been fixed to line up properly with bigger pawns]</description>
		<iconPath>UI/Icons/Genes/Gene_BigEyes</iconPath>
		<displayOrderInCategory>1768</displayOrderInCategory>
		<graphicData>
		  <graphicPath>Pawn/NotStupidEyes/BigEyes</graphicPath>
		</graphicData>
	  </GeneDef>
	  
	  
	  
	  
	  
	  
	  
	  
	  
	  
	  
	  
	  
	  
	  
	  
	  
	  
	  
	  
	  
	  
	  
	  
	  
	  <GeneDef ParentName="guy762_GeneEyeColorFixed">
		<defName>guy762_FixedEyes_BigRed</defName>
		<label>red big eyes (fixed)</label>
		<labelShortAdj>big-eyed</labelShortAdj>
		<description>Carriers of this gene have large, red eyes.\n\n[This version of the eye gene has been fixed to line up properly with bigger pawns]</description>
		<iconPath>UI/Icons/Genes/Gene_BigRedEyes</iconPath>
		<displayOrderInCategory>1769</displayOrderInCategory>
		<graphicData>
		  <graphicPath>Pawn/NotStupidEyes/BigEyes_Red</graphicPath>
		</graphicData>
	  </GeneDef>
	  
	  <GeneDef ParentName="guy762_GeneEyeColorFixed">
		<defName>guy762_FixedEyes_BigOrange</defName>
		<label>orange big eyes (fixed)</label>
		<labelShortAdj>big-eyed</labelShortAdj>
		<description>Carriers of this gene have large, orange eyes.\n\n[This version of the eye gene has been fixed to line up properly with bigger pawns]</description>
		<iconPath>UI/Icons/Genes/Gene_BigOrangeEyes</iconPath>
		<displayOrderInCategory>1770</displayOrderInCategory>
		<graphicData>
		  <graphicPath>Pawn/NotStupidEyes/BigEyes_Orange</graphicPath>
		</graphicData>
	  </GeneDef>
	  
	  <GeneDef ParentName="guy762_GeneEyeColorFixed">
		<defName>guy762_FixedEyes_BigYellow</defName>
		<label>yellow big eyes (fixed)</label>
		<labelShortAdj>big-eyed</labelShortAdj>
		<description>Carriers of this gene have large, yellow eyes.\n\n[This version of the eye gene has been fixed to line up properly with bigger pawns]</description>
		<iconPath>UI/Icons/Genes/Gene_BigYellowEyes</iconPath>
		<displayOrderInCategory>1771</displayOrderInCategory>
		<graphicData>
		  <graphicPath>Pawn/NotStupidEyes/BigEyes_Yellow</graphicPath>
		</graphicData>
	  </GeneDef>
	  
	  <GeneDef ParentName="guy762_GeneEyeColorFixed">
		<defName>guy762_FixedEyes_BigGreen</defName>
		<label>green big eyes (fixed)</label>
		<labelShortAdj>big-eyed</labelShortAdj>
		<description>Carriers of this gene have large, green eyes.\n\n[This version of the eye gene has been fixed to line up properly with bigger pawns]</description>
		<iconPath>UI/Icons/Genes/Gene_BigGreenEyes</iconPath>
		<displayOrderInCategory>1772</displayOrderInCategory>
		<graphicData>
		  <graphicPath>Pawn/NotStupidEyes/BigEyes_Green</graphicPath>
		</graphicData>
	  </GeneDef>
	  
	  <GeneDef ParentName="guy762_GeneEyeColorFixed">
		<defName>guy762_FixedEyes_BigBlue</defName>
		<label>blue big eyes (fixed)</label>
		<labelShortAdj>big-eyed</labelShortAdj>
		<description>Carriers of this gene have large, Blue eyes.\n\n[This version of the eye gene has been fixed to line up properly with bigger pawns]</description>
		<iconPath>UI/Icons/Genes/Gene_BigBlueEyes</iconPath>
		<displayOrderInCategory>1773</displayOrderInCategory>
		<graphicData>
		  <graphicPath>Pawn/NotStupidEyes/BigEyes_Blue</graphicPath>
		</graphicData>
	  </GeneDef>
	  
</Defs>