<Defs>
  

  <GeneDef Name="guy762_BodySizeGene_base" Abstract="True">
    <displayCategory>guy762_BodySize_Category</displayCategory>
    <exclusionTags>
      <li>BodySize</li>
    </exclusionTags>
    <biostatCpx>0</biostatCpx>
    <biostatMet>0</biostatMet>
    <selectionWeight>1</selectionWeight>
    <canGenerateInGeneSet>true</canGenerateInGeneSet>
    <endogeneCategory>BodyType</endogeneCategory>
    <!--customEffectDescriptions>
      <li>- Body Size General - -</li>
      <li>Dramatic effect on max nutrition.</li>
      <li>Very large effect on nutrition use.</li>
      <li>Alters Body Size attribute and associated traits</li>
      <li>Dramatically modifies health.</li>
      <li>Alters damage, a bit less than the linear increase.</li>
      <li>Large effect on Melee Dodge chance benefitting small characters.</li>
      <li>Very large effect on Self-"Production" from Alpha Genes and Biotech Expansion genes.</li>
    </customEffectDescriptions>
    <modExtensions>
			<li MayRequire="OskarPotocki.VanillaFactionsExpanded.Core" Class="VanillaGenesExpanded.GeneExtension">
				<backgroundPathEndogenes>GeneIcons/BS_BackEndogene</backgroundPathEndogenes>
				<backgroundPathXenogenes>GeneIcons/BS_BackXenogene</backgroundPathXenogenes>
			</li>
		</modExtensions-->
  </GeneDef>
  
  
  <GeneDef ParentName="guy762_BodySizeGene_base">
		<defName>guy762_BodySizeGene_smallest</defName>
		<label>Smallest Frame</label>
		<description>yoda size</description>
		<exclusionTags>
		  <li>BodySize</li>
		</exclusionTags>
		<iconPath>UI/Icons/Genes/Gene_BodySizeSmallest</iconPath>
		<displayOrderInCategory>762</displayOrderInCategory>
		<biostatCpx>1</biostatCpx>
		<biostatMet>3</biostatMet>
		<!--statFactors>
		  <MiningSpeed>0.75</MiningSpeed>
		  <ConstructionSpeed>0.75</ConstructionSpeed>
		</statFactors-->
		<statOffsets>
		  <SM_Cosmetic_BodySizeOffset>-0.7</SM_Cosmetic_BodySizeOffset>
		</statOffsets>
		<selectionWeight>0.0</selectionWeight>
		<!--marketValueFactor>1.0</marketValueFactor-->
	  </GeneDef>
	  
	  <GeneDef ParentName="guy762_BodySizeGene_base">
		<defName>guy762_BodySizeGene_smaller</defName>
		<label>Smaller Frame</label>
		<description>jawa size</description>
		<exclusionTags>
		  <li>BodySize</li>
		</exclusionTags>
		<iconPath>UI/Icons/Genes/Gene_BodySizeSmaller</iconPath>
		<displayOrderInCategory>763</displayOrderInCategory>
		<biostatCpx>1</biostatCpx>
		<biostatMet>2</biostatMet>
		<!--statFactors>
		  <MiningSpeed>0.75</MiningSpeed>
		  <ConstructionSpeed>0.75</ConstructionSpeed>
		</statFactors-->
		<statOffsets>
		  <SM_Cosmetic_BodySizeOffset>-0.5</SM_Cosmetic_BodySizeOffset>
		</statOffsets>
		<selectionWeight>0.0</selectionWeight>
		<!--marketValueFactor>1.0</marketValueFactor-->
	  </GeneDef>
	  
	  <GeneDef ParentName="guy762_BodySizeGene_base">
		<defName>guy762_BodySizeGene_small</defName>
		<label>Small Frame</label>
		<description>shorter-than-normal</description>
		<exclusionTags>
		  <li>BodySize</li>
		</exclusionTags>
		<iconPath>UI/Icons/Genes/Gene_BodySizeSmall</iconPath>
		<displayOrderInCategory>764</displayOrderInCategory>
		<biostatCpx>1</biostatCpx>
		<biostatMet>1</biostatMet>
		<!--statFactors>
		  <MiningSpeed>0.75</MiningSpeed>
		  <ConstructionSpeed>0.75</ConstructionSpeed>
		</statFactors-->
		<statOffsets>
		  <SM_Cosmetic_BodySizeOffset>-0.2</SM_Cosmetic_BodySizeOffset>
		</statOffsets>
		<selectionWeight>0.0</selectionWeight>
		<!--marketValueFactor>1.0</marketValueFactor-->
	  </GeneDef>
	  
	  <GeneDef ParentName="guy762_BodySizeGene_base">
		<defName>guy762_BodySizeGene_big</defName>
		<label>Big Frame</label>
		<description>taller-than-normal</description>
		<exclusionTags>
		  <li>BodySize</li>
		</exclusionTags>
		<iconPath>UI/Icons/Genes/Gene_BodySizeBig</iconPath>
		<displayOrderInCategory>765</displayOrderInCategory>
		<biostatCpx>1</biostatCpx>
		<biostatMet>-1</biostatMet>
		<!--statFactors>
		  <MiningSpeed>0.75</MiningSpeed>
		  <ConstructionSpeed>0.75</ConstructionSpeed>
		</statFactors-->
		<statOffsets>
		  <SM_Cosmetic_BodySizeOffset>0.2</SM_Cosmetic_BodySizeOffset>
		</statOffsets>
		<selectionWeight>0.0</selectionWeight>
		<!--marketValueFactor>1.0</marketValueFactor-->
	  </GeneDef>
	  
	  <GeneDef ParentName="guy762_BodySizeGene_base">
		<defName>guy762_BodySizeGene_bigger</defName>
		<label>Bigger Frame</label>
		<description>wookiee-size</description>
		<exclusionTags>
		  <li>BodySize</li>
		</exclusionTags>
		<iconPath>UI/Icons/Genes/Gene_BodySizeBigger</iconPath>
		<displayOrderInCategory>766</displayOrderInCategory>
		<biostatCpx>1</biostatCpx>
		<biostatMet>-2</biostatMet>
		<!--statFactors>
		  <MiningSpeed>0.75</MiningSpeed>
		  <ConstructionSpeed>0.75</ConstructionSpeed>
		</statFactors-->
		<statOffsets>
		  <SM_Cosmetic_BodySizeOffset>0.5</SM_Cosmetic_BodySizeOffset>
		</statOffsets>
		<selectionWeight>0.0</selectionWeight>
		<!--marketValueFactor>1.0</marketValueFactor-->
	  </GeneDef>
	  
	  <GeneDef ParentName="guy762_BodySizeGene_base">
		<defName>guy762_BodySizeGene_biggest</defName>
		<label>Biggest Frame</label>
		<description>massassi-size</description>
		<exclusionTags>
		  <li>BodySize</li>
		</exclusionTags>
		<iconPath>UI/Icons/Genes/Gene_BodySizeBiggest</iconPath>
		<displayOrderInCategory>767</displayOrderInCategory>
		<biostatCpx>1</biostatCpx>
		<biostatMet>-3</biostatMet>
		<!--statFactors>
		  <MiningSpeed>0.75</MiningSpeed>
		  <ConstructionSpeed>0.75</ConstructionSpeed>
		</statFactors-->
		<statOffsets>
		  <SM_Cosmetic_BodySizeOffset>0.7</SM_Cosmetic_BodySizeOffset>
		</statOffsets>
		<selectionWeight>0.0</selectionWeight>
		<!--marketValueFactor>1.0</marketValueFactor-->
	  </GeneDef>
  

  
</Defs>