<?xml version="1.0" encoding="utf-8" ?>
<Defs>

	  
	  
	  <GeneDef>
		<defName>guy762_FacialRidges_bumpy</defName>
		<label>bumpy facial ridges</label>
		<description>Carriers of this gene grow raised, bumpy ridges of skin on their face.</description>
		<iconPath>UI/Icons/Genes/Gene_FacialRidges</iconPath>
		<displayCategory>guy762_SWparts_Category</displayCategory>
		<iconColor>(0.75, 0.75, 0.75)</iconColor>
		<displayOrderInCategory>501</displayOrderInCategory>
		<biostatCpx>0</biostatCpx>
		<graphicData>
		  <graphicPaths>
			<li>Things/Pawn/Humanlike/HeadAttachments/FacialRidges/FacialRidgesB</li>
			<li>Things/Pawn/Humanlike/HeadAttachments/FacialRidges/FacialRidgesC</li>
		  </graphicPaths>
		  <visibleNorth>false</visibleNorth>
		  <layer>PostSkin</layer>
		  <colorType>Skin</colorType>
		  <colorRGBPostFactor>1</colorRGBPostFactor>
		  <narrowCrownHorizontalOffset>0.03</narrowCrownHorizontalOffset>
		  <drawOffset>(0, -0.002, 0)</drawOffset>
		</graphicData>
	  </GeneDef>
	  
	  <GeneDef>
		<defName>guy762_FacialRidges_broad</defName>
		<label>broad facial ridges</label>
		<description>Carriers of this gene grow raised, broad ridges of skin on their face.</description>
		<iconPath>UI/Icons/Genes/Gene_FacialRidges</iconPath>
		<displayCategory>guy762_SWparts_Category</displayCategory>
		<iconColor>(0.75, 0.75, 0.75)</iconColor>
		<displayOrderInCategory>502</displayOrderInCategory>
		<biostatCpx>0</biostatCpx>
		<graphicData>
		  <graphicPaths>
			<li>Things/Pawn/Humanlike/HeadAttachments/FacialRidges/FacialRidgesA</li>
		  </graphicPaths>
		  <visibleNorth>false</visibleNorth>
		  <layer>PostSkin</layer>
		  <colorType>Skin</colorType>
		  <colorRGBPostFactor>1</colorRGBPostFactor>
		  <narrowCrownHorizontalOffset>0.03</narrowCrownHorizontalOffset>
		  <drawOffset>(0, -0.002, 0)</drawOffset>
		</graphicData>
	  </GeneDef>
	  
	  
	  <GeneDef ParentName="GeneHeadboneBase">
		<defName>guy762_Headbone_nautolan</defName>
		<label>small head-tails</label>
		<description>Carriers of this gene grow many smaller head tails protruding from the back and sides of the head.</description>
		<displayOrderInCategory>761</displayOrderInCategory>
		<displayCategory>guy762_SWparts_Category</displayCategory>
		<iconPath>UI/Icons/Genes/Gene_HeadboneNautolan</iconPath>
		<graphicData>
		  <graphicPath>Pawn/HeadAttachments/feeorin/nautolan</graphicPath>
		  <colorType>Skin</colorType>
		  <layer>PostHeadgear</layer>
		  <useSkinShader>true</useSkinShader>
		  <!--drawOffsetEast>0.03</drawOffsetEast-->
		</graphicData>
	  </GeneDef>
	  
	  <GeneDef ParentName="GeneHeadboneBase">
		<defName>guy762_Headbone_twilek</defName>
		<label>head-tails</label>
		<description>Carriers of this gene grow two large head tails protruding from the back of the head.</description>
		<displayOrderInCategory>762</displayOrderInCategory>
		<displayCategory>guy762_SWparts_Category</displayCategory>
		<iconPath>UI/Icons/Genes/Gene_HeadboneTwilek</iconPath>
		<graphicData>
		  <graphicPath>Pawn/HeadAttachments/twilek/twilek</graphicPath>
		  <colorType>Skin</colorType>
		  <layer>PostHeadgear</layer>
		  <useSkinShader>true</useSkinShader>
		</graphicData>
	  </GeneDef>
	    
	  <GeneDef ParentName="GeneJawBase">
		<defName>guy762_Head_duros</defName>
		<label>big head</label>
		<description>Carriers of this gene have an enlarged forehead.</description>
		<displayOrderInCategory>763</displayOrderInCategory>
		<displayCategory>guy762_SWparts_Category</displayCategory>
		<iconPath>UI/Icons/Genes/Gene_Fivehead</iconPath>
		<forcedHeadTypes>
		  <li>Male_FiveheadNormal</li>
		  <li>Male_FiveheadPointy</li>
		  <li>Male_FiveheadWide</li>
		  <li>Female_FiveheadNormal</li>
		  <li>Female_FiveheadPointy</li>
		  <li>Female_FiveheadWide</li>
		</forcedHeadTypes>
	  </GeneDef>
	  
	  <GeneDef ParentName="GeneHeadboneBase">
		<defName>guy762_Headbone_rodian</defName>
		<label>antennae</label>
		<description>Carriers of this gene grow two antennae on their forehead.</description>
		<displayOrderInCategory>764</displayOrderInCategory>
		<displayCategory>guy762_SWparts_Category</displayCategory>
		<iconPath>UI/Icons/Genes/Gene_HeadboneRodian</iconPath>
		<graphicData>
		  <graphicPath>Pawn/HeadAttachments/rodian/rodian</graphicPath>
		  <colorType>Skin</colorType>
		  <layer>PostSkin</layer>
		  <useSkinShader>true</useSkinShader>
		  <drawNorthAfterHair>false</drawNorthAfterHair>
		  <drawIfFaceCovered>false</drawIfFaceCovered>
		</graphicData>
	  </GeneDef>
	  
	  <GeneDef ParentName="GeneEyeColor">
		<defName>guy762_Eyes_Big</defName>
		<label>big eyes</label>
		<labelShortAdj>big-eyed</labelShortAdj>
		<description>Carriers of this gene have large, black eyes.</description>
		<iconPath>UI/Icons/Genes/Gene_BigEyes</iconPath>
		<displayOrderInCategory>765</displayOrderInCategory>
		<displayCategory>guy762_SWparts_Category</displayCategory>
		<graphicData>
		  <drawScale>0.28</drawScale>
		  <graphicPath>Pawn/HeadAttachments/bigeyes/bigeyes</graphicPath>
		</graphicData>
	  </GeneDef>
	  
	  <GeneDef ParentName="GeneHeadboneBase">
		<defName>guy762_Hair_rodian</defName>
		<label>head spines</label>
		<description>Carriers of this gene grow flexible spines on their head.</description>
		<iconPath>UI/Icons/Genes/Gene_HeadSpines</iconPath>
		<displayOrderInCategory>766</displayOrderInCategory>
		<displayCategory>guy762_SWparts_Category</displayCategory>
		<exclusionTags Inherit="False"/>
		<graphicData>
		  <graphicPaths>
			<li>Pawn/HeadAttachments/rodian/mohawk</li>
		  </graphicPaths>
		  <layer>PostTattoo</layer>
		  <colorType>Skin</colorType>
		  <useSkinShader>true</useSkinShader>
		  <!--drawNorthAfterHair>true</drawNorthAfterHair>
		  <drawIfFaceCovered>false</drawIfFaceCovered-->
		</graphicData>
	  </GeneDef>
	  
	  <GeneDef ParentName="GeneBeardStyleBase">
		<defName>guy762_Beard_Chops</defName>
		<label>sideburns</label>
		<labelShortAdj>sideburns</labelShortAdj>
		<description>Carriers of this gene grow sideburns.</description>
		<iconPath>UI/Icons/Genes/Gene_BeardStyleSideburnsOnly</iconPath>
		<displayOrderInCategory>767</displayOrderInCategory>
		<displayCategory>guy762_SWparts_Category</displayCategory>
		<beardTagFilter>
		  <whitelist>true</whitelist>
		  <tags>
			<li>guy762Tag_Sideburns</li>
		  </tags>
		</beardTagFilter>
	  </GeneDef>
	  
	  <GeneDef>
        <defName>guy762_Face_jowlsBigHead</defName>
        <label>jowls and forehead crease</label>
        <description>Carriers of this gene have large, dog-like facial jowls and a forehead crease.</description>
        <iconPath>UI/Icons/Genes/Gene_BithJowls</iconPath>
        <displayCategory>guy762_SWparts_Category</displayCategory>
        <iconColor>(0.75, 0.75, 0.75)</iconColor>
        <displayOrderInCategory>768</displayOrderInCategory>
        <biostatCpx>0</biostatCpx>
        <graphicData>
            <graphicPaths>
                <li>Pawn/HeadAttachments/bith/Jowls2</li>
            </graphicPaths>
            <visibleNorth>false</visibleNorth>
            <layer>PostSkin</layer>
            <colorType>Skin</colorType>
            <colorRGBPostFactor>1</colorRGBPostFactor>
            <narrowCrownHorizontalOffset>0.03</narrowCrownHorizontalOffset>
			<!--drawSize>0.95</drawSize-->
        </graphicData>
		<prerequisite>guy762_Head_duros</prerequisite>
    </GeneDef>
	  
	  <GeneDef>
        <defName>guy762_Face_jowls</defName>
        <label>jowls</label>
        <description>Carriers of this gene have large, dog-like facial jowls.</description>
        <iconPath>UI/Icons/Genes/Gene_Jowls</iconPath>
        <displayCategory>guy762_SWparts_Category</displayCategory>
        <iconColor>(0.75, 0.75, 0.75)</iconColor>
        <displayOrderInCategory>769</displayOrderInCategory>
        <biostatCpx>0</biostatCpx>
        <graphicData>
            <graphicPaths>
                <li>Pawn/HeadAttachments/klatoonian/Jowls</li>
            </graphicPaths>
            <visibleNorth>false</visibleNorth>
            <layer>PostSkin</layer>
            <colorType>Skin</colorType>
            <colorRGBPostFactor>1</colorRGBPostFactor>
            <narrowCrownHorizontalOffset>0.03</narrowCrownHorizontalOffset>
			<!--drawSize>0.95</drawSize-->
        </graphicData>
		<prerequisite>Jaw_Heavy</prerequisite>
    </GeneDef>
	
	<GeneDef ParentName="GeneEarsBase">
		<defName>guy762_Ears_big</defName>
		<label>big ears</label>
		<description>Carriers of this gene will grow larger-than-usual ears.</description>
		<iconPath>UI/Icons/Genes/Gene_BigEar</iconPath>
		<displayCategory>guy762_SWparts_Category</displayCategory>
		<graphicData>
		  <graphicPath>Pawn/HeadAttachments/sullustan/BigEars</graphicPath>
		  <colorType>Skin</colorType>
		</graphicData>
	</GeneDef>
	
	<GeneDef ParentName="GeneEarsBase">
		<defName>guy762_Ears_BigCat</defName>
		<label>big cat ears</label>
		<description>Carriers of this gene have large, cat-like ears.</description>
		<iconPath>UI/Icons/Genes/Gene_EarCatBig</iconPath>
		<displayCategory>guy762_SWparts_Category</displayCategory>
		<graphicData>
		  <graphicPath>Pawn/HeadAttachments/zygerrian/BigCatEars</graphicPath>
		  <colorType>Skin</colorType>
		</graphicData>
		<symbolPack>
		  <prefixSymbols>
			<li><symbol>cat</symbol></li>
			<li><symbol>kitty</symbol></li>
			<li><symbol>kit</symbol></li>
			<li><symbol>tabby</symbol></li>
			<li><symbol>tom</symbol></li>
		  </prefixSymbols>
		  <suffixSymbols>
			<li><symbol>cat</symbol></li>
			<li><symbol>kitten</symbol></li>
			<li><symbol>tabby</symbol></li>
			<li><symbol>tom</symbol></li>
			<li><symbol>ear</symbol></li>
		  </suffixSymbols>
		</symbolPack>
	  </GeneDef>
	  
	  <GeneDef>
        <defName>guy762_Beard_chinspines</defName>
        <label>chin spines</label>
        <description>Carriers of this gene grow flexible spines on their chins.</description>
        <iconPath>UI/Icons/Genes/Gene_ChinSpines</iconPath>
        <displayCategory>guy762_SWparts_Category</displayCategory>
        <iconColor>(0.75, 0.75, 0.75)</iconColor>
        <displayOrderInCategory>770</displayOrderInCategory>
        <biostatCpx>0</biostatCpx>
        <graphicData>
            <graphicPaths>
                <li>Pawn/HeadAttachments/weequay/ChinSpines</li>
            </graphicPaths>
            <visibleNorth>false</visibleNorth>
            <layer>PostHair</layer>
            <color>(255, 255, 255)</color>
            <narrowCrownHorizontalOffset>0.03</narrowCrownHorizontalOffset>
        </graphicData>
    </GeneDef>
	
	<GeneDef ParentName="GeneJawBase">
		<defName>guy762_Head_rodian</defName>
		<label>tapered jaw</label>
		<description>Carriers of this gene have tapered, anteater-like mouths.</description>
		<displayOrderInCategory>771</displayOrderInCategory>
		<displayCategory>guy762_SWparts_Category</displayCategory>
		<iconPath>UI/Icons/Genes/Gene_JawRodian</iconPath>
		<forcedHeadTypes>
		  <li>Male_Rodian</li>
		  <li>Female_Rodian</li>
		</forcedHeadTypes>
	  </GeneDef>
	  
	  <GeneDef>
        <defName>guy762_Face_tusks</defName>
        <label>large tusks</label>
        <description>Carriers of this gene grow large tusks.</description>
        <iconPath>UI/Icons/Genes/Gene_Tusks</iconPath>
        <displayCategory>guy762_SWparts_Category</displayCategory>
		<iconColor>(0.75, 0.75, 0.75)</iconColor>
        <displayOrderInCategory>772</displayOrderInCategory>
        <biostatCpx>0</biostatCpx>
        <graphicData>
            <graphicPaths>
                <li>Pawn/HeadAttachments/gamorrean/tusks</li>
            </graphicPaths>
            <visibleNorth>false</visibleNorth>
            <layer>PostHair</layer>
            <color>(225, 225, 225)</color>
            <narrowCrownHorizontalOffset>0.03</narrowCrownHorizontalOffset>
        </graphicData>
    </GeneDef>
	
	<GeneDef>
        <defName>guy762_Beard_chintendril</defName>
        <label>chin tendrils</label>
        <description>Carriers of this gene grow two large tendrils on their chins.</description>
        <iconPath>UI/Icons/Genes/Gene_ChinTendril</iconPath>
        <displayCategory>guy762_SWparts_Category</displayCategory>
        <iconColor>(0.75, 0.75, 0.75)</iconColor>
        <displayOrderInCategory>773</displayOrderInCategory>
        <biostatCpx>0</biostatCpx>
        <graphicData>
            <graphicPaths>
                <li>Pawn/HeadAttachments/feeorin/chintendril</li>
            </graphicPaths>
            <visibleNorth>false</visibleNorth>
            <layer>PostSkin</layer>
            <colorType>Skin</colorType>
			<useSkinShader>true</useSkinShader>
            <narrowCrownHorizontalOffset>0.03</narrowCrownHorizontalOffset>
        </graphicData>
    </GeneDef>
	
	<GeneDef ParentName="GeneHeadboneBase">
		<defName>guy762_Headbone_BigHorns</defName>
		<label>big-horns</label>
		<description>Carriers of this gene grow two large horns protruding from the forehead.</description>
		<iconPath>UI/Icons/Genes/Gene_HeadboneBighorns</iconPath>
		<displayCategory>guy762_SWparts_Category</displayCategory>
		<graphicData>
		  <graphicPath>Pawn/HeadAttachments/devaronian/bighorns</graphicPath>
		  <color>(255, 255, 255)</color>
		  <layer>PostHeadgear</layer>
		</graphicData>
		<symbolPack>
		  <prefixSymbols>
			<li><symbol>horn</symbol></li>
			<li><symbol>knob</symbol></li>
			<li><symbol>spike</symbol></li>
			<li><symbol>devil</symbol></li>
			<li><symbol>demon</symbol></li>
			<li><symbol>luci</symbol></li>
			<li><symbol>beelze</symbol></li>
			<li><symbol>hell</symbol></li>
		  </prefixSymbols>
		  <suffixSymbols>
			<li><symbol>horn</symbol></li>
			<li><symbol>spike</symbol></li>
			<li><symbol>vil</symbol></li>
		  </suffixSymbols>
		</symbolPack>
	  </GeneDef>
	  
	  <GeneDef ParentName="GeneHeadboneBase">
		<defName>guy762_Headbone_togruta</defName>
		<label>montrals</label>
		<description>Carriers of this gene have large organic growths on their heads, including two rigid horns and three flexible head-tails.</description>
		<displayOrderInCategory>774</displayOrderInCategory>
		<displayCategory>guy762_SWparts_Category</displayCategory>
		<iconPath>UI/Icons/Genes/Gene_HeadboneTogruta</iconPath>
		<graphicData>
		  <graphicPath>Pawn/HeadAttachments/togruta/montrals</graphicPath>
		  <colorType>Hair</colorType>
		  <layer>PostSkin</layer>
		  <useSkinShader>true</useSkinShader>
		</graphicData>
	  </GeneDef>
	  
	  <GeneDef ParentName="GeneEarsBase">
		<defName>guy762_Ears_round</defName>
		<label>round ears</label>
		<description>Carriers of this gene will grow round, bear-like ears.</description>
		<iconPath>UI/Icons/Genes/Gene_EarRound</iconPath>
		<displayCategory>guy762_SWparts_Category</displayCategory>
		<graphicData>
		  <graphicPath>Pawn/HeadAttachments/ewok/RoundEars</graphicPath>
		  <colorType>Skin</colorType>
		</graphicData>
	</GeneDef>
	
	<GeneDef ParentName="GeneNoseBase">
		<defName>guy762_Nose_Snout</defName>
		<label>snout</label>
		<description>Carriers of this gene have an elongated, canine-like snout.</description>
		<iconPath>UI/Icons/Genes/Gene_Snout</iconPath>
		<displayCategory>guy762_SWparts_Category</displayCategory>
		<graphicData>
		  <graphicPath>Pawn/HeadAttachments/bothan/snout</graphicPath>
		  <narrowCrownHorizontalOffset>-0.01</narrowCrownHorizontalOffset>
		  <useSkinShader>true</useSkinShader>
		  <layer>PostHeadgear</layer>
		</graphicData>
		<displayOrderInCategory>775</displayOrderInCategory>
	  </GeneDef>
	  
	  <GeneDef MayRequire="OskarPotocki.VanillaFactionsExpanded.Core">
		<defName>guy762_Furskin_shortfur</defName>
		<label>short furskin</label>
		<labelShortAdj>furskinned</labelShortAdj>
		<description>Carriers of this gene grow thin fur all over their body, which protects them from cold temperatures. This is otherwise identical to regular furskin, save for the fact it uses the pawn's "skin" color instead.</description>
		<biostatCpx>1</biostatCpx>
		<biostatMet>-1</biostatMet>
		<displayOrderInCategory>776</displayOrderInCategory>
		<displayCategory>guy762_SWparts_Category</displayCategory>
		<iconPath>UI/Icons/Genes/Gene_Furskin</iconPath>
		<iconColor>(255,255,255)</iconColor>
		<!--skinColorOverride>(165,180,190)</skinColorOverride-->
		<forcedHeadTypes>
		  <li>guy762_shortFurskin_Average1</li>
		  <li>guy762_shortFurskin_Average2</li>
		  <li>guy762_shortFurskin_Average3</li>
		  <li>guy762_shortFurskin_Narrow1</li>
		  <li>guy762_shortFurskin_Narrow2</li>
		  <li>guy762_shortFurskin_Narrow3</li>
		  <li>guy762_shortFurskin_Heavy1</li>
		  <li>guy762_shortFurskin_Heavy2</li>
		  <li>guy762_shortFurskin_Heavy3</li>
		  <li>guy762_shortFurskin_Gaunt</li>
		</forcedHeadTypes>
		<beardTagFilter>
		  <whitelist>true</whitelist>
		  <tags>
			<li>BeardLong</li>
			<li>Furskin</li>
		  </tags>
		</beardTagFilter>
		<exclusionTags>
		  <li>HairStyle</li>
		  <li>Fur</li>
		  <li>BeardStyle</li>
		</exclusionTags>
		<statOffsets>
		  <ComfyTemperatureMin>-10</ComfyTemperatureMin>
		</statOffsets>
		<missingGeneRomanceChanceFactor>0.2</missingGeneRomanceChanceFactor>
		<graphicData>
		  <fur>Furskin</fur>
		  <colorType>Custom</colorType>
		  <skinIsHairColor>false</skinIsHairColor>
		  <tattoosVisible>false</tattoosVisible>
		</graphicData>
		<modExtensions>
			<li Class="VanillaGenesExpanded.GeneExtension">
                <useSkinColorForFur>true</useSkinColorForFur>
            </li>
		</modExtensions>
	  </GeneDef>
	  
	  <GeneDef ParentName="GeneHeadboneBase">
		<defName>guy762_Headbone_trandoshan</defName>
		<label>ridged crown</label>
		<description>Carriers of this gene have ridged crowns on their heads.</description>
		<displayOrderInCategory>777</displayOrderInCategory>
		<displayCategory>guy762_SWparts_Category</displayCategory>
		<iconPath>UI/Icons/Genes/Gene_HeadboneTrandoshan</iconPath>
		<graphicData>
		  <graphicPath>Pawn/HeadAttachments/trandoshan/ridgedcrown</graphicPath>
		  <colorType>Skin</colorType>
		  <layer>PostSkin</layer>
		  <useSkinShader>true</useSkinShader>
		</graphicData>
	  </GeneDef>
	  
	  <!--GeneDef ParentName="GeneNoseBase">
		<defName>guy762_Nose_lizard</defName>
		<label>lizard mouth</label>
		<description>Carriers of this gene have large, lizard-like mouths.</description>
		<iconPath>UI/Icons/Genes/Gene_JawTrandoshan</iconPath>
		<graphicData>
		  <graphicPath>Pawn/HeadAttachments/trandoshan/lizardmouth</graphicPath>
		  <narrowCrownHorizontalOffset>0.03</narrowCrownHorizontalOffset>
		  <useSkinShader>true</useSkinShader>
		  <layer>PostSkin</layer>
		</graphicData>
		<displayOrderInCategory>778</displayOrderInCategory>
	  </GeneDef-->
	  
	  <GeneDef ParentName="GeneJawBase">
		<defName>guy762_Head_trandoshan</defName>
		<label>lizard jaw</label>
		<description>Carriers of this gene have large, lizard-like mouths.</description>
		<displayOrderInCategory>778</displayOrderInCategory>
		<displayCategory>guy762_SWparts_Category</displayCategory>
		<iconPath>UI/Icons/Genes/Gene_JawTrandoshan</iconPath>
		<forcedHeadTypes>
		  <li>Male_Trandoshan</li>
		  <li>Female_Trandoshan</li>
		</forcedHeadTypes>
	  </GeneDef>
	  
	  <GeneDef ParentName="GeneNoseBase">
		<defName>guy762_Nose_SmallPig</defName>
		<label>small pig nose</label>
		<description>Carriers of this gene have smaller, pig-like noses</description>
		<iconPath>UI/Icons/Genes/Gene_NosePigSmall</iconPath>
		<displayCategory>guy762_SWparts_Category</displayCategory>
		<graphicData>
		  <graphicPath>Pawn/HeadAttachments/klatoonian/SmallPigNose</graphicPath>
		  <narrowCrownHorizontalOffset>0.03</narrowCrownHorizontalOffset>
		  <useSkinShader>true</useSkinShader>
		  <layer>PostSkin</layer>
		</graphicData>
		<missingGeneRomanceChanceFactor>0.2</missingGeneRomanceChanceFactor>
		<displayOrderInCategory>779</displayOrderInCategory>
	  </GeneDef>
	  
	  <GeneDef>
		<defName>guy762_statgene_senses</defName>
		<label>heightened senses</label>
		<description>Carriers of this gene have hyper-tuned sight and hearing, but as a result are extremely vulnerable to sonic attacks.</description>
		<iconPath>UI/Icons/Genes/Gene_EarHuman</iconPath>
		<displayOrderInCategory>780</displayOrderInCategory>
		<displayCategory>guy762_SWparts_Category</displayCategory>
		<biostatCpx>1</biostatCpx>
		<biostatMet>-1</biostatMet>
		<capMods>
		  <li>
			<capacity>Sight</capacity>
			<postFactor>1.25</postFactor>
		  </li>
		  <li>
			<capacity>Hearing</capacity>
			<postFactor>1.25</postFactor>
		  </li>
		</capMods>
		<damageFactors>
		  <guy762_RangedDamage_sonic MayRequire="guy762.KotORWeapons">2</guy762_RangedDamage_sonic>
		  <guy762_GrenadeDamage_sonic MayRequire="guy762.KotORWeapons">2</guy762_GrenadeDamage_sonic>
		  <Thump>2</Thump>
		</damageFactors>
	  </GeneDef>
	  
	  <GeneDef ParentName="GeneJawBase">
		<defName>guy762_Head_quarren</defName>
		<label>oval head</label>
		<description>Carriers of this gene have an enlarged, egg-shaped forehead.</description>
		<displayOrderInCategory>781</displayOrderInCategory>
		<displayCategory>guy762_SWparts_Category</displayCategory>
		<iconPath>UI/Icons/Genes/Gene_Egghead</iconPath>
		<forcedHeadTypes>
		  <li>Male_Egghead</li>
		  <li>Female_Egghead</li>
		</forcedHeadTypes>
	  </GeneDef>
	  
	  <GeneDef ParentName="GeneEarsBase">
		<defName>guy762_Ears_fin</defName>
		<label>fin ears</label>
		<description>Carriers of this gene will grow large, pointed, fin-like ears.</description>
		<displayOrderInCategory>782</displayOrderInCategory>
		<displayCategory>guy762_SWparts_Category</displayCategory>
		<iconPath>UI/Icons/Genes/Gene_EarFin</iconPath>
		<graphicData>
		  <graphicPath>Pawn/HeadAttachments/quarren/earfins</graphicPath>
		  <colorType>Skin</colorType>
		  <layer>PostSkin</layer>
		  <drawNorthAfterHair>false</drawNorthAfterHair>
		</graphicData>
	</GeneDef>
	
	<GeneDef>
        <defName>guy762_Beard_squidmouth</defName>
        <label>tentacle mouth</label>
        <description>Carriers of this gene grow facial tentacles and large tusks.</description>
        <iconPath>UI/Icons/Genes/Gene_SquidMouth</iconPath>
        <displayCategory>guy762_SWparts_Category</displayCategory>
        <displayOrderInCategory>783</displayOrderInCategory>
        <biostatCpx>0</biostatCpx>
        <graphicData>
            <graphicPaths>
                <li>Pawn/HeadAttachments/quarren/squidmouth</li>
            </graphicPaths>
            <visibleNorth>true</visibleNorth>
            <layer>PostSkin</layer>
            <colorType>Skin</colorType>
			<useSkinShader>true</useSkinShader>
            <narrowCrownHorizontalOffset>0.03</narrowCrownHorizontalOffset>
        </graphicData>
    </GeneDef>
	
	<GeneDef>
		<defName>guy762_AbilityGene_inkspray</defName>
		<label>ink spray</label>
		<description>Carriers grow glands in the neck that generate and store a sticky ink substance. They can spew this ink over an area, where it will stick to enemies and blind them.</description>
		<iconPath>UI/Icons/Genes/Gene_InkSpray</iconPath>
		<displayCategory>guy762_SWparts_Category</displayCategory>
		<marketValueFactor>1.5</marketValueFactor>
		<abilities>
		  <li>guy762_GeneAbility_ink</li>
		</abilities>
		<descriptionHyperlinks>
		  <AbilityDef>guy762_GeneAbility_ink</AbilityDef>
		</descriptionHyperlinks>
		<biostatMet>-1</biostatMet>
	  </GeneDef>
	  
	  
	  
	  
	  <GeneDef ParentName="GeneJawBase">
		<defName>guy762_Head_hutt</defName>
		<label>fat head</label>
		<description>Carriers of this gene have enlarged, widened jaws.</description>
		<displayOrderInCategory>784</displayOrderInCategory>
		<displayCategory>guy762_SWparts_Category</displayCategory>
		<iconPath>UI/Icons/Genes/Gene_Fathead</iconPath>
		<iconColor>(0.75, 0.75, 0.75)</iconColor>
		<forcedHeadTypes>
		  <li>Male_Fathead</li>
		  <li>Female_Fathead</li>
		</forcedHeadTypes>
		<modExtensions>
			<li Class="BetterPrerequisites.GeneExtension">
				<headPosMultiplier>0.35</headPosMultiplier>
			</li>
		</modExtensions>
	  </GeneDef>
	  
	  <GeneDef ParentName="GeneTailBase">
		<defName>guy762_Tail_hutt</defName>
		<label>slug tail</label>
		<description>Carriers of this gene grow huge, bulbous tails in place of legs. They aren't very dexterous.</description>
		<iconPath>UI/Icons/Genes/Gene_TailFat</iconPath>
		<iconColor>(0.75, 0.75, 0.75)</iconColor>
		<displayOrderInCategory>785</displayOrderInCategory>
		<displayCategory>guy762_SWparts_Category</displayCategory>
		<!--capMods>
		  <li>
            <capacity>Moving</capacity>
            <offset>-0.7</offset>
          </li>
		</capMods-->
		<statOffsets>
		  <MoveSpeed>-0.7</MoveSpeed>
		</statOffsets>
		<biostatCpx>1</biostatCpx>
		<biostatMet>2</biostatMet>
		<graphicData>
		  <graphicPaths>
			<li>Pawn/BodyAttachments/hutt/bp_fat</li>
			<!--li>Pawn/BodyAttachments/hutt/bp_hulk</li-->
		  </graphicPaths>
		  <colorType>Skin</colorType>
		  <drawOffsetNorth>(0, 0.1, -0.75)</drawOffsetNorth>
		  <drawOffsetSouth>(0, 0, 0)</drawOffsetSouth>
		  <drawOffsetEast>(-0.5, 0.1, -0.05)</drawOffsetEast>
		</graphicData>
		
		<prerequisite>Body_Fat</prerequisite>
		
		<!--modExtensions MayRequire="RedMattis.LamiasAndOtherSnakes">
			<li Class="BetterPrerequisites.GeneExtension">
				<applyBodyHediff>
					<li>
						<hediff MayRequire="OskarPotocki.VanillaFactionsExpanded.Core">BS_Slither</hediff>
					</li>
				</applyBodyHediff>
				<applyPartHediff>
					<li>
						<hediff>LS_SnakeTail</hediff>
						<bodyparts>
							<li>Leg</li>
							<li>Leg</li>
							<li MayRequire="erdelf.HumanoidAlienRaces">BS_SnakeBody</li>
						</bodyparts>
					</li>
				</applyPartHediff>
				<thingDefSwap MayRequire="erdelf.HumanoidAlienRaces">BS_Naga</thingDefSwap>
				<forceThingDefSwap>false</forceThingDefSwap>
				<bodyPosOffset>0.5</bodyPosOffset>
			</li>
		</modExtensions-->
	  </GeneDef>
	  
	  <GeneDef>
        <defName>guy762_Beard_facespines</defName>
        <label>facial spines</label>
        <description>Carriers of this gene grow pointy spines on their face.</description>
        <iconPath>UI/Icons/Genes/Gene_FaceSpines</iconPath>
        <displayCategory>guy762_SWparts_Category</displayCategory>
        <iconColor>(0.75, 0.75, 0.75)</iconColor>
        <displayOrderInCategory>786</displayOrderInCategory>
        <biostatCpx>0</biostatCpx>
        <graphicData>
            <graphicPaths>
                <li>Pawn/HeadAttachments/nikto/facespines</li>
            </graphicPaths>
            <visibleNorth>false</visibleNorth>
            <layer>PostSkin</layer>
            <colorType>Skin</colorType>
			<useSkinShader>true</useSkinShader>
            <narrowCrownHorizontalOffset>0.035</narrowCrownHorizontalOffset>
        </graphicData>
    </GeneDef>
	
	<GeneDef ParentName="GeneEyeColor">
		<defName>guy762_Eyes_FourBig</defName>
		<label>four eyes</label>
		<labelShortAdj>four-eyed</labelShortAdj>
		<description>Carriers of this gene have two sets of large, black eyes.</description>
		<iconPath>UI/Icons/Genes/Gene_FourEyes</iconPath>
		<displayOrderInCategory>787</displayOrderInCategory>
		<displayCategory>guy762_SWparts_Category</displayCategory>
		<graphicData>
		  <drawScale>0.28</drawScale>
		  <graphicPath>Pawn/HeadAttachments/foureyes/foureyes</graphicPath>
		</graphicData>
	  </GeneDef>
	  
	  <GeneDef>
        <defName>guy762_Beard_hugetusks</defName>
        <label>huge tusks</label>
        <description>Carriers of this gene grow two huge tusks.</description>
        <iconPath>UI/Icons/Genes/Gene_HugeTusks</iconPath>
        <displayCategory>guy762_SWparts_Category</displayCategory>
        <displayOrderInCategory>788</displayOrderInCategory>
		<iconColor>(0.75, 0.75, 0.75)</iconColor>
        <biostatCpx>0</biostatCpx>
        <graphicData>
            <graphicPaths>
                <li>Pawn/HeadAttachments/aqualish/HugeTusks</li>
            </graphicPaths>
            <visibleNorth>false</visibleNorth>
            <layer>PostHair</layer>
            <colorType>Skin</colorType>
			<useSkinShader>true</useSkinShader>
            <narrowCrownHorizontalOffset>0.03</narrowCrownHorizontalOffset>
        </graphicData>
    </GeneDef>
	
	<GeneDef ParentName="GeneNoseBase">
		<defName>guy762_Nose_Dog</defName>
		<label>dog-like nose</label>
		<description>Carriers of this gene have smaller, dog-like noses</description>
		<iconPath>UI/Icons/Genes/Gene_NoseDog</iconPath>
		<displayCategory>guy762_SWparts_Category</displayCategory>
		<graphicData>
		  <graphicPath>Pawn/HeadAttachments/klatoonian/DogNose</graphicPath>
		  <narrowCrownHorizontalOffset>0.03</narrowCrownHorizontalOffset>
		  <useSkinShader>true</useSkinShader>
		  <layer>PostTattoo</layer>
		</graphicData>
		<missingGeneRomanceChanceFactor>0.2</missingGeneRomanceChanceFactor>
		<displayOrderInCategory>789</displayOrderInCategory>
	  </GeneDef>
	  
	  <GeneDef>
		<defName>guy762_Brow_Ridged</defName>
		<label>ridged brow</label>
		<description>Carriers of this gene have a spiny, ridged brow.</description>
		<biostatCpx>0</biostatCpx>
		<displayCategory>guy762_SWparts_Category</displayCategory>
		<iconPath>UI/Icons/Genes/Gene_RidgedBrow</iconPath>
		<displayOrderInCategory>790</displayOrderInCategory>
		<iconColor>(0.75, 0.75, 0.75)</iconColor>
		<graphicData>
		  <useSkinShader>true</useSkinShader>
		  <graphicPath>Pawn/HeadAttachments/mimbanese/RidgedBrow</graphicPath>
		  <visibleNorth>false</visibleNorth>
		  <layer>PostTattoo</layer>
		  <colorType>Skin</colorType>
		  <drawOffset>(0, -0.002, 0)</drawOffset>
		</graphicData>
	  </GeneDef>
	  
	  <GeneDef ParentName="GeneJawBase">
		<defName>guy762_Head_kubaz</defName>
		<label>long tapered jaw</label>
		<description>Carriers of this gene have long, tapered, anteater-like mouths.</description>
		<displayOrderInCategory>791</displayOrderInCategory>
		<displayCategory>guy762_SWparts_Category</displayCategory>
		<iconPath>UI/Icons/Genes/Gene_JawKubaz</iconPath>
		<forcedHeadTypes>
		  <li>Male_Kubaz</li>
		  <li>Female_Kubaz</li>
		</forcedHeadTypes>
	  </GeneDef>
	  
	  <GeneDef ParentName="GeneJawBase">
		<defName>guy762_Head_wookiee</defName>
		<label>shaggy furskin</label>
		<labelShortAdj>shaggy</labelShortAdj>
		<description>Carriers of this gene have long, shaggy fur.</description>
		<displayOrderInCategory>792</displayOrderInCategory>
		<displayCategory>guy762_SWparts_Category</displayCategory>
		<iconPath>UI/Icons/Genes/Gene_ShaggyFur</iconPath>
		<prerequisite>Furskin</prerequisite>
		<forcedHeadTypes>
		  <li>Wookiee_Average1</li>
		  <li>Wookiee_Average2</li>
		  <li>Wookiee_Average3</li>
		</forcedHeadTypes>
	  </GeneDef>
	  
	  <GeneDef ParentName="GeneJawBase">
		<defName>guy762_Head_anzellan</defName>
		<label>extra-wide head</label>
		<description>Carriers of this gene have very wide heads.</description>
		<displayOrderInCategory>793</displayOrderInCategory>
		<displayCategory>guy762_SWparts_Category</displayCategory>
		<iconPath>UI/Icons/Genes/Gene_WideHead</iconPath>
		<forcedHeadTypes>
		  <li>Male_ExtraWideHead</li>
		  <li>Female_ExtraWideHead</li>
		</forcedHeadTypes>
	  </GeneDef>
	  
	  <GeneDef>
		<defName>guy762_statgene_predator</defName>
		<label>predator instincts</label>
		<description>Carriers of this gene are evolved from predator species. They have a natural affinity for hunting, and grow claws to boot.</description>
		<iconPath>UI/Icons/Genes/Gene_Predator</iconPath>
		<displayOrderInCategory>794</displayOrderInCategory>
		<displayCategory>guy762_SWparts_Category</displayCategory>
		<biostatCpx>1</biostatCpx>
		<biostatMet>-1</biostatMet>
		<statOffsets>
		  <HuntingStealth>0.2</HuntingStealth>
		</statOffsets>
		<geneClass>BetterPrerequisites.PGene</geneClass>
		<selectionWeight>0</selectionWeight>
		 <modExtensions>
			<li Class="BetterPrerequisites.GeneExtension">
				<applyPartHediff>
					<li>
						<hediff>guy762_GeneHediff_claws</hediff>
						<bodyparts>
						  <!--So it can add up to 6 sets of talons.-->
						  <li>Hand</li>
						  <li>Hand</li>
						  <li>Hand</li>
						  <li>Hand</li>
						  <li>Hand</li>
						  <li>Hand</li>
						</bodyparts>
					</li>
				</applyPartHediff>
			</li>
		</modExtensions>
	  </GeneDef>
	  <HediffDef>
		<defName>guy762_GeneHediff_claws</defName>
		<label>claws</label>
		<description>Sharp claws for scratching and slashing.</description>
		<hediffClass>HediffWithComps</hediffClass>
		<scenarioCanAdd>false</scenarioCanAdd>
		<maxSeverity>1.0</maxSeverity>
		<isBad>false</isBad>
		<comps>
			<li Class="HediffCompProperties_VerbGiver">
				<tools>
					<li>
						<label>claws</label>
						<capacities>
							<li>Scratch</li>
						</capacities>
						<power>9</power>
						<cooldownTime>2.2</cooldownTime>
					</li>
				</tools>
			</li>
		</comps>
		<addedPartProps>
			<betterThanNatural>false</betterThanNatural>
		</addedPartProps>
	</HediffDef>
	
	
	<GeneDef MayRequire="VanillaExpanded.VPsycastsE">
		<defName>guy762_statgene_force</defName>
		<label>natural force-user</label>
		<description>Carriers of this gene have evolved a natural ability to use the force.</description>
		<iconPath>UI/Icons/Genes/Gene_ForceNatural</iconPath>
		<displayOrderInCategory>700</displayOrderInCategory>
		<displayCategory>guy762_SWparts_Category</displayCategory>
		<biostatCpx>10</biostatCpx>
		<biostatArc>3</biostatArc>
		<geneClass>BetterPrerequisites.PGene</geneClass>
		<selectionWeight>0</selectionWeight>
		 <modExtensions>
			<li Class="BetterPrerequisites.GeneExtension">
				<applyPartHediff>
					<li>
						<hediff>VPE_PsycastAbilityImplant</hediff>
						<bodyparts>
						  <li>Brain</li>
						</bodyparts>
					</li>
					<li>
						<hediff>PsychicAmplifier</hediff>
						<bodyparts>
						  <li>Brain</li>
						</bodyparts>
					</li>
				</applyPartHediff>
			</li>
		</modExtensions>
	  </GeneDef>
	  
	  
	  
	  
	  

	
	
 
  





</Defs>