<?xml version="1.0" encoding="utf-8" ?>
<Defs>

  <StatDef>
    <defName>MeleeWeapon_DeflectionChance</defName>
    <workerClass>CompDeflector.StatWorker_DeflectionChance</workerClass>
    <label>deflection chance</label>
    <description>Chance to deflect ranged projectiles with melee weapon.</description>
    <category>PawnCombat</category>
    <defaultBaseValue>0</defaultBaseValue>
    <minValue>0</minValue>
    <maxValue>1</maxValue>
    <toStringStyle>PercentZero</toStringStyle>
    <displayPriorityInCategory>10</displayPriorityInCategory>
    <forInformationOnly>true</forInformationOnly>
  </StatDef>

</Defs>