﻿<?xml version="1.0" encoding="UTF-8"?>
<Defs>

  <HediffDef>
    <defName>guy762_stimulant_dex</defName>
    <description>A chemical boost of the user's dexterity.</description>
    <label>adrenal alacrity</label>
	<hediffClass>HediffWithComps</hediffClass>
    <maxSeverity>1.0</maxSeverity>
    <stages>
      <li>
        <statOffsets>
			<MoveSpeed>0.3</MoveSpeed>
			<MeleeDodgeChance>0.3</MeleeDodgeChance>
		</statOffsets>
		<!--capMods>
            <li>
              <capacity>Moving</capacity>
              <offset>0.2</offset>
            </li>
			<li>
				<capacity>Manipulation</capacity>
				<offset>0.2</offset>
			  </li>
          </capMods-->
      </li>
    </stages>
    <comps>
      <!--2,500 ticks per hour in game-->
      <li Class="HediffCompProperties_Disappears">
        <disappearsAfterTicks>5000</disappearsAfterTicks>
      </li>
    </comps>
  </HediffDef>
  
  <ThingDef ParentName="MakeableDrugPillBase">
    <defName>guy762_stim_dex</defName>
    <label>adrenal alacrity</label>
    <description>A shot of this enhancer provides a temporary boost in the dexterity of the user. The effect wears off after a short time, and side effects are considered minimal. They cannot be used by droids.</description>
	<possessionCount>3</possessionCount>
    <graphicData>
      <texPath>Items/Stimulants/stim_yellow</texPath>
      <graphicClass>Graphic_StackCount</graphicClass>
    </graphicData>
    <socialPropernessMatters>false</socialPropernessMatters>
    <rotatable>false</rotatable>
    <statBases>
      <MarketValue>50</MarketValue>
	  <WorkToMake>1000</WorkToMake>
      <Mass>0.01</Mass>
      <Flammability>0.5</Flammability>
    </statBases>
	<stackLimit>25</stackLimit>
    <techLevel>Spacer</techLevel>
    <ingestible>
      <drugCategory>Hard</drugCategory>
      <baseIngestTicks>10</baseIngestTicks>
	  <ingestSound>kotorsound_inject</ingestSound>
	  <outcomeDoers>
        <li Class="IngestionOutcomeDoer_GiveHediff">
          <hediffDef>guy762_stimulant_dex</hediffDef>
          <severity>1.0</severity>
        </li>
      </outcomeDoers>
    </ingestible>
	<tradeTags>
      <li>guy762TT_KotORDrugs</li>
    </tradeTags>
    <recipeMaker>
      <researchPrerequisite>PenoxycylineProduction</researchPrerequisite>
      <recipeUsers>
        <li>DrugLab</li>
		<li MayRequire ="MG.KnightsOfTheOuterRim">kotor_DrugLab</li>
      </recipeUsers>
    </recipeMaker>
    <costList>
      <Neutroamine>1</Neutroamine>
    </costList>
    <comps>
      <li Class="CompProperties_Drug">
        <listOrder>1766</listOrder>
		<chemical>guy762_chemical_dexstim</chemical>
		<isCombatEnhancingDrug>true</isCombatEnhancingDrug>
		<addictiveness>0</addictiveness>
		<needLevelOffset>0.1</needLevelOffset>
        <existingAddictionSeverityOffset>0.10</existingAddictionSeverityOffset>
      </li>
    </comps>
    <orderedTakeGroup>Drug</orderedTakeGroup>
  </ThingDef>
  
  
  
  
  
  
  
  <HediffDef>
    <defName>guy762_stimulant_hyperdex</defName>
    <description>A chemical boost of the user's dexterity.</description>
    <label>hyper-adrenal alacrity</label>
	<hediffClass>HediffWithComps</hediffClass>
    <maxSeverity>1.0</maxSeverity>
    <stages>
      <li>
        <statOffsets>
			<MoveSpeed>0.6</MoveSpeed>
			<MeleeDodgeChance>0.6</MeleeDodgeChance>
		</statOffsets>
		<!--capMods>
            <li>
              <capacity>Moving</capacity>
              <offset>0.4</offset>
            </li>
			<li>
				<capacity>Manipulation</capacity>
				<offset>0.4</offset>
			  </li>
          </capMods-->
      </li>
    </stages>
    <comps>
      <!--2,500 ticks per hour in game-->
      <li Class="HediffCompProperties_Disappears">
        <disappearsAfterTicks>5000</disappearsAfterTicks>
      </li>
    </comps>
  </HediffDef>
  
  <ThingDef ParentName="DrugPillBase">
    <defName>guy762_stim_hyperdex</defName>
    <label>hyper-adrenal alacrity</label>
    <description>This model of alacrity stim uses a very powerful mixture of chemicals to produce an incredible increase in the dexterity of the user. The effect wears off after a short time. They cannot be used by droids.</description>
	<possessionCount>3</possessionCount>
    <graphicData>
      <texPath>Items/Stimulants/hyperstim_yellow</texPath>
      <graphicClass>Graphic_StackCount</graphicClass>
    </graphicData>
	<descriptionHyperlinks>
		<HediffDef>guy762_drugtolerance_dexstim</HediffDef>
		<HediffDef>guy762_addiction_dexstim</HediffDef>
		<HediffDef>ChemicalDamageSevere</HediffDef>
	</descriptionHyperlinks>
    <socialPropernessMatters>false</socialPropernessMatters>
    <rotatable>false</rotatable>
    <statBases>
      <MarketValue>100</MarketValue>
	  <WorkToMake>2000</WorkToMake>
      <Mass>0.01</Mass>
      <Flammability>0.5</Flammability>
    </statBases>
	<stackLimit>25</stackLimit>
    <techLevel>Spacer</techLevel>
    <ingestible>
      <drugCategory>Hard</drugCategory>
      <baseIngestTicks>10</baseIngestTicks>
	  <ingestSound>kotorsound_inject</ingestSound>
	  <outcomeDoers>
        <li Class="IngestionOutcomeDoer_GiveHediff">
          <hediffDef>guy762_stimulant_hyperdex</hediffDef>
          <severity>1.0</severity>
        </li>
      </outcomeDoers>
    </ingestible>
	<tradeTags>
      <li>guy762TT_KotORDrugs</li>
    </tradeTags>
    <comps>
      <li Class="CompProperties_Drug">
        <listOrder>1769</listOrder>
		<chemical>guy762_chemical_dexstim</chemical>
        <isCombatEnhancingDrug>true</isCombatEnhancingDrug>
		<addictiveness>0.01</addictiveness>
		<needLevelOffset>0.9</needLevelOffset>
		<minToleranceToAddict>0.5</minToleranceToAddict>
        <existingAddictionSeverityOffset>0.20</existingAddictionSeverityOffset>
        <overdoseSeverityOffset>0.08~0.14</overdoseSeverityOffset>
      </li>
    </comps>
    <orderedTakeGroup>Drug</orderedTakeGroup>
  </ThingDef>
  
  
  
  
  
  
  
  
  
  
  
  
  
  
  
  
  
  
  
  
  
  
  
  
  
  
  
  
  
  
  
  
  
  
  
  
  
  
  
  
  
  <!-- dex stim addiction -->

  <ChemicalDef>
    <defName>guy762_chemical_dexstim</defName>
    <label>adrenal alacrity</label>
    <addictionHediff>guy762_addiction_dexstim</addictionHediff>
	<toleranceHediff>guy762_drugtolerance_dexstim</toleranceHediff>
	<onGeneratedAddictedToleranceChance>0.8</onGeneratedAddictedToleranceChance>
	<onGeneratedAddictedEvents>
      <li>
        <hediff>ChemicalDamageSevere</hediff>
        <chance>0.05</chance>
        <partsToAffect>
          <li>Heart</li>
        </partsToAffect>
      </li>
    </onGeneratedAddictedEvents>
    <geneOverdoseChanceFactorResist>0.5</geneOverdoseChanceFactorResist>
    <geneOverdoseChanceFactorImmune>0</geneOverdoseChanceFactorImmune>
  </ChemicalDef>
  
  <NeedDef ParentName="DrugAddictionNeedBase">
    <defName>guy762_chemneed_dexstim</defName>
    <needClass>Need_Chemical</needClass>
    <label>adrenal alacrity</label>
    <description>Because of an adrenal alacrity stimulant addiction, this person needs to regularly consume the drug to avoid withdrawal symptoms.</description>
    <fallPerDay>0.5</fallPerDay>
    <listPriority>762</listPriority>
  </NeedDef>

  <HediffDef ParentName="AddictionBase">
    <defName>guy762_addiction_dexstim</defName>
    <label>adrenal alacrity addiction</label>
    <description>A chemical addiction to adrenal alacrity stimulants. Long-term presence of adrenal alacrity stimulants has caused neurological adaptations at the cellular level, so the brain can no longer function properly without the drug.
\nWithout regular doses of adrenal alacrity stimulants, withdrawal symptoms will begin. However, extended abstinence will force the brain to adapt back to its normal state, resolving the addiction.</description>
    <hediffClass>Hediff_Addiction</hediffClass>
    <causesNeed>guy762_chemneed_dexstim</causesNeed>
    <comps>
      <li Class="HediffCompProperties_SeverityPerDay">
        <severityPerDay>-0.05</severityPerDay>
        <showDaysToRecover>true</showDaysToRecover>
      </li>
    </comps>
    <stages>
      <li>
        <label>withdrawal</label>
        <statOffsets>
			<MoveSpeed>-0.6</MoveSpeed>
			<MeleeDodgeChance>-0.6</MeleeDodgeChance>
		  </statOffsets>
        <mentalStateGivers>
          <li>
            <mentalState>Binging_DrugExtreme</mentalState>
            <mtbDays>40</mtbDays>
          </li>
          <li>
            <mentalState>Wander_Psychotic</mentalState>
            <mtbDays>10</mtbDays>
          </li>
        </mentalStateGivers>
      </li>
    </stages>
  </HediffDef>
  
  <ThoughtDef>
    <defName>guy762_withdrawlthought_dexstim</defName>
    <workerClass>ThoughtWorker_Hediff</workerClass>
    <hediff>guy762_addiction_dexstim</hediff>
    <validWhileDespawned>true</validWhileDespawned>
    <developmentalStageFilter>Baby, Child, Adult</developmentalStageFilter>
    <stages>
      <li>
        <visible>false</visible>
      </li>
      <li>
        <label>adrenal alacrity withdrawal</label>
        <description>I... feel so... sluggish...</description>
        <baseMoodEffect>-10</baseMoodEffect>
      </li>
    </stages>
  </ThoughtDef>

  <HediffDef ParentName="DrugToleranceBase">
    <defName>guy762_drugtolerance_dexstim</defName>
    <label>adrenal alacrity tolerance</label>
    <description>A built-up tolerance to adrenal alacrity stimulants. The more severe this tolerance is, the more adrenal alacrity stimulants it takes to get the same effect.</description>
    <comps>
      <li Class="HediffCompProperties_SeverityPerDay">
        <severityPerDay>-0.015</severityPerDay>
      </li>
      <li Class="HediffCompProperties_DrugEffectFactor">
        <chemical>guy762_chemical_dexstim</chemical>
      </li>
    </comps>
    <hediffGivers>
      <li Class="HediffGiver_RandomDrugEffect">
        <hediff>ChemicalDamageModerate</hediff>
        <severityToMtbDaysCurve>
          <points>
            <li>(0.45, 99999)</li>
            <li>(0.5, 120)</li>
            <li>(1, 90)</li>
          </points>
        </severityToMtbDaysCurve>
        <partsToAffect>
          <li>Heart</li>
        </partsToAffect>
      </li>
    </hediffGivers>
  </HediffDef>
  
</Defs>