﻿<?xml version="1.0" encoding="UTF-8"?>
<Defs>

  <HediffDef>
    <defName>guy762_medpacHeal</defName>
    <description>Fast-acting healing agents administered from a Medpac.</description>
    <label>Medpac</label>
	<hediffClass>HediffWithComps</hediffClass>
    <maxSeverity>1.0</maxSeverity>
    <stages>
      <li>
        <naturalHealingFactor>1000</naturalHealingFactor>
        <totalBleedFactor>0.75</totalBleedFactor>
      </li>
    </stages>
    <comps>
      <!--2,500 ticks per hour in game-->
      <li Class="HediffCompProperties_Disappears">
        <disappearsAfterTicks>500</disappearsAfterTicks>
      </li>
    </comps>
  </HediffDef>
  
  <ThingDef ParentName="DrugPillBase">
    <defName>guy762_medpac</defName>
    <label>Medpac</label>
    <description>A Medpac contains essential equipment for the treatment of wounds. They cannot be used by droids.</description>
	<possessionCount>7</possessionCount>
    <graphicData>
      <texPath>Items/Medpacs/medpac</texPath>
      <graphicClass>Graphic_StackCount</graphicClass>
    </graphicData>
    <socialPropernessMatters>false</socialPropernessMatters>
    <rotatable>false</rotatable>
    <statBases>
      <MarketValue>40</MarketValue>
	  <WorkToMake>1000</WorkToMake>
      <Mass>0.01</Mass>
      <Flammability>0.5</Flammability>
    </statBases>
	<stackLimit>25</stackLimit>
    <techLevel>Spacer</techLevel>
    <ingestible>
      <drugCategory>Medical</drugCategory>
      <baseIngestTicks>10</baseIngestTicks>
	  <ingestSound>kotorsound_inject</ingestSound>
	  <outcomeDoers>
        <li Class="IngestionOutcomeDoer_GiveHediff">
          <hediffDef>guy762_medpacHeal</hediffDef>
          <severity>1.0</severity>
        </li>
      </outcomeDoers>
    </ingestible>
	<tradeTags>
      <li>guy762TT_KotORMedpac</li>
    </tradeTags>
    <comps>
      <li Class="InstantHealingDrug.CompProperties_DrugInstantHeal">
        <listOrder>1762</listOrder>
		<isCombatEnhancingDrug>true</isCombatEnhancingDrug>
      </li>
    </comps>
    <orderedTakeGroup>Medicine</orderedTakeGroup>
  </ThingDef>
  
  
  
  
  
  
  <HediffDef>
    <defName>guy762_medpacHeal_adv</defName>
    <description>Fast-acting healing agents administered from an advanced Medpac.</description>
    <label>Adv. Medpac</label>
	<hediffClass>HediffWithComps</hediffClass>
    <maxSeverity>1.0</maxSeverity>
    <stages>
      <li>
        <naturalHealingFactor>5000</naturalHealingFactor>
        <totalBleedFactor>0.5</totalBleedFactor>
      </li>
    </stages>
    <comps>
      <!--2,500 ticks per hour in game-->
      <li Class="HediffCompProperties_Disappears">
        <disappearsAfterTicks>1000</disappearsAfterTicks>
      </li>
    </comps>
  </HediffDef>
  
  <ThingDef ParentName="DrugPillBase">
    <defName>guy762_medpac_adv</defName>
    <label>Advanced Medpac</label>
    <description>An advanced Medpac contains an improved array of equipment for the treatment of wounds. They cannot be used by droids.</description>
	<possessionCount>5</possessionCount>
    <graphicData>
      <texPath>Items/Medpacs/medpac_adv</texPath>
      <graphicClass>Graphic_StackCount</graphicClass>
    </graphicData>
    <socialPropernessMatters>false</socialPropernessMatters>
    <rotatable>false</rotatable>
    <statBases>
      <MarketValue>80</MarketValue>
	  <WorkToMake>2000</WorkToMake>
      <Mass>0.01</Mass>
      <Flammability>0.5</Flammability>
    </statBases>
	<stackLimit>25</stackLimit>
    <techLevel>Spacer</techLevel>
    <ingestible>
      <drugCategory>Medical</drugCategory>
      <baseIngestTicks>10</baseIngestTicks>
	  <ingestSound>kotorsound_inject</ingestSound>
	  <outcomeDoers>
        <li Class="IngestionOutcomeDoer_GiveHediff">
          <hediffDef>guy762_medpacHeal_adv</hediffDef>
          <severity>1.0</severity>
        </li>
      </outcomeDoers>
    </ingestible>
	<tradeTags>
      <li>guy762TT_KotORMedpac</li>
    </tradeTags>
    <comps>
      <li Class="InstantHealingDrug.CompProperties_DrugInstantHeal">
        <listOrder>1763</listOrder>
		<isCombatEnhancingDrug>true</isCombatEnhancingDrug>
      </li>
    </comps>
    <orderedTakeGroup>Medicine</orderedTakeGroup>
  </ThingDef>
  
  
  
  
  
  <HediffDef>
    <defName>guy762_medpacHeal_life</defName>
    <description>Fast-acting healing agents administered from a life support pack.</description>
    <label>Life Support Pack</label>
	<hediffClass>HediffWithComps</hediffClass>
    <maxSeverity>1.0</maxSeverity>
    <stages>
      <li>
        <naturalHealingFactor>10000</naturalHealingFactor>
        <totalBleedFactor>0.25</totalBleedFactor>
      </li>
    </stages>
    <comps>
      <!--2,500 ticks per hour in game-->
      <li Class="HediffCompProperties_Disappears">
        <disappearsAfterTicks>1600</disappearsAfterTicks>
      </li>
    </comps>
  </HediffDef>
  
  <ThingDef ParentName="DrugPillBase">
    <defName>guy762_medpac_life</defName>
    <label>Life Support Pack</label>
    <description>A life support pack contains dermal regenerators and other equipment for the treatment of wounds. They cannot be used by droids.</description>
	<possessionCount>3</possessionCount>
    <graphicData>
      <texPath>Items/Medpacs/medpac_life</texPath>
      <graphicClass>Graphic_StackCount</graphicClass>
    </graphicData>
    <socialPropernessMatters>false</socialPropernessMatters>
    <rotatable>false</rotatable>
    <statBases>
      <MarketValue>150</MarketValue>
	  <WorkToMake>3000</WorkToMake>
      <Mass>0.01</Mass>
      <Flammability>0.5</Flammability>
    </statBases>
	<stackLimit>25</stackLimit>
    <techLevel>Spacer</techLevel>
    <ingestible>
      <drugCategory>Medical</drugCategory>
      <baseIngestTicks>10</baseIngestTicks>
	  <ingestSound>kotorsound_inject</ingestSound>
	  <outcomeDoers>
        <li Class="IngestionOutcomeDoer_GiveHediff">
          <hediffDef>guy762_medpacHeal_life</hediffDef>
          <severity>1.0</severity>
        </li>
      </outcomeDoers>
    </ingestible>
	<tradeTags>
      <li>guy762TT_KotORMedpac</li>
    </tradeTags>
    <comps>
      <li Class="InstantHealingDrug.CompProperties_DrugInstantHeal">
        <listOrder>1764</listOrder>
		<isCombatEnhancingDrug>true</isCombatEnhancingDrug>
      </li>
    </comps>
    <orderedTakeGroup>Medicine</orderedTakeGroup>
  </ThingDef>
  
  <HediffDef>
    <defName>guy762_medpacHeal_antidote</defName>
    <description>Wide-spectrum antidote hypospray injectors administered from an antidote kit.</description>
    <label>antidote kit</label>
	<hediffClass>HediffWithComps</hediffClass>
    <maxSeverity>1.0</maxSeverity>
    <stages>
      <li>
        <makeImmuneTo>
			<li>guy762_Poison_saber</li>
			<li>ToxicBuildup</li>
		</makeImmuneTo>
      </li>
    </stages>
    <comps>
      <!--2,500 ticks per hour in game-->
      <li Class="HediffCompProperties_Disappears">
        <disappearsAfterTicks>1600</disappearsAfterTicks>
      </li>
    </comps>
  </HediffDef>
  
  <ThingDef ParentName="DrugPillBase">
    <defName>guy762_medpac_antidote</defName>
    <label>Antidote kit</label>
    <description>This kit contains wide-spectrum antidote hypospray injectors designed to neutralize all known poisons and toxic buildup. Damage already suffered must still be healed by other means. They cannot be used by droids.</description>
	<possessionCount>3</possessionCount>
    <graphicData>
      <texPath>Items/Medpacs/medpac_antidote</texPath>
      <graphicClass>Graphic_StackCount</graphicClass>
    </graphicData>
    <socialPropernessMatters>false</socialPropernessMatters>
    <rotatable>false</rotatable>
    <statBases>
      <MarketValue>50</MarketValue>
	  <WorkToMake>3000</WorkToMake>
      <Mass>0.01</Mass>
      <Flammability>0.5</Flammability>
    </statBases>
	<stackLimit>25</stackLimit>
    <techLevel>Spacer</techLevel>
    <ingestible>
      <drugCategory>Medical</drugCategory>
      <baseIngestTicks>10</baseIngestTicks>
	  <ingestSound>kotorsound_inject</ingestSound>
	  <outcomeDoers>
        <li Class="IngestionOutcomeDoer_GiveHediff">
          <hediffDef>guy762_medpacHeal_antidote</hediffDef>
          <severity>1.0</severity>
        </li>
      </outcomeDoers>
    </ingestible>
	<tradeTags>
      <li>guy762TT_KotORMedicine</li>
    </tradeTags>
    <comps>
      <li Class="CompProperties_Drug">
        <listOrder>1765</listOrder>
		<isCombatEnhancingDrug>false</isCombatEnhancingDrug>
      </li>
    </comps>
    <orderedTakeGroup>Medicine</orderedTakeGroup>
  </ThingDef>
  
  
  
  
  
</Defs>