﻿<?xml version="1.0" encoding="UTF-8"?>
<Defs>

  <HediffDef>
    <defName>guy762_stimulant_con</defName>
    <description>A chemical boost of the user's constitution.</description>
    <label>adrenal stamina</label>
	<hediffClass>HediffWithComps</hediffClass>
    <maxSeverity>1.0</maxSeverity>
    <stages>
      <li>
        <statOffsets>
			<PainShockThreshold>0.3</PainShockThreshold>
		</statOffsets>
      </li>
    </stages>
    <comps>
      <!--2,500 ticks per hour in game-->
      <li Class="HediffCompProperties_Disappears">
        <disappearsAfterTicks>5000</disappearsAfterTicks>
      </li>
    </comps>
  </HediffDef>
  
  <ThingDef ParentName="MakeableDrugPillBase">
    <defName>guy762_stim_con</defName>
    <label>adrenal stamina</label>
    <description>A shot of this enhancer provides a temporary boost in the constitution of the user. The effect wears off after a short time, and side effects are considered minimal. They cannot be used by droids.</description>
	<possessionCount>3</possessionCount>
    <graphicData>
      <texPath>Items/Stimulants/stim_green</texPath>
      <graphicClass>Graphic_StackCount</graphicClass>
    </graphicData>
    <socialPropernessMatters>false</socialPropernessMatters>
    <rotatable>false</rotatable>
    <statBases>
      <MarketValue>50</MarketValue>
	  <WorkToMake>1000</WorkToMake>
      <Mass>0.01</Mass>
      <Flammability>0.5</Flammability>
    </statBases>
	<stackLimit>25</stackLimit>
    <techLevel>Spacer</techLevel>
    <ingestible>
      <drugCategory>Hard</drugCategory>
      <baseIngestTicks>10</baseIngestTicks>
	  <ingestSound>kotorsound_inject</ingestSound>
	  <outcomeDoers>
        <li Class="IngestionOutcomeDoer_GiveHediff">
          <hediffDef>guy762_stimulant_con</hediffDef>
          <severity>1.0</severity>
        </li>
      </outcomeDoers>
    </ingestible>
	<tradeTags>
      <li>guy762TT_KotORDrugs</li>
    </tradeTags>
    <recipeMaker>
      <researchPrerequisite>PenoxycylineProduction</researchPrerequisite>
      <recipeUsers>
        <li>DrugLab</li>
		<li MayRequire ="MG.KnightsOfTheOuterRim">kotor_DrugLab</li>
      </recipeUsers>
    </recipeMaker>
    <costList>
      <Neutroamine>1</Neutroamine>
    </costList>
    <comps>
      <li Class="CompProperties_Drug">
        <listOrder>1768</listOrder>
        <chemical>guy762_chemical_constim</chemical>
		<isCombatEnhancingDrug>true</isCombatEnhancingDrug>
		<addictiveness>0</addictiveness>
		<needLevelOffset>0.1</needLevelOffset>
        <existingAddictionSeverityOffset>0.10</existingAddictionSeverityOffset>
      </li>
    </comps>
    <orderedTakeGroup>Drug</orderedTakeGroup>
  </ThingDef>
  
  
  
  
  
  
  
  <HediffDef>
    <defName>guy762_stimulant_hypercon</defName>
    <description>A chemical boost of the user's constitution.</description>
    <label>hyper-adrenal stamina</label>
	<hediffClass>HediffWithComps</hediffClass>
    <maxSeverity>1.0</maxSeverity>
    <stages>
      <li>
        <statOffsets>
			<PainShockThreshold>0.6</PainShockThreshold>
		</statOffsets>
      </li>
    </stages>
    <comps>
      <!--2,500 ticks per hour in game-->
      <li Class="HediffCompProperties_Disappears">
        <disappearsAfterTicks>5000</disappearsAfterTicks>
      </li>
    </comps>
  </HediffDef>
  
  <ThingDef ParentName="DrugPillBase">
    <defName>guy762_stim_hypercon</defName>
    <label>hyper-adrenal stamina</label>
    <description>Steeling the user against pain, this stim provides a very large boost in constitution. The effect wears off after a short time. They cannot be used by droids.</description>
	<possessionCount>3</possessionCount>
    <graphicData>
      <texPath>Items/Stimulants/hyperstim_green</texPath>
      <graphicClass>Graphic_StackCount</graphicClass>
    </graphicData>
	<descriptionHyperlinks>
		<HediffDef>guy762_drugtolerance_constim</HediffDef>
		<HediffDef>guy762_addiction_constim</HediffDef>
		<HediffDef>ChemicalDamageSevere</HediffDef>
	</descriptionHyperlinks>
    <socialPropernessMatters>false</socialPropernessMatters>
    <rotatable>false</rotatable>
    <statBases>
      <MarketValue>100</MarketValue>
	  <WorkToMake>2000</WorkToMake>
      <Mass>0.01</Mass>
      <Flammability>0.5</Flammability>
    </statBases>
	<stackLimit>25</stackLimit>
    <techLevel>Spacer</techLevel>
    <ingestible>
      <drugCategory>Hard</drugCategory>
      <baseIngestTicks>10</baseIngestTicks>
	  <ingestSound>kotorsound_inject</ingestSound>
	  <outcomeDoers>
        <li Class="IngestionOutcomeDoer_GiveHediff">
          <hediffDef>guy762_stimulant_hypercon</hediffDef>
          <severity>1.0</severity>
        </li>
      </outcomeDoers>
    </ingestible>
	<tradeTags>
      <li>guy762TT_KotORDrugs</li>
    </tradeTags>
    <comps>
      <li Class="CompProperties_Drug">
        <listOrder>1771</listOrder>
		<chemical>guy762_chemical_constim</chemical>
        <isCombatEnhancingDrug>true</isCombatEnhancingDrug>
		<addictiveness>0.01</addictiveness>
		<needLevelOffset>0.9</needLevelOffset>
		<minToleranceToAddict>0.5</minToleranceToAddict>
        <existingAddictionSeverityOffset>0.20</existingAddictionSeverityOffset>
        <overdoseSeverityOffset>0.08~0.14</overdoseSeverityOffset>
      </li>
    </comps>
    <orderedTakeGroup>Drug</orderedTakeGroup>
  </ThingDef>
  
  
  
  
  
  
  
  
  
  
  
  
  
  
  
  
  
  
  
  
  
  
  
  
  
  
  
  
  
  
  
  
  
  
  
  
  
  
  
  
  
  <!-- con stim addiction -->

  <ChemicalDef>
    <defName>guy762_chemical_constim</defName>
    <label>adrenal stamina</label>
    <addictionHediff>guy762_addiction_constim</addictionHediff>
	<toleranceHediff>guy762_drugtolerance_constim</toleranceHediff>
	<onGeneratedAddictedToleranceChance>0.8</onGeneratedAddictedToleranceChance>
	<onGeneratedAddictedEvents>
      <li>
        <hediff>ChemicalDamageSevere</hediff>
        <chance>0.05</chance>
        <partsToAffect>
          <li>Heart</li>
        </partsToAffect>
      </li>
    </onGeneratedAddictedEvents>
    <geneOverdoseChanceFactorResist>0.5</geneOverdoseChanceFactorResist>
    <geneOverdoseChanceFactorImmune>0</geneOverdoseChanceFactorImmune>
  </ChemicalDef>
  
  <NeedDef ParentName="DrugAddictionNeedBase">
    <defName>guy762_chemneed_constim</defName>
    <needClass>Need_Chemical</needClass>
    <label>adrenal stamina</label>
    <description>Because of an adrenal stamina stimulant addiction, this person needs to regularly consume the drug to avoid withdrawal symptoms.</description>
    <fallPerDay>0.5</fallPerDay>
    <listPriority>764</listPriority>
  </NeedDef>

  <HediffDef ParentName="AddictionBase">
    <defName>guy762_addiction_constim</defName>
    <label>adrenal stamina addiction</label>
    <description>A chemical addiction to adrenal stamina stimulants. Long-term presence of adrenal stamina stimulants has caused neurological adaptations at the cellular level, so the brain can no longer function properly without the drug.
\nWithout regular doses of adrenal stamina stimulants, withdrawal symptoms will begin. However, extended abstinence will force the brain to adapt back to its normal state, resolving the addiction.</description>
    <hediffClass>Hediff_Addiction</hediffClass>
    <causesNeed>guy762_chemneed_constim</causesNeed>
    <comps>
      <li Class="HediffCompProperties_SeverityPerDay">
        <severityPerDay>-0.05</severityPerDay>
        <showDaysToRecover>true</showDaysToRecover>
      </li>
    </comps>
    <stages>
      <li>
        <label>withdrawal</label>
        <statOffsets>
			<PainShockThreshold>-0.6</PainShockThreshold>
		  </statOffsets>
        <mentalStateGivers>
          <li>
            <mentalState>Binging_DrugExtreme</mentalState>
            <mtbDays>40</mtbDays>
          </li>
          <li>
            <mentalState>Wander_Psychotic</mentalState>
            <mtbDays>10</mtbDays>
          </li>
        </mentalStateGivers>
      </li>
    </stages>
  </HediffDef>
  
  <ThoughtDef>
    <defName>guy762_withdrawlthought_constim</defName>
    <workerClass>ThoughtWorker_Hediff</workerClass>
    <hediff>guy762_addiction_constim</hediff>
    <validWhileDespawned>true</validWhileDespawned>
    <developmentalStageFilter>Baby, Child, Adult</developmentalStageFilter>
    <stages>
      <li>
        <visible>false</visible>
      </li>
      <li>
        <label>adrenal stamina withdrawal</label>
        <description>I feel so frail...</description>
        <baseMoodEffect>-10</baseMoodEffect>
      </li>
    </stages>
  </ThoughtDef>

  <HediffDef ParentName="DrugToleranceBase">
    <defName>guy762_drugtolerance_constim</defName>
    <label>adrenal stamina tolerance</label>
    <description>A built-up tolerance to adrenal stamina stimulants. The more severe this tolerance is, the more adrenal stamina stimulants it takes to get the same effect.</description>
    <comps>
      <li Class="HediffCompProperties_SeverityPerDay">
        <severityPerDay>-0.015</severityPerDay>
      </li>
      <li Class="HediffCompProperties_DrugEffectFactor">
        <chemical>guy762_chemical_constim</chemical>
      </li>
    </comps>
    <hediffGivers>
      <li Class="HediffGiver_RandomDrugEffect">
        <hediff>ChemicalDamageModerate</hediff>
        <severityToMtbDaysCurve>
          <points>
            <li>(0.45, 99999)</li>
            <li>(0.5, 120)</li>
            <li>(1, 90)</li>
          </points>
        </severityToMtbDaysCurve>
        <partsToAffect>
          <li>Heart</li>
        </partsToAffect>
      </li>
    </hediffGivers>
  </HediffDef>
  
</Defs>