﻿<?xml version="1.0" encoding="UTF-8"?>
<Defs>
  
  <HediffDef>
    <defName>guy762_stimulant_battle</defName>
    <description>A chemical boost of the user's general combat abilities.</description>
    <label>battle stimulant</label>
	<hediffClass>HediffWithComps</hediffClass>
    <maxSeverity>1.0</maxSeverity>
    <stages>
      <li>
		<painFactor>0.9</painFactor>
        <statOffsets>
			<AccuracyTouch>0.1</AccuracyTouch>
			<AccuracyShort>0.1</AccuracyShort>
			<AccuracyMedium>0.1</AccuracyMedium>
			<AccuracyLong>0.1</AccuracyLong>
			<MeleeHitChance>0.1</MeleeHitChance>
			<MeleeDamageFactor>0.1</MeleeDamageFactor>
		  </statOffsets>
      </li>
    </stages>
    <comps>
      <!--2,500 ticks per hour in game-->
      <li Class="HediffCompProperties_Disappears">
        <disappearsAfterTicks>3750</disappearsAfterTicks>
      </li>
    </comps>
  </HediffDef>
  
  <ThingDef ParentName="MakeableDrugPillBase">
    <defName>guy762_stim_battle</defName>
    <label>battle stimulant</label>
    <description>This stimulant enables the user to better absorb damage and focuses the mind on the fight, improving the ability to hit. The effect wears off after a short time, and side effects are considered minimal. They cannot be used by droids.</description>
	<possessionCount>3</possessionCount>
    <graphicData>
      <texPath>Items/Stimulants/stim_red</texPath>
      <graphicClass>Graphic_StackCount</graphicClass>
    </graphicData>
    <socialPropernessMatters>false</socialPropernessMatters>
    <rotatable>false</rotatable>
    <statBases>
      <MarketValue>100</MarketValue>
	  <WorkToMake>3000</WorkToMake>
      <Mass>0.01</Mass>
      <Flammability>0.5</Flammability>
    </statBases>
	<stackLimit>10</stackLimit>
    <techLevel>Spacer</techLevel>
    <ingestible>
      <drugCategory>Hard</drugCategory>
      <baseIngestTicks>10</baseIngestTicks>
	  <ingestSound>kotorsound_inject</ingestSound>
	  <outcomeDoers>
        <li Class="IngestionOutcomeDoer_GiveHediff">
          <hediffDef>guy762_stimulant_battle</hediffDef>
          <severity>1.0</severity>
        </li>
      </outcomeDoers>
    </ingestible>
	<tradeTags>
      <li>guy762TT_KotORDrugs</li>
    </tradeTags>
    <recipeMaker>
      <researchPrerequisite>PenoxycylineProduction</researchPrerequisite>
      <recipeUsers>
        <li>DrugLab</li>
		<li MayRequire ="MG.KnightsOfTheOuterRim">kotor_DrugLab</li>
      </recipeUsers>
    </recipeMaker>
    <costList>
      <Neutroamine>1</Neutroamine>
    </costList>
    <comps>
      <li Class="CompProperties_Drug">
        <listOrder>1772</listOrder>
		<chemical>guy762_chemical_battlestim</chemical>
        <addictiveness>0</addictiveness>
		<needLevelOffset>0.1</needLevelOffset>
        <existingAddictionSeverityOffset>0.10</existingAddictionSeverityOffset>
      </li>
    </comps>
    <orderedTakeGroup>Drug</orderedTakeGroup>
  </ThingDef>
  
  
  
  
  
  <HediffDef>
    <defName>guy762_stimulant_hyperbattle</defName>
    <description>A chemical boost of the user's general combat abilities.</description>
    <label>hyper-battle stimulant</label>
	<hediffClass>HediffWithComps</hediffClass>
    <maxSeverity>1.0</maxSeverity>
    <stages>
      <li>
		<painFactor>0.6</painFactor>
        <statOffsets>
			<AccuracyTouch>0.2</AccuracyTouch>
			<AccuracyShort>0.2</AccuracyShort>
			<AccuracyMedium>0.2</AccuracyMedium>
			<AccuracyLong>0.2</AccuracyLong>
			<MeleeHitChance>0.2</MeleeHitChance>
			<MeleeDamageFactor>0.2</MeleeDamageFactor>
		  </statOffsets>
      </li>
    </stages>
    <comps>
      <!--2,500 ticks per hour in game-->
      <li Class="HediffCompProperties_Disappears">
        <disappearsAfterTicks>3750</disappearsAfterTicks>
      </li>
    </comps>
  </HediffDef>
  
  <ThingDef ParentName="DrugPillBase">
    <defName>guy762_stim_hyperbattle</defName>
    <label>hyper-battle stimulant</label>
    <description>This stimulant produces a chemical cocktail that sends a boost of adrenaline through the body, focusing the mind and bolstering the user's tolerance for damage. The effect wears off after a short time. They cannot be used by droids.</description>
	<possessionCount>3</possessionCount>
    <graphicData>
      <texPath>Items/Stimulants/hyperstim_red</texPath>
      <graphicClass>Graphic_StackCount</graphicClass>
    </graphicData>
	<descriptionHyperlinks>
		<HediffDef>guy762_drugtolerance_battlestim</HediffDef>
		<HediffDef>guy762_addiction_battlestim</HediffDef>
		<HediffDef>ChemicalDamageSevere</HediffDef>
	</descriptionHyperlinks>
    <socialPropernessMatters>false</socialPropernessMatters>
    <rotatable>false</rotatable>
    <statBases>
      <MarketValue>200</MarketValue>
	  <WorkToMake>6000</WorkToMake>
      <Mass>0.01</Mass>
      <Flammability>0.5</Flammability>
    </statBases>
	<stackLimit>10</stackLimit>
    <techLevel>Spacer</techLevel>
    <ingestible>
      <drugCategory>Hard</drugCategory>
      <baseIngestTicks>10</baseIngestTicks>
	  <ingestSound>kotorsound_inject</ingestSound>
	  <outcomeDoers>
        <li Class="IngestionOutcomeDoer_GiveHediff">
          <hediffDef>guy762_stimulant_hyperbattle</hediffDef>
          <severity>1.0</severity>
        </li>
      </outcomeDoers>
    </ingestible>
	<tradeTags>
      <li>guy762TT_KotORDrugs</li>
    </tradeTags>
    <comps>
      <li Class="CompProperties_Drug">
        <listOrder>1773</listOrder>
		<chemical>guy762_chemical_battlestim</chemical>
		<isCombatEnhancingDrug>true</isCombatEnhancingDrug>
		<addictiveness>0.02</addictiveness>
		<needLevelOffset>0.9</needLevelOffset>
		<minToleranceToAddict>0.25</minToleranceToAddict>
        <existingAddictionSeverityOffset>0.20</existingAddictionSeverityOffset>
        <overdoseSeverityOffset>0.18~0.35</overdoseSeverityOffset>
	 </li>
    </comps>
    <orderedTakeGroup>Drug</orderedTakeGroup>
  </ThingDef>
  
  
  
  
  <HediffDef>
    <defName>guy762_stimulant_echani</defName>
    <description>A chemical boost of the user's general combat abilities.</description>
    <label>Echani battle stimulant</label>
	<hediffClass>HediffWithComps</hediffClass>
    <maxSeverity>1.0</maxSeverity>
    <stages>
      <li>
		<painFactor>0.3</painFactor>
        <statOffsets>
			<AccuracyTouch>0.3</AccuracyTouch>
			<AccuracyShort>0.3</AccuracyShort>
			<AccuracyMedium>0.3</AccuracyMedium>
			<AccuracyLong>0.3</AccuracyLong>
			<MeleeHitChance>0.3</MeleeHitChance>
			<MeleeDamageFactor>0.3</MeleeDamageFactor>
		  </statOffsets>
      </li>
    </stages>
    <comps>
      <!--2,500 ticks per hour in game-->
      <li Class="HediffCompProperties_Disappears">
        <disappearsAfterTicks>3750</disappearsAfterTicks>
      </li>
    </comps>
  </HediffDef>
  
  <ThingDef ParentName="DrugPillBase">
    <defName>guy762_stim_echani</defName>
    <label>Echani battle stimulant</label>
    <description>This stim removes all distractions, allowing the user to focus purely on the battle. The user is almost oblivious to damage suffered. The effect wears off after a short time. They cannot be used by droids.</description>
	<possessionCount>3</possessionCount>
    <graphicData>
      <texPath>Items/Stimulants/stim_echani</texPath>
      <graphicClass>Graphic_StackCount</graphicClass>
    </graphicData>
	<descriptionHyperlinks>
		<HediffDef>guy762_drugtolerance_battlestim</HediffDef>
		<HediffDef>guy762_addiction_battlestim</HediffDef>
		<HediffDef>ChemicalDamageSevere</HediffDef>
	</descriptionHyperlinks>
    <socialPropernessMatters>false</socialPropernessMatters>
    <rotatable>false</rotatable>
    <statBases>
      <MarketValue>400</MarketValue>
	  <WorkToMake>9000</WorkToMake>
      <Mass>0.01</Mass>
      <Flammability>0.5</Flammability>
    </statBases>
	<stackLimit>10</stackLimit>
    <techLevel>Spacer</techLevel>
    <ingestible>
      <drugCategory>Hard</drugCategory>
      <baseIngestTicks>10</baseIngestTicks>
	  <ingestSound>kotorsound_inject</ingestSound>
	  <outcomeDoers>
        <li Class="IngestionOutcomeDoer_GiveHediff">
          <hediffDef>guy762_stimulant_echani</hediffDef>
          <severity>1.0</severity>
        </li>
      </outcomeDoers>
    </ingestible>
	<tradeTags>
      <li>guy762TT_KotORDrugs</li>
    </tradeTags>
    <comps>
      <li Class="CompProperties_Drug">
        <listOrder>1774</listOrder>
		<chemical>guy762_chemical_battlestim</chemical>
		<isCombatEnhancingDrug>true</isCombatEnhancingDrug>
		<addictiveness>0.05</addictiveness>
		<needLevelOffset>0.9</needLevelOffset>
		<minToleranceToAddict>0.15</minToleranceToAddict>
        <existingAddictionSeverityOffset>0.40</existingAddictionSeverityOffset>
        <overdoseSeverityOffset>0.18~0.35</overdoseSeverityOffset>
      </li>
    </comps>
    <orderedTakeGroup>Drug</orderedTakeGroup>
  </ThingDef>
  
  

  
  
  
  
  
  
  
  
  
  
  
  
  
  
  
  
  
  
  
  
  
  
  
  
  
  
  
  
  
  
  <!-- battle stim addiction -->

  <ChemicalDef>
    <defName>guy762_chemical_battlestim</defName>
    <label>battle stimulant</label>
    <addictionHediff>guy762_addiction_battlestim</addictionHediff>
	<toleranceHediff>guy762_drugtolerance_battlestim</toleranceHediff>
	<onGeneratedAddictedToleranceChance>0.8</onGeneratedAddictedToleranceChance>
	<onGeneratedAddictedEvents>
      <li>
        <hediff>ChemicalDamageSevere</hediff>
        <chance>0.05</chance>
        <partsToAffect>
          <li>Brain</li>
        </partsToAffect>
      </li>
    </onGeneratedAddictedEvents>
    <geneOverdoseChanceFactorResist>0.5</geneOverdoseChanceFactorResist>
    <geneOverdoseChanceFactorImmune>0</geneOverdoseChanceFactorImmune>
  </ChemicalDef>
  
  <NeedDef ParentName="DrugAddictionNeedBase">
    <defName>guy762_chemneed_battlestim</defName>
    <needClass>Need_Chemical</needClass>
    <label>battle stimulant</label>
    <description>Because of a battle stimulant addiction, this person needs to regularly consume the drug to avoid withdrawal symptoms.</description>
    <fallPerDay>0.333</fallPerDay>
    <listPriority>765</listPriority>
  </NeedDef>

  <HediffDef ParentName="AddictionBase">
    <defName>guy762_addiction_battlestim</defName>
    <label>battle stimulant addiction</label>
    <description>A chemical addiction to battle stimulants. Long-term presence of battle stimulants has caused neurological adaptations at the cellular level, so the brain can no longer function properly without the drug.
\nWithout regular doses of battle stimulants, withdrawal symptoms will begin. However, extended abstinence will force the brain to adapt back to its normal state, resolving the addiction.</description>
    <hediffClass>Hediff_Addiction</hediffClass>
    <causesNeed>guy762_chemneed_battlestim</causesNeed>
    <comps>
      <li Class="HediffCompProperties_SeverityPerDay">
        <severityPerDay>-0.025</severityPerDay>
        <showDaysToRecover>true</showDaysToRecover>
      </li>
    </comps>
    <stages>
      <li>
      </li>
      <li>
        <label>withdrawal</label>
		<painFactor>0.6</painFactor>
        <statOffsets>
			<AccuracyTouch>-0.2</AccuracyTouch>
			<AccuracyShort>-0.2</AccuracyShort>
			<AccuracyMedium>-0.2</AccuracyMedium>
			<AccuracyLong>-0.2</AccuracyLong>
			<MeleeHitChance>-0.2</MeleeHitChance>
			<MeleeDamageFactor>-0.2</MeleeDamageFactor>
		  </statOffsets>
        <mentalStateGivers>
          <li>
            <mentalState>Binging_DrugExtreme</mentalState>
            <mtbDays>40</mtbDays>
          </li>
          <li>
            <mentalState>Wander_Psychotic</mentalState>
            <mtbDays>10</mtbDays>
          </li>
        </mentalStateGivers>
      </li>
    </stages>
  </HediffDef>
  
  <ThoughtDef>
    <defName>guy762_withdrawlthought_battlestim</defName>
    <workerClass>ThoughtWorker_Hediff</workerClass>
    <hediff>guy762_addiction_battlestim</hediff>
    <validWhileDespawned>true</validWhileDespawned>
    <developmentalStageFilter>Baby, Child, Adult</developmentalStageFilter>
    <stages>
      <li>
        <visible>false</visible>
      </li>
      <li>
        <label>battle stimulant withdrawal</label>
        <description>My coordination is all messed up... I can't aim right... everything hurts more...</description>
        <baseMoodEffect>-15</baseMoodEffect>
      </li>
    </stages>
  </ThoughtDef>

  <HediffDef ParentName="DrugToleranceBase">
    <defName>guy762_drugtolerance_battlestim</defName>
    <label>battle stimulant tolerance</label>
    <description>A built-up tolerance to battle stimulants. The more severe this tolerance is, the more battle stimulants it takes to get the same effect.</description>
    <comps>
      <li Class="HediffCompProperties_SeverityPerDay">
        <severityPerDay>-0.01</severityPerDay>
      </li>
      <li Class="HediffCompProperties_DrugEffectFactor">
        <chemical>guy762_chemical_battlestim</chemical>
      </li>
    </comps>
    <hediffGivers>
      <li Class="HediffGiver_RandomDrugEffect">
        <hediff>ChemicalDamageModerate</hediff>
        <severityToMtbDaysCurve>
          <points>
            <li>(0.45, 99999)</li>
            <li>(0.5, 120)</li>
            <li>(1, 90)</li>
          </points>
        </severityToMtbDaysCurve>
        <partsToAffect>
          <li>Brain</li>
        </partsToAffect>
      </li>
    </hediffGivers>
  </HediffDef>
  
</Defs>