<ModMetaData>
	<name>Star Wars Xenotypes</name>
	<author>guy762</author>
	<supportedVersions>
		<li>1.4</li>
	</supportedVersions>
	<description>Adds several alien races from Star Wars as xenotypes.</description>
	<modDependencies>
		<li>
			<packageId>Ludeon.RimWorld.Biotech</packageId>
			<displayName>Biotech</displayName>
		</li>
		<li>
			<packageId>RedMattis.BetterPrerequisites</packageId>
			<displayName>Better Gene Prerequisites</displayName>
			<steamWorkshopUrl>steam://url/CommunityFilePage/2925432336</steamWorkshopUrl>
		</li>
		<li>
			<packageId>Turnovus.Biotech.IntegratedGenes</packageId>
			<displayName>Integrated Genes</displayName>
			<steamWorkshopUrl>https://steamcommunity.com/sharedfiles/filedetails/?id=2884115974</steamWorkshopUrl>
		</li>
		<li>
			<packageId>Sov.Sith</packageId>
			<displayName>Rimwars:Pureblood Xenotype</displayName>
			<steamWorkshopUrl>https://steamcommunity.com/sharedfiles/filedetails/?2885729184</steamWorkshopUrl>
		</li>
	</modDependencies>
	<packageId>guy762.StarWarsXenotypes</packageId>
	<loadAfter>
		<li>Ludeon.RimWorld</li>
		<li>Ludeon.RimWorld.Biotech</li>
		<li>OskarPotocki.VanillaFactionsExpanded.Core</li>
		<li>RedMattis.BetterPrerequisites</li>
		<li>RedMattis.BigSmall.Core</li>
		<li>Turnovus.Biotech.IntegratedGenes</li>
		<li>VanillaExpanded.VPsycastsE</li>
		<li>Sov.Sith</li>
		<li>Sov.SandySandy</li>
	</loadAfter>
	<loadBefore>
		<li>guy762.KotORWeapons</li>
	</loadBefore>
</ModMetaData>