<?xml version="1.0" encoding="utf-8" ?>
<Defs>
	
   
   <HediffDef>
    <defName>guy762_EShield</defName>
    <label>energy shield</label>
    <description>An energy shield that blocks all incoming energy damage.</description>
    <defaultLabelColor>(0, 1.0, 1.0)</defaultLabelColor>
    <hediffClass>HediffWithComps</hediffClass>
    <comps>
      <li Class="AthenaFramework.HediffCompProperties_Shield">
        <maxEnergy>40</maxEnergy>
        <energyRechargeRate>0.001</energyRechargeRate>
		<energyPerDamageModifier>0.35</energyPerDamageModifier>
		<resetDelay>3200</resetDelay>
		<energyOnStart>1</energyOnStart>
		<removeOnBreak>true</removeOnBreak>

		<blocksRangedDamage>true</blocksRangedDamage>
		<blocksExplosions>true</blocksExplosions>
		<blocksMeleeDamage>false</blocksMeleeDamage>
		
        <whitelistedDamageDefs>
          <li>guy762_RangedDamage_energy</li>
		  <li>guy762_BeamDamage_energy</li>
		  <li>guy762_MeleeDamage_energy</li>
		  <li>guy762_MeleeDamage_ecut</li>
		  <li>guy762_MeleeDamage_estab</li>
		  <li>guy762_ExplosiveDamage_energy</li>
		  <li>guy762_GrenadeDamage_energy</li>
		  <li>guy762_GrenadeDamage_thermaldet</li>
		  <li>Beam</li>
		  <li>guy762_RangedDamage_electrical</li>
		  <li>guy762_MeleeDamage_electrical</li>
		  <li>guy762_BeamDamage_electrical</li>
        </whitelistedDamageDefs>
		<blacklistedDamageDefs>
          <li>guy762_RangedDamage_disruptor</li>
		  <li>guy762_BeamDamage_disruptor</li>
		  <li>guy762_MeleeDamage_unstoppable</li>
        </blacklistedDamageDefs>
		
		<shatterOn>
		  <li>EMP</li>
		  <li>guy762_RangedDamage_ion</li>
		  <li>guy762_ExplosiveDamage_ion</li>
		  <li>guy762_MeleeDamage_ion</li>
		  <li>guy762_GrenadeDamage_ion</li>
		</shatterOn>

        <absorbFleck>ExplosionFlash</absorbFleck>
        <breakFleck>ExplosionFlash</breakFleck>
        <shieldBreakEffecter>Shield_Break</shieldBreakEffecter>
        <absorbSound>kotorsound_shieldhit</absorbSound>
        <resetSound>kotorsound_shieldpowerup</resetSound>

        <displayGizmo>true</displayGizmo>
        <gizmoTitle>energy shield</gizmoTitle>
        <gizmoTip>A shield hediff that blocks all energy damage.</gizmoTip>

        <minDrawSize>1.2</minDrawSize>
        <maxDrawSize>1.55</maxDrawSize>
        <scaleWithOwner>true</scaleWithOwner>
        <graphicData>
          <texPath>Other/ShieldBubble</texPath>
          <graphicClass>Graphic_Single</graphicClass>
          <shaderType>Transparent</shaderType>
          <color>(0, 1.0, 1.0)</color>
        </graphicData>
      </li>
	  <li Class="HediffCompProperties_Disappears">
		<disappearsAfterTicks>12000</disappearsAfterTicks>
		<showRemainingTime>true</showRemainingTime>
	  </li>
      <li Class="HediffCompProperties_RemoveIfApparelDropped" />
    </comps>
  </HediffDef>
	

  
  <HediffDef>
    <defName>guy762_EShield_thermal</defName>
    <label>thermal shield</label>
    <description>An energy shield that blocks all incoming heat damage.</description>
    <defaultLabelColor>(1.0, 0.5, 0)</defaultLabelColor>
    <hediffClass>HediffWithComps</hediffClass>
    <comps>
      <li Class="AthenaFramework.HediffCompProperties_Shield">
        <maxEnergy>20</maxEnergy>
        <energyRechargeRate>0.001</energyRechargeRate>
		<energyPerDamageModifier>0.35</energyPerDamageModifier>
		<resetDelay>3200</resetDelay>
		<energyOnStart>1</energyOnStart>
		<removeOnBreak>true</removeOnBreak>

		<blocksRangedDamage>true</blocksRangedDamage>
		<blocksExplosions>true</blocksExplosions>
		<blocksMeleeDamage>false</blocksMeleeDamage>
		
        <whitelistedDamageDefs>
          <li>Flame</li>
		  <li>Burn</li>
		  <li>guy762_GrenadeDamage_plasma</li>
		  <li>guy762_GrenadeDamage_thermaldet</li>
		  <li>guy762_BeamDamage_radiation</li>
        </whitelistedDamageDefs>
		<blacklistedDamageDefs>
          <li>guy762_RangedDamage_disruptor</li>
		  <li>guy762_BeamDamage_disruptor</li>
		  <li>guy762_MeleeDamage_unstoppable</li>
        </blacklistedDamageDefs>
		
		<shatterOn>
		  <li>EMP</li>
		  <li>guy762_RangedDamage_ion</li>
		  <li>guy762_ExplosiveDamage_ion</li>
		  <li>guy762_MeleeDamage_ion</li>
		  <li>guy762_GrenadeDamage_ion</li>
		</shatterOn>

        <absorbFleck>ExplosionFlash</absorbFleck>
        <breakFleck>ExplosionFlash</breakFleck>
        <shieldBreakEffecter>Shield_Break</shieldBreakEffecter>
        <absorbSound>kotorsound_shieldhit</absorbSound>
        <resetSound>kotorsound_shieldpowerup</resetSound>

        <displayGizmo>true</displayGizmo>
        <gizmoTitle>thermal shield</gizmoTitle>
        <gizmoTip>A shield hediff that blocks all thermal damage.</gizmoTip>

        <minDrawSize>1.2</minDrawSize>
        <maxDrawSize>1.55</maxDrawSize>
        <scaleWithOwner>true</scaleWithOwner>
        <graphicData>
          <texPath>Other/ShieldBubble</texPath>
          <graphicClass>Graphic_Single</graphicClass>
          <shaderType>Transparent</shaderType>
          <color>(1.0, 0.5, 0)</color>
        </graphicData>
      </li>
	  <li Class="HediffCompProperties_Disappears">
		<disappearsAfterTicks>12000</disappearsAfterTicks>
		<showRemainingTime>true</showRemainingTime>
	  </li>
	  <li Class="HediffCompProperties_RemoveIfApparelDropped" />
    </comps>
  </HediffDef>
  

  
  <HediffDef>
    <defName>guy762_EShield_sith</defName>
    <label>Sith energy shield</label>
    <description>An energy shield that blocks all incoming energy and sonic damage.</description>
    <defaultLabelColor>(0, 1.0, 0)</defaultLabelColor>
    <hediffClass>HediffWithComps</hediffClass>
    <comps>
      <li Class="AthenaFramework.HediffCompProperties_Shield">
        <maxEnergy>50</maxEnergy>
        <energyRechargeRate>0.001</energyRechargeRate>
		<energyPerDamageModifier>0.35</energyPerDamageModifier>
		<resetDelay>3200</resetDelay>
		<energyOnStart>1</energyOnStart>
		<removeOnBreak>true</removeOnBreak>

		<blocksRangedDamage>true</blocksRangedDamage>
		<blocksExplosions>true</blocksExplosions>
		<blocksMeleeDamage>false</blocksMeleeDamage>
		
        <whitelistedDamageDefs>
          <li>guy762_RangedDamage_energy</li>
		  <li>guy762_BeamDamage_energy</li>
		  <li>guy762_MeleeDamage_energy</li>
		  <li>guy762_MeleeDamage_ecut</li>
		  <li>guy762_MeleeDamage_estab</li>
		  <li>guy762_ExplosiveDamage_energy</li>
		  <li>guy762_GrenadeDamage_energy</li>
		  <li>guy762_GrenadeDamage_thermaldet</li>
		  <li>Beam</li>
		  <li>guy762_RangedDamage_electrical</li>
		  <li>guy762_MeleeDamage_electrical</li>
		  <li>guy762_BeamDamage_electrical</li>
		  <li>guy762_RangedDamage_sonic</li>
		  <li>guy762_MeleeDamage_sonic</li>
		  <li>guy762_GrenadeDamage_sonic</li>
		  <li>Thump</li>
        </whitelistedDamageDefs>
		<blacklistedDamageDefs>
          <li>guy762_RangedDamage_disruptor</li>
		  <li>guy762_BeamDamage_disruptor</li>
		  <li>guy762_MeleeDamage_unstoppable</li>
        </blacklistedDamageDefs>
		
		<shatterOn>
		  <li>EMP</li>
		  <li>guy762_RangedDamage_ion</li>
		  <li>guy762_ExplosiveDamage_ion</li>
		  <li>guy762_MeleeDamage_ion</li>
		  <li>guy762_GrenadeDamage_ion</li>
		</shatterOn>

        <absorbFleck>ExplosionFlash</absorbFleck>
        <breakFleck>ExplosionFlash</breakFleck>
        <shieldBreakEffecter>Shield_Break</shieldBreakEffecter>
        <absorbSound>kotorsound_shieldhit</absorbSound>
        <resetSound>kotorsound_shieldpowerup</resetSound>

        <displayGizmo>true</displayGizmo>
        <gizmoTitle>Sith shield</gizmoTitle>
        <gizmoTip>A shield hediff that blocks all energy and sonic damage.</gizmoTip>

        <minDrawSize>1.2</minDrawSize>
        <maxDrawSize>1.55</maxDrawSize>
        <scaleWithOwner>true</scaleWithOwner>
        <graphicData>
          <texPath>Other/ShieldBubble</texPath>
          <graphicClass>Graphic_Single</graphicClass>
          <shaderType>Transparent</shaderType>
          <color>(0, 1.0, 0)</color>
        </graphicData>
      </li>
	  <li Class="HediffCompProperties_Disappears">
		<disappearsAfterTicks>12000</disappearsAfterTicks>
		<showRemainingTime>true</showRemainingTime>
	  </li>
	  <li Class="HediffCompProperties_RemoveIfApparelDropped" />
    </comps>
  </HediffDef>
  

  
  
  
  
  
  
  
			<!--echani-->
  

  <HediffDef>
    <defName>guy762_EShield_echani1</defName>
    <label>Echani energy shield</label>
    <description>An energy shield that blocks all incoming energy damage.</description>
    <defaultLabelColor>(0, 0, 1.0)</defaultLabelColor>
    <hediffClass>HediffWithComps</hediffClass>
    <comps>
      <li Class="AthenaFramework.HediffCompProperties_Shield">
        <maxEnergy>100</maxEnergy>
        <energyRechargeRate>0.001</energyRechargeRate>
		<energyPerDamageModifier>0.35</energyPerDamageModifier>
		<resetDelay>3200</resetDelay>
		<energyOnStart>1</energyOnStart>
		<removeOnBreak>true</removeOnBreak>

		<blocksRangedDamage>true</blocksRangedDamage>
		<blocksExplosions>true</blocksExplosions>
		<blocksMeleeDamage>false</blocksMeleeDamage>
		
        <whitelistedDamageDefs>
          <li>guy762_RangedDamage_energy</li>
		  <li>guy762_BeamDamage_energy</li>
		  <li>guy762_MeleeDamage_energy</li>
		  <li>guy762_MeleeDamage_ecut</li>
		  <li>guy762_MeleeDamage_estab</li>
		  <li>guy762_ExplosiveDamage_energy</li>
		  <li>guy762_GrenadeDamage_energy</li>
		  <li>guy762_GrenadeDamage_thermaldet</li>
		  <li>Beam</li>
		  <li>guy762_RangedDamage_electrical</li>
		  <li>guy762_MeleeDamage_electrical</li>
		  <li>guy762_BeamDamage_electrical</li>
        </whitelistedDamageDefs>
		<blacklistedDamageDefs>
          <li>guy762_RangedDamage_disruptor</li>
		  <li>guy762_BeamDamage_disruptor</li>
		  <li>guy762_MeleeDamage_unstoppable</li>
        </blacklistedDamageDefs>
		
		<shatterOn>
		  <li>EMP</li>
		  <li>guy762_RangedDamage_ion</li>
		  <li>guy762_ExplosiveDamage_ion</li>
		  <li>guy762_MeleeDamage_ion</li>
		  <li>guy762_GrenadeDamage_ion</li>
		</shatterOn>

        <absorbFleck>ExplosionFlash</absorbFleck>
        <breakFleck>ExplosionFlash</breakFleck>
        <shieldBreakEffecter>Shield_Break</shieldBreakEffecter>
        <absorbSound>kotorsound_shieldhit</absorbSound>
        <resetSound>kotorsound_shieldpowerup</resetSound>

        <displayGizmo>true</displayGizmo>
        <gizmoTitle>Echani shield</gizmoTitle>
        <gizmoTip>A shield hediff that blocks all energy damage.</gizmoTip>

        <minDrawSize>1.2</minDrawSize>
        <maxDrawSize>1.55</maxDrawSize>
        <scaleWithOwner>true</scaleWithOwner>
        <graphicData>
          <texPath>Other/ShieldBubble</texPath>
          <graphicClass>Graphic_Single</graphicClass>
          <shaderType>Transparent</shaderType>
          <color>(0, 0, 1.0)</color>
        </graphicData>
      </li>
	  <li Class="HediffCompProperties_Disappears">
		<disappearsAfterTicks>12000</disappearsAfterTicks>
		<showRemainingTime>true</showRemainingTime>
	  </li>
	  <li Class="HediffCompProperties_RemoveIfApparelDropped" />
    </comps>
  </HediffDef>
  

  
  <HediffDef>
    <defName>guy762_EShield_echani2</defName>
    <label>Echani dueling shield</label>
    <description>An energy shield that blocks all incoming energy and sonic damage.</description>
    <defaultLabelColor>(0, 0, 1.0)</defaultLabelColor>
    <hediffClass>HediffWithComps</hediffClass>
    <comps>
      <li Class="AthenaFramework.HediffCompProperties_Shield">
        <maxEnergy>130</maxEnergy>
        <energyRechargeRate>0.001</energyRechargeRate>
		<energyPerDamageModifier>0.35</energyPerDamageModifier>
		<resetDelay>3200</resetDelay>
		<energyOnStart>1</energyOnStart>
		<removeOnBreak>true</removeOnBreak>

		<blocksRangedDamage>true</blocksRangedDamage>
		<blocksExplosions>true</blocksExplosions>
		<blocksMeleeDamage>false</blocksMeleeDamage>
		
        <whitelistedDamageDefs>
          <li>guy762_RangedDamage_energy</li>
		  <li>guy762_BeamDamage_energy</li>
		  <li>guy762_MeleeDamage_energy</li>
		  <li>guy762_MeleeDamage_ecut</li>
		  <li>guy762_MeleeDamage_estab</li>
		  <li>guy762_ExplosiveDamage_energy</li>
		  <li>guy762_GrenadeDamage_energy</li>
		  <li>guy762_GrenadeDamage_thermaldet</li>
		  <li>Beam</li>
		  <li>guy762_RangedDamage_electrical</li>
		  <li>guy762_MeleeDamage_electrical</li>
		  <li>guy762_BeamDamage_electrical</li>
		  <li>guy762_RangedDamage_sonic</li>
		  <li>guy762_MeleeDamage_sonic</li>
		  <li>guy762_GrenadeDamage_sonic</li>
		  <li>Thump</li>
        </whitelistedDamageDefs>
		<blacklistedDamageDefs>
          <li>guy762_RangedDamage_disruptor</li>
		  <li>guy762_BeamDamage_disruptor</li>
		  <li>guy762_MeleeDamage_unstoppable</li>
        </blacklistedDamageDefs>
		
		<shatterOn>
		  <li>EMP</li>
		  <li>guy762_RangedDamage_ion</li>
		  <li>guy762_ExplosiveDamage_ion</li>
		  <li>guy762_MeleeDamage_ion</li>
		  <li>guy762_GrenadeDamage_ion</li>
		</shatterOn>

        <absorbFleck>ExplosionFlash</absorbFleck>
        <breakFleck>ExplosionFlash</breakFleck>
        <shieldBreakEffecter>Shield_Break</shieldBreakEffecter>
        <absorbSound>kotorsound_shieldhit</absorbSound>
        <resetSound>kotorsound_shieldpowerup</resetSound>

        <displayGizmo>true</displayGizmo>
        <gizmoTitle>Echani shield</gizmoTitle>
        <gizmoTip>A shield hediff that blocks all energy and sonic damage.</gizmoTip>

        <minDrawSize>1.2</minDrawSize>
        <maxDrawSize>1.55</maxDrawSize>
        <scaleWithOwner>true</scaleWithOwner>
        <graphicData>
          <texPath>Other/ShieldBubble</texPath>
          <graphicClass>Graphic_Single</graphicClass>
          <shaderType>Transparent</shaderType>
          <color>(0, 0, 1.0)</color>
        </graphicData>
      </li>
	  <li Class="HediffCompProperties_Disappears">
		<disappearsAfterTicks>12000</disappearsAfterTicks>
		<showRemainingTime>true</showRemainingTime>
	  </li>
	  <li Class="HediffCompProperties_RemoveIfApparelDropped" />
    </comps>
  </HediffDef>
  



			<!--blocks all-->
  
  
  
  <HediffDef>
    <defName>guy762_EShield_arkanian</defName>
    <label>Arkanian energy shield</label>
    <description>An energy shield that blocks all incoming energy, sonic, heat, and cold damage.</description>
    <defaultLabelColor>(1.0, 0, 0)</defaultLabelColor>
    <hediffClass>HediffWithComps</hediffClass>
    <comps>
      <li Class="AthenaFramework.HediffCompProperties_Shield">
        <maxEnergy>80</maxEnergy>
        <energyRechargeRate>0.001</energyRechargeRate>
		<energyPerDamageModifier>0.35</energyPerDamageModifier>
		<resetDelay>3200</resetDelay>
		<energyOnStart>1</energyOnStart>
		<removeOnBreak>true</removeOnBreak>

		<blocksRangedDamage>true</blocksRangedDamage>
		<blocksExplosions>true</blocksExplosions>
		<blocksMeleeDamage>false</blocksMeleeDamage>
		
        <whitelistedDamageDefs>
          <li>guy762_RangedDamage_energy</li>
		  <li>guy762_BeamDamage_energy</li>
		  <li>guy762_MeleeDamage_energy</li>
		  <li>guy762_MeleeDamage_ecut</li>
		  <li>guy762_MeleeDamage_estab</li>
		  <li>guy762_ExplosiveDamage_energy</li>
		  <li>guy762_GrenadeDamage_energy</li>
		  <li>guy762_GrenadeDamage_thermaldet</li>
		  <li>Beam</li>
		  <li>guy762_RangedDamage_electrical</li>
		  <li>guy762_MeleeDamage_electrical</li>
		  <li>guy762_BeamDamage_electrical</li>
		  <li>guy762_RangedDamage_sonic</li>
		  <li>guy762_MeleeDamage_sonic</li>
		  <li>guy762_GrenadeDamage_sonic</li>
		  <li>Thump</li>
		  <li>Flame</li>
		  <li>Burn</li>
		  <li>guy762_GrenadeDamage_plasma</li>
		  <li>guy762_BeamDamage_radiation</li>
		  <li>Frostbite</li>
        </whitelistedDamageDefs>
		<blacklistedDamageDefs>
          <li>guy762_RangedDamage_disruptor</li>
		  <li>guy762_BeamDamage_disruptor</li>
		  <li>guy762_MeleeDamage_unstoppable</li>
        </blacklistedDamageDefs>
		
		<shatterOn>
		  <li>EMP</li>
		  <li>guy762_RangedDamage_ion</li>
		  <li>guy762_ExplosiveDamage_ion</li>
		  <li>guy762_MeleeDamage_ion</li>
		  <li>guy762_GrenadeDamage_ion</li>
		</shatterOn>

        <absorbFleck>ExplosionFlash</absorbFleck>
        <breakFleck>ExplosionFlash</breakFleck>
        <shieldBreakEffecter>Shield_Break</shieldBreakEffecter>
        <absorbSound>kotorsound_shieldhit</absorbSound>
        <resetSound>kotorsound_shieldpowerup</resetSound>

        <displayGizmo>true</displayGizmo>
        <gizmoTitle>Arkanian shield</gizmoTitle>
        <gizmoTip>A shield hediff that blocks all energy, sonic, heat, and cold damage.</gizmoTip>

        <minDrawSize>1.2</minDrawSize>
        <maxDrawSize>1.55</maxDrawSize>
        <scaleWithOwner>true</scaleWithOwner>
        <graphicData>
          <texPath>Other/ShieldBubble</texPath>
          <graphicClass>Graphic_Single</graphicClass>
          <shaderType>Transparent</shaderType>
          <color>(1.0, 0, 0)</color>
        </graphicData>
      </li>
	  <li Class="HediffCompProperties_Disappears">
		<disappearsAfterTicks>12000</disappearsAfterTicks>
		<showRemainingTime>true</showRemainingTime>
	  </li>
	  <li Class="HediffCompProperties_RemoveIfApparelDropped" />
    </comps>
  </HediffDef>
  

  
  <HediffDef>
    <defName>guy762_EShield_verpine</defName>
    <label>Verpine prototype shield</label>
    <description>An energy shield that blocks all incoming energy, sonic, heat, and cold damage.</description>
    <defaultLabelColor>(1.0, 1.0, 0)</defaultLabelColor>
    <hediffClass>HediffWithComps</hediffClass>
    <comps>
      <li Class="AthenaFramework.HediffCompProperties_Shield">
        <maxEnergy>170</maxEnergy>
        <energyRechargeRate>0.001</energyRechargeRate>
		<energyPerDamageModifier>0.35</energyPerDamageModifier>
		<resetDelay>3200</resetDelay>
		<energyOnStart>1</energyOnStart>
		<removeOnBreak>true</removeOnBreak>

		<blocksRangedDamage>true</blocksRangedDamage>
		<blocksExplosions>true</blocksExplosions>
		<blocksMeleeDamage>false</blocksMeleeDamage>
		
        <whitelistedDamageDefs>
          <li>guy762_RangedDamage_energy</li>
		  <li>guy762_BeamDamage_energy</li>
		  <li>guy762_MeleeDamage_energy</li>
		  <li>guy762_MeleeDamage_ecut</li>
		  <li>guy762_MeleeDamage_estab</li>
		  <li>guy762_ExplosiveDamage_energy</li>
		  <li>guy762_GrenadeDamage_energy</li>
		  <li>guy762_GrenadeDamage_thermaldet</li>
		  <li>Beam</li>
		  <li>guy762_RangedDamage_electrical</li>
		  <li>guy762_MeleeDamage_electrical</li>
		  <li>guy762_BeamDamage_electrical</li>
		  <li>guy762_RangedDamage_sonic</li>
		  <li>guy762_MeleeDamage_sonic</li>
		  <li>guy762_GrenadeDamage_sonic</li>
		  <li>Thump</li>
		  <li>Flame</li>
		  <li>Burn</li>
		  <li>guy762_GrenadeDamage_plasma</li>
		  <li>guy762_BeamDamage_radiation</li>
		  <li>Frostbite</li>
        </whitelistedDamageDefs>
		<blacklistedDamageDefs>
          <li>guy762_RangedDamage_disruptor</li>
		  <li>guy762_BeamDamage_disruptor</li>
		  <li>guy762_MeleeDamage_unstoppable</li>
        </blacklistedDamageDefs>
		
		<shatterOn>
		  <li>EMP</li>
		  <li>guy762_RangedDamage_ion</li>
		  <li>guy762_ExplosiveDamage_ion</li>
		  <li>guy762_MeleeDamage_ion</li>
		  <li>guy762_GrenadeDamage_ion</li>
		</shatterOn>

        <absorbFleck>ExplosionFlash</absorbFleck>
        <breakFleck>ExplosionFlash</breakFleck>
        <shieldBreakEffecter>Shield_Break</shieldBreakEffecter>
        <absorbSound>kotorsound_shieldhit</absorbSound>
        <resetSound>kotorsound_shieldpowerup</resetSound>

        <displayGizmo>true</displayGizmo>
        <gizmoTitle>Verpine shield</gizmoTitle>
        <gizmoTip>A shield hediff that blocks all energy, sonic, heat, and cold damage.</gizmoTip>

        <minDrawSize>1.2</minDrawSize>
        <maxDrawSize>1.55</maxDrawSize>
        <scaleWithOwner>true</scaleWithOwner>
        <graphicData>
          <texPath>Other/ShieldBubble</texPath>
          <graphicClass>Graphic_Single</graphicClass>
          <shaderType>Transparent</shaderType>
          <color>(1.0, 1.0, 0)</color>
        </graphicData>
      </li>
	  <li Class="HediffCompProperties_Disappears">
		<disappearsAfterTicks>12000</disappearsAfterTicks>
		<showRemainingTime>true</showRemainingTime>
	  </li>
	  <li Class="HediffCompProperties_RemoveIfApparelDropped" />
    </comps>
  </HediffDef>
  

  
  
  
			<!--mando-->  
  
  
  <HediffDef>
    <defName>guy762_EShield_mando1</defName>
    <label>Mandalorian melee shield</label>
    <description>An energy shield that blocks all incoming melee and kinetic damage.</description>
    <defaultLabelColor>(1.0, 0, 1.0)</defaultLabelColor>
    <hediffClass>HediffWithComps</hediffClass>
    <comps>
      <li Class="AthenaFramework.HediffCompProperties_Shield">
        <maxEnergy>50</maxEnergy>
        <energyRechargeRate>0.001</energyRechargeRate>
		<energyPerDamageModifier>0.35</energyPerDamageModifier>
		<resetDelay>3200</resetDelay>
		<energyOnStart>1</energyOnStart>
		<removeOnBreak>true</removeOnBreak>

		<blocksRangedDamage>false</blocksRangedDamage>
		<blocksExplosions>true</blocksExplosions>
		<blocksMeleeDamage>true</blocksMeleeDamage>
		
        <whitelistedDamageDefs>
          <li>Cut</li>
		  <li>Crush</li>
		  <li>Blunt</li>
		  <li>Poke</li>
		  <li>Stab</li>
		  <li>Scratch</li>
		  <li>ScratchToxic</li>
		  <li>Bite</li>
		  <li>ToxicBite</li>
		  <li>RangedStab</li>
		  <li>Bullet</li>
		  <li>Arrow</li>
		  <li>ArrowHighVelocity</li>
		  <li>TornadoScratch</li>
        </whitelistedDamageDefs>
		<blacklistedDamageDefs>
		  <li>guy762_RangedDamage_disruptor</li>
		  <li>guy762_BeamDamage_disruptor</li>
          <li>guy762_MeleeDamage_unstoppable</li>
        </blacklistedDamageDefs>
		
		<shatterOn>
		  <li>EMP</li>
		  <li>guy762_RangedDamage_ion</li>
		  <li>guy762_ExplosiveDamage_ion</li>
		  <li>guy762_MeleeDamage_ion</li>
		  <li>guy762_GrenadeDamage_ion</li>
		</shatterOn>

        <absorbFleck>ExplosionFlash</absorbFleck>
        <breakFleck>ExplosionFlash</breakFleck>
        <shieldBreakEffecter>Shield_Break</shieldBreakEffecter>
        <absorbSound>kotorsound_shieldhit</absorbSound>
        <resetSound>kotorsound_shieldpowerup</resetSound>

        <displayGizmo>true</displayGizmo>
        <gizmoTitle>melee shield</gizmoTitle>
        <gizmoTip>A shield hediff that blocks all melee and kinetic damage.</gizmoTip>

        <minDrawSize>1.2</minDrawSize>
        <maxDrawSize>1.55</maxDrawSize>
        <scaleWithOwner>true</scaleWithOwner>
        <graphicData>
          <texPath>Other/ShieldBubble</texPath>
          <graphicClass>Graphic_Single</graphicClass>
          <shaderType>Transparent</shaderType>
          <color>(1.0, 0, 1.0)</color>
        </graphicData>
      </li>
	  <li Class="HediffCompProperties_Disappears">
		<disappearsAfterTicks>12000</disappearsAfterTicks>
		<showRemainingTime>true</showRemainingTime>
	  </li>
	  <li Class="HediffCompProperties_RemoveIfApparelDropped" />
    </comps>
  </HediffDef>
  

  
  <HediffDef>
    <defName>guy762_EShield_mando2</defName>
    <label>Mandalorian power shield</label>
    <description>An energy shield that blocks all incoming energy, melee, and kinetic damage.</description>
    <defaultLabelColor>(1.0, 0, 1.0)</defaultLabelColor>
    <hediffClass>HediffWithComps</hediffClass>
    <comps>
      <li Class="AthenaFramework.HediffCompProperties_Shield">
        <maxEnergy>70</maxEnergy>
        <energyRechargeRate>0.001</energyRechargeRate>
		<energyPerDamageModifier>0.35</energyPerDamageModifier>
		<resetDelay>3200</resetDelay>
		<energyOnStart>1</energyOnStart>
		<removeOnBreak>true</removeOnBreak>

		<blocksRangedDamage>false</blocksRangedDamage>
		<blocksExplosions>true</blocksExplosions>
		<blocksMeleeDamage>true</blocksMeleeDamage>
		
        <whitelistedDamageDefs>
          <li>guy762_RangedDamage_energy</li>
		  <li>guy762_BeamDamage_energy</li>
		  <li>guy762_ExplosiveDamage_energy</li>
		  <li>guy762_GrenadeDamage_energy</li>
		  <li>guy762_GrenadeDamage_thermaldet</li>
		  <li>Beam</li>
		  <li>guy762_MeleeDamage_energy</li>
		  <li>guy762_MeleeDamage_ecut</li>
		  <li>guy762_MeleeDamage_estab</li>
		  <li>Cut</li>
		  <li>Crush</li>
		  <li>Blunt</li>
		  <li>Poke</li>
		  <li>Stab</li>
		  <li>Scratch</li>
		  <li>ScratchToxic</li>
		  <li>Bite</li>
		  <li>ToxicBite</li>
		  <li>RangedStab</li>
		  <li>Bullet</li>
		  <li>Arrow</li>
		  <li>ArrowHighVelocity</li>
		  <li>TornadoScratch</li>
        </whitelistedDamageDefs>
		<blacklistedDamageDefs>
		  <li>guy762_RangedDamage_disruptor</li>
		  <li>guy762_BeamDamage_disruptor</li>
          <li>guy762_MeleeDamage_unstoppable</li>
        </blacklistedDamageDefs>
		
		<shatterOn>
		  <li>EMP</li>
		  <li>guy762_RangedDamage_ion</li>
		  <li>guy762_ExplosiveDamage_ion</li>
		  <li>guy762_MeleeDamage_ion</li>
		  <li>guy762_GrenadeDamage_ion</li>
		</shatterOn>

        <absorbFleck>ExplosionFlash</absorbFleck>
        <breakFleck>ExplosionFlash</breakFleck>
        <shieldBreakEffecter>Shield_Break</shieldBreakEffecter>
        <absorbSound>kotorsound_shieldhit</absorbSound>
        <resetSound>kotorsound_shieldpowerup</resetSound>

        <displayGizmo>true</displayGizmo>
        <gizmoTitle>melee shield</gizmoTitle>
        <gizmoTip>A shield hediff that blocks all energy, melee, and kinetic damage.</gizmoTip>

        <minDrawSize>1.2</minDrawSize>
        <maxDrawSize>1.55</maxDrawSize>
        <scaleWithOwner>true</scaleWithOwner>
        <graphicData>
          <texPath>Other/ShieldBubble</texPath>
          <graphicClass>Graphic_Single</graphicClass>
          <shaderType>Transparent</shaderType>
          <color>(1.0, 0, 1.0)</color>
        </graphicData>
      </li>
	  <li Class="HediffCompProperties_Disappears">
		<disappearsAfterTicks>12000</disappearsAfterTicks>
		<showRemainingTime>true</showRemainingTime>
	  </li>
	  <li Class="HediffCompProperties_RemoveIfApparelDropped" />
    </comps>
  </HediffDef>
  

  
  
  
  <HediffDef>
    <defName>guy762_EShield_hapan</defName>
    <label>Hapan power shield</label>
    <description>An energy shield that blocks almost all incoming damage.</description>
    <defaultLabelColor>(0.5, 0, 1.0)</defaultLabelColor>
    <hediffClass>HediffWithComps</hediffClass>
    <comps>
      <li Class="AthenaFramework.HediffCompProperties_Shield">
        <maxEnergy>200</maxEnergy>
        <energyRechargeRate>0.001</energyRechargeRate>
		<energyPerDamageModifier>0.35</energyPerDamageModifier>
		<resetDelay>3200</resetDelay>
		<energyOnStart>1</energyOnStart>
		<removeOnBreak>true</removeOnBreak>

		<blocksRangedDamage>true</blocksRangedDamage>
		<blocksExplosions>true</blocksExplosions>
		<blocksMeleeDamage>true</blocksMeleeDamage>
		
        <!--whitelistedDamageDefs>
          <li>guy762_RangedDamage_energy</li>
		  <li>guy762_BeamDamage_energy</li>
		  <li>guy762_ExplosiveDamage_energy</li>
		  <li>guy762_GrenadeDamage_energy</li>
		  <li>guy762_GrenadeDamage_thermaldet</li>
		  <li>Beam</li>
		  <li>guy762_MeleeDamage_energy</li>
		  <li>guy762_MeleeDamage_ecut</li>
		  <li>guy762_MeleeDamage_estab</li>
		  <li>Cut</li>
		  <li>Crush</li>
		  <li>Blunt</li>
		  <li>Poke</li>
		  <li>Stab</li>
		  <li>Scratch</li>
		  <li>ScratchToxic</li>
		  <li>Bite</li>
		  <li>ToxicBite</li>
		  <li>RangedStab</li>
		  <li>Bullet</li>
		  <li>Arrow</li>
		  <li>ArrowHighVelocity</li>
		  <li>TornadoScratch</li>
        </whitelistedDamageDefs-->
		<blacklistedDamageDefs>
		  <li>guy762_RangedDamage_disruptor</li>
		  <li>guy762_BeamDamage_disruptor</li>
          <li>guy762_MeleeDamage_unstoppable</li>
        </blacklistedDamageDefs>
		
		<shatterOn>
		  <li>EMP</li>
		  <li>guy762_RangedDamage_ion</li>
		  <li>guy762_ExplosiveDamage_ion</li>
		  <li>guy762_MeleeDamage_ion</li>
		  <li>guy762_GrenadeDamage_ion</li>
		</shatterOn>

        <absorbFleck>ExplosionFlash</absorbFleck>
        <breakFleck>ExplosionFlash</breakFleck>
        <shieldBreakEffecter>Shield_Break</shieldBreakEffecter>
        <absorbSound>kotorsound_shieldhit</absorbSound>
        <resetSound>kotorsound_shieldpowerup</resetSound>

        <displayGizmo>true</displayGizmo>
        <gizmoTitle>Hapan shield</gizmoTitle>
        <gizmoTip>A shield hediff that blocks almost all damage.</gizmoTip>

        <minDrawSize>1.2</minDrawSize>
        <maxDrawSize>1.55</maxDrawSize>
        <scaleWithOwner>true</scaleWithOwner>
        <graphicData>
          <texPath>Other/ShieldBubble</texPath>
          <graphicClass>Graphic_Single</graphicClass>
          <shaderType>Transparent</shaderType>
          <color>(0.5, 0, 1.0)</color>
        </graphicData>
      </li>
	  <li Class="HediffCompProperties_Disappears">
		<disappearsAfterTicks>12000</disappearsAfterTicks>
		<showRemainingTime>true</showRemainingTime>
	  </li>
	  <li Class="HediffCompProperties_RemoveIfApparelDropped" />
    </comps>
  </HediffDef>
  






</Defs>