<?xml version="1.0" encoding="utf-8" ?>
<Defs>

	<ThingDef Name="guy762_underlayupgradebase" ParentName="ResourceBase" Abstract="True">
		<resourceReadoutPriority>Middle</resourceReadoutPriority>
		<stackLimit>1</stackLimit>
		<useHitPoints>true</useHitPoints>
		<statBases>
		  <MaxHitPoints>50</MaxHitPoints>
		  <Flammability>0.4</Flammability>
		</statBases>
		<thingCategories>
		  <li>guy762_weaponmod</li>
		</thingCategories>
		<drawGUIOverlay>false</drawGUIOverlay>
		<tradeability>All</tradeability>
		<techLevel>Spacer</techLevel>
	</ThingDef>
	
	<ThingDef Name="guy762_overlayupgradebase" ParentName="ResourceBase" Abstract="True">
		<soundInteract>Metal_Drop</soundInteract>
		<soundDrop>Standard_Drop</soundDrop>
		<resourceReadoutPriority>Middle</resourceReadoutPriority>
		<stackLimit>1</stackLimit>
		<useHitPoints>true</useHitPoints>
		<statBases>
		  <MaxHitPoints>100</MaxHitPoints>
		  <Flammability>0</Flammability>
		</statBases>
		<thingCategories>
		  <li>guy762_weaponmod</li>
		</thingCategories>
		<drawGUIOverlay>false</drawGUIOverlay>
		<tradeability>All</tradeability>
		<techLevel>Spacer</techLevel>
	</ThingDef>
	
	
	
			<!--underlay-->
	
	
	
	<ThingDef ParentName="guy762_underlayupgradebase">
		<defName>guy762_underlayitem_armorweave</defName>
		<label>Armorweave underlay</label>
		<description>Underlay can have a variety of effects on the armor to which it is applied. Use of this armor modification requires a gunsmith or Aratech workbench, and an upgradeable armor.</description>
		<graphicData>
		  <texPath>Items/Upgrades/Armor/underlay_armorweave</texPath>
		  <graphicClass>Graphic_Single</graphicClass>
		</graphicData>
		<statBases>
		  <MarketValue>237</MarketValue>
		  <Mass>0.2</Mass>
		</statBases>
		<tradeTags>
		  <li>guy762TT_armormod_basic</li>
		</tradeTags>
	</ThingDef>
	
	<ThingDef ParentName="guy762_underlayupgradebase">
		<defName>guy762_underlayitem_environment</defName>
		<label>environment underlay</label>
		<description>Underlay can have a variety of effects on the armor to which it is applied. Use of this armor modification requires a gunsmith or Aratech workbench, and an upgradeable armor.</description>
		<graphicData>
		  <texPath>Items/Upgrades/Armor/underlay_environment</texPath>
		  <graphicClass>Graphic_Single</graphicClass>
		</graphicData>
		<statBases>
		  <MarketValue>170</MarketValue>
		  <Mass>0.4</Mass>
		</statBases>
		<tradeTags>
		  <li>guy762TT_armormod_basic</li>
		</tradeTags>
	</ThingDef>
	
	<ThingDef ParentName="guy762_underlayupgradebase">
		<defName>guy762_underlayitem_durasteel</defName>
		<label>Durasteel underlay</label>
		<description>Underlay can have a variety of effects on the armor to which it is applied. Use of this armor modification requires a gunsmith or Aratech workbench, and an upgradeable armor.</description>
		<graphicData>
		  <texPath>Items/Upgrades/Armor/underlay_durasteel</texPath>
		  <graphicClass>Graphic_Single</graphicClass>
		</graphicData>
		<statBases>
		  <MarketValue>325</MarketValue>
		  <Mass>0.4</Mass>
		</statBases>
		<tradeTags>
		  <li>guy762TT_armormod_basic</li>
		</tradeTags>
	</ThingDef>
	
	<ThingDef ParentName="guy762_underlayupgradebase">
		<defName>guy762_underlayitem_regen</defName>
		<label>Biorestorative underlay</label>
		<description>Underlay can have a variety of effects on the armor to which it is applied. Use of this armor modification requires a gunsmith or Aratech workbench, and an upgradeable armor.</description>
		<graphicData>
		  <texPath>Items/Upgrades/Armor/underlay_biorestorative</texPath>
		  <graphicClass>Graphic_Single</graphicClass>
		</graphicData>
		<statBases>
		  <MarketValue>367</MarketValue>
		  <Mass>0.2</Mass>
		</statBases>
		<tradeTags>
		  <li>guy762TT_armormod_adv</li>
		</tradeTags>
		<thingSetMakerTags>
		  <li>RewardStandardMidFreq</li>
		</thingSetMakerTags>
	</ThingDef>
	
	<ThingDef ParentName="guy762_underlayupgradebase">
		<defName>guy762_underlayitem_flex</defName>
		<label>flexible underlay</label>
		<description>Underlay can have a variety of effects on the armor to which it is applied. Use of this armor modification requires a gunsmith or Aratech workbench, and an upgradeable armor.</description>
		<graphicData>
		  <texPath>Items/Upgrades/Armor/underlay_flex</texPath>
		  <graphicClass>Graphic_Single</graphicClass>
		</graphicData>
		<statBases>
		  <MarketValue>475</MarketValue>
		  <Mass>0.2</Mass>
		</statBases>
		<tradeTags>
		  <li>guy762TT_armormod_adv</li>
		</tradeTags>
		<thingSetMakerTags>
		  <li>RewardStandardMidFreq</li>
		</thingSetMakerTags>
	</ThingDef>
	
	<ThingDef ParentName="guy762_underlayupgradebase">
		<defName>guy762_underlayitem_strength</defName>
		<label>strengthening underlay</label>
		<description>Underlay can have a variety of effects on the armor to which it is applied. Use of this armor modification requires a gunsmith or Aratech workbench, and an upgradeable armor.</description>
		<graphicData>
		  <texPath>Items/Upgrades/Armor/underlay_strength</texPath>
		  <graphicClass>Graphic_Single</graphicClass>
		</graphicData>
		<statBases>
		  <MarketValue>445</MarketValue>
		  <Mass>0.2</Mass>
		</statBases>
		<tradeTags>
		  <li>guy762TT_armormod_adv</li>
		</tradeTags>
		<thingSetMakerTags>
		  <li>RewardStandardMidFreq</li>
		</thingSetMakerTags>
	</ThingDef>
	
	<ThingDef ParentName="guy762_underlayupgradebase">
		<defName>guy762_underlayitem_force</defName>
		<label>Forceweave underlay</label>
		<description>Underlay can have a variety of effects on the armor to which it is applied. Use of this armor modification requires a gunsmith or Aratech workbench, and an upgradeable armor.</description>
		<graphicData>
		  <texPath>Items/Upgrades/Armor/underlay_force</texPath>
		  <graphicClass>Graphic_Single</graphicClass>
		</graphicData>
		<statBases>
		  <MarketValue>800</MarketValue>
		  <Mass>0.2</Mass>
		</statBases>
		<tradeTags>
		  <li>guy762TT_JediApparel</li>
		</tradeTags>
		<thingSetMakerTags>
		  <li>RewardStandardLowFreq</li>
		</thingSetMakerTags>
	</ThingDef>
	
	
	
	
	
			<!--overlay-->
			
			
			
	<ThingDef ParentName="guy762_overlayupgradebase">
		<defName>guy762_overlayitem_heat</defName>
		<label>heat shielding</label>
		<description>Alloy overlays can enhance armor performance. Use of this armor modification requires a gunsmith or Aratech workbench, and an upgradeable armor.</description>
		<graphicData>
		  <texPath>Items/Upgrades/Armor/overlay_heat</texPath>
		  <graphicClass>Graphic_Single</graphicClass>
		</graphicData>
		<statBases>
		  <MarketValue>100</MarketValue>
		  <Mass>0.4</Mass>
		</statBases>
		<tradeTags>
		  <li>guy762TT_armormod_basic</li>
		</tradeTags>
	</ThingDef>
	
	<ThingDef ParentName="guy762_overlayupgradebase">
		<defName>guy762_overlayitem_energy</defName>
		<label>energy shielding</label>
		<description>Alloy overlays can enhance armor performance. Use of this armor modification requires a gunsmith or Aratech workbench, and an upgradeable armor.</description>
		<graphicData>
		  <texPath>Items/Upgrades/Armor/overlay_energy</texPath>
		  <graphicClass>Graphic_Single</graphicClass>
		</graphicData>
		<statBases>
		  <MarketValue>207</MarketValue>
		  <Mass>0.4</Mass>
		</statBases>
		<tradeTags>
		  <li>guy762TT_armormod_basic</li>
		</tradeTags>
	</ThingDef>
	
	<ThingDef ParentName="guy762_overlayupgradebase">
		<defName>guy762_overlayitem_ballistic</defName>
		<label>ballistic shielding</label>
		<description>Alloy overlays can enhance armor performance. Use of this armor modification requires a gunsmith or Aratech workbench, and an upgradeable armor.</description>
		<graphicData>
		  <texPath>Items/Upgrades/Armor/overlay_ballistic</texPath>
		  <graphicClass>Graphic_Single</graphicClass>
		</graphicData>
		<statBases>
		  <MarketValue>245</MarketValue>
		  <Mass>0.4</Mass>
		</statBases>
		<tradeTags>
		  <li>guy762TT_armormod_basic</li>
		</tradeTags>
	</ThingDef>
	
	<ThingDef ParentName="guy762_overlayupgradebase">
		<defName>guy762_overlayitem_armorply</defName>
		<label>Armorply plating</label>
		<description>Alloy overlays can enhance armor performance. Use of this armor modification requires a gunsmith or Aratech workbench, and an upgradeable armor.</description>
		<graphicData>
		  <texPath>Items/Upgrades/Armor/overlay_armorply</texPath>
		  <graphicClass>Graphic_Single</graphicClass>
		</graphicData>
		<statBases>
		  <MarketValue>351</MarketValue>
		  <Mass>0.4</Mass>
		</statBases>
		<tradeTags>
		  <li>guy762TT_armormod_adv</li>
		</tradeTags>
	</ThingDef>
	
	<ThingDef ParentName="guy762_overlayupgradebase">
		<defName>guy762_overlayitem_ablative</defName>
		<label>ablative plating</label>
		<description>Alloy overlays can enhance armor performance. Use of this armor modification requires a gunsmith or Aratech workbench, and an upgradeable armor.</description>
		<graphicData>
		  <texPath>Items/Upgrades/Armor/overlay_ablative</texPath>
		  <graphicClass>Graphic_Single</graphicClass>
		</graphicData>
		<statBases>
		  <MarketValue>395</MarketValue>
		  <Mass>0.6</Mass>
		</statBases>
		<tradeTags>
		  <li>guy762TT_armormod_adv</li>
		</tradeTags>
	</ThingDef>
	
	<ThingDef ParentName="guy762_overlayupgradebase">
		<defName>guy762_overlayitem_bonded</defName>
		<label>bonded plates</label>
		<description>Alloy overlays can enhance armor performance. Use of this armor modification requires a gunsmith or Aratech workbench, and an upgradeable armor.</description>
		<graphicData>
		  <texPath>Items/Upgrades/Armor/overlay_bonded</texPath>
		  <graphicClass>Graphic_Single</graphicClass>
		</graphicData>
		<statBases>
		  <MarketValue>475</MarketValue>
		  <Mass>0.6</Mass>
		</statBases>
		<tradeTags>
		  <li>guy762TT_armormod_adv</li>
		</tradeTags>
	</ThingDef>
	
	<ThingDef ParentName="guy762_overlayupgradebase">
		<defName>guy762_overlayitem_hvybonded</defName>
		<label>heavy bonded plates</label>
		<description>Alloy overlays can enhance armor performance. Use of this armor modification requires a gunsmith or Aratech workbench, and an upgradeable armor.</description>
		<graphicData>
		  <texPath>Items/Upgrades/Armor/overlay_hvybonded</texPath>
		  <graphicClass>Graphic_Single</graphicClass>
		</graphicData>
		<statBases>
		  <MarketValue>605</MarketValue>
		  <Mass>0.8</Mass>
		</statBases>
		<tradeTags>
		  <li>guy762TT_armormod_adv</li>
		</tradeTags>
	</ThingDef>
	
	<ThingDef ParentName="guy762_overlayupgradebase">
		<defName>guy762_overlayitem_beskar</defName>
		<label>Beskar plating</label>
		<description>Alloy overlays can enhance armor performance. Use of this armor modification requires a gunsmith or Aratech workbench, and an upgradeable armor.</description>
		<graphicData>
		  <texPath>Items/Upgrades/Armor/overlay_beskar</texPath>
		  <graphicClass>Graphic_Single</graphicClass>
		</graphicData>
		<statBases>
		  <MarketValue>1000</MarketValue>
		  <Mass>0.8</Mass>
		</statBases>
		<tradeTags>
		  <li>guy762TT_MNCArmor</li>
		</tradeTags>
	</ThingDef>

	
	
</Defs>